sample_id,speaker_id,age,gender,region,education_level,english_learning_years,task_type,speech_duration_sec,word_count,speaking_rate_wpm,pause_count,pronunciation_score,fluency_score,intonation_score,overall_score,target_level
AUD_0,1102,31,Female,Henan,High School,5,Reading,23.27,107,137.89,5,82,61,60,69.10000000000001,Medium
AUD_1,1435,41,Female,Shanghai,High School,14,Reading,41.78,63,141.42,8,82,95,84,86.5,High
AUD_2,1860,40,Female,Sichuan,Undergraduate,14,Reading,35.56,122,128.25,11,67,51,51,57.4,Low
AUD_3,1270,44,Female,Hubei,High School,5,Spontaneous,28.18,88,111.66,7,54,52,52,52.800000000000004,Low
AUD_4,1106,39,Female,Sichuan,Undergraduate,3,Reading,30.79,171,176.43,10,80,50,64,66.2,Medium
AUD_5,1071,24,Male,Shanghai,Postgraduate,4,Spontaneous,78.49,193,127.21,14,65,84,90,78.2,High
AUD_6,1700,38,Male,Zhejiang,Undergraduate,9,Spontaneous,67.83,121,155.46,8,51,73,96,71.1,Medium
AUD_7,1020,24,Female,Jiangsu,Postgraduate,5,Spontaneous,53.89,161,106.56,4,58,96,77,75.1,High
AUD_8,1614,18,Male,Shanghai,Undergraduate,9,Reading,83.62,100,164.05,8,51,97,51,64.8,Medium
AUD_9,1121,34,Male,Shanghai,Postgraduate,7,Spontaneous,22.07,192,109.43,11,86,83,79,83.0,High
AUD_10,1466,26,Female,Hubei,High School,12,Spontaneous,44.15,138,150.78,6,69,69,87,74.39999999999999,Medium
AUD_11,1214,38,Male,Guangdong,Undergraduate,10,Spontaneous,77.64,87,135.58,3,66,65,54,62.10000000000001,Medium
AUD_12,1330,30,Male,Henan,Undergraduate,7,Reading,63.98,154,103.19,11,74,79,55,69.8,Medium
AUD_13,1458,38,Female,Zhejiang,Postgraduate,5,Spontaneous,88.72,128,92.25,4,68,96,54,72.2,Medium
AUD_14,1087,36,Male,Shanghai,Postgraduate,11,Reading,86.12,138,173.77,7,91,88,61,81.1,High
AUD_15,1372,38,Female,Jiangsu,Undergraduate,9,Spontaneous,31.9,120,101.31,14,57,74,53,60.9,Medium
AUD_16,1099,36,Female,Beijing,Postgraduate,7,Spontaneous,88.04,139,153.45,7,60,54,73,62.1,Medium
AUD_17,1871,42,Male,Zhejiang,High School,9,Reading,86.19,121,148.74,8,62,78,74,70.4,Medium
AUD_18,1663,42,Male,Guangdong,Undergraduate,13,Reading,46.15,198,120.75,7,62,86,75,73.1,Medium
AUD_19,1130,39,Male,Sichuan,High School,12,Spontaneous,88.8,65,106.68,10,58,77,95,74.8,Medium
AUD_20,1661,34,Female,Shanghai,Undergraduate,11,Reading,22.51,160,106.05,6,54,90,95,77.1,High
AUD_21,1308,40,Female,Jiangsu,High School,7,Spontaneous,66.25,116,142.68,6,67,72,92,76.0,High
AUD_22,1769,40,Female,Zhejiang,Undergraduate,9,Spontaneous,38.63,114,139.22,9,89,81,82,84.5,High
AUD_23,1343,27,Male,Jiangsu,Postgraduate,13,Reading,29.06,62,168.83,9,63,95,70,74.7,Medium
AUD_24,1491,27,Male,Jiangsu,Undergraduate,11,Reading,60.43,167,147.6,2,83,67,72,74.89999999999999,Medium
AUD_25,1413,21,Female,Henan,High School,3,Reading,41.44,110,163.73,4,71,90,86,81.2,High
AUD_26,1805,25,Male,Hubei,Undergraduate,6,Spontaneous,66.68,81,92.92,14,97,84,86,89.8,High
AUD_27,1385,39,Male,Sichuan,High School,3,Spontaneous,57.8,189,150.39,7,82,92,61,78.7,High
AUD_28,1191,37,Female,Guangdong,High School,10,Spontaneous,47.48,144,111.03,7,73,73,86,76.9,High
AUD_29,1955,37,Female,Henan,High School,5,Reading,32.73,90,112.76,2,78,96,70,81.0,High
AUD_30,1276,35,Male,Zhejiang,Postgraduate,4,Reading,62.09,185,154.85,3,62,77,62,66.5,Medium
AUD_31,1160,31,Female,Shanghai,Undergraduate,6,Reading,78.05,74,161.41,11,99,85,92,92.69999999999999,High
AUD_32,1459,35,Male,Guangdong,High School,13,Spontaneous,62.0,182,123.46,8,76,70,82,76.0,High
AUD_33,1313,31,Female,Shanghai,Postgraduate,5,Reading,62.74,94,161.11,2,50,54,93,64.1,Medium
AUD_34,1021,37,Female,Beijing,High School,13,Reading,55.83,179,129.94,11,56,75,55,61.400000000000006,Medium
AUD_35,1252,38,Female,Jiangsu,Undergraduate,7,Spontaneous,47.18,52,167.19,6,53,99,92,78.5,High
AUD_36,1747,41,Male,Beijing,Postgraduate,10,Reading,52.02,199,92.24,2,59,72,61,63.5,Medium
AUD_37,1856,32,Male,Hubei,High School,12,Reading,89.27,153,97.51,7,89,93,87,89.6,High
AUD_38,1560,39,Female,Jiangsu,High School,10,Spontaneous,72.48,82,159.87,8,84,82,79,81.9,High
AUD_39,1474,21,Female,Sichuan,High School,13,Spontaneous,50.14,81,146.17,9,88,75,86,83.5,High
AUD_40,1058,30,Female,Guangdong,Undergraduate,9,Spontaneous,52.01,160,140.31,14,65,71,67,67.39999999999999,Medium
AUD_41,1510,44,Male,Shanghai,Postgraduate,10,Spontaneous,54.97,66,145.26,13,76,69,65,70.6,Medium
AUD_42,1681,40,Female,Henan,Postgraduate,7,Spontaneous,66.15,169,173.72,4,69,51,94,71.1,Medium
AUD_43,1475,25,Female,Hubei,Postgraduate,12,Spontaneous,52.62,131,149.0,4,59,90,56,67.4,Medium
AUD_44,1699,35,Female,Sichuan,High School,12,Reading,68.03,52,148.27,12,94,67,95,86.2,High
AUD_45,1975,29,Female,Shanghai,Postgraduate,13,Reading,43.04,119,158.35,2,82,54,50,64.0,Medium
AUD_46,1782,40,Male,Guangdong,High School,14,Spontaneous,48.74,167,168.0,13,56,81,77,69.8,Medium
AUD_47,1189,31,Male,Zhejiang,Undergraduate,13,Spontaneous,80.48,80,113.57,4,91,95,93,92.80000000000001,High
AUD_48,1957,19,Female,Hubei,Postgraduate,8,Reading,43.02,198,145.51,6,93,60,52,70.8,Medium
AUD_49,1686,35,Male,Beijing,High School,10,Spontaneous,87.51,65,142.56,7,95,70,99,88.7,High
AUD_50,1957,41,Male,Beijing,Postgraduate,3,Spontaneous,32.08,66,102.14,4,71,71,92,77.3,High
AUD_51,1562,19,Male,Henan,Postgraduate,8,Reading,36.92,145,136.83,5,92,52,88,78.80000000000001,High
AUD_52,1875,28,Female,Shanghai,Undergraduate,8,Reading,52.46,178,96.26,6,66,58,59,61.5,Medium
AUD_53,1566,26,Male,Shanghai,Postgraduate,13,Spontaneous,75.82,161,106.65,6,58,51,94,66.7,Medium
AUD_54,1243,29,Male,Shanghai,Undergraduate,7,Spontaneous,71.21,151,172.17,10,89,95,63,83.0,High
AUD_55,1831,34,Male,Hubei,Postgraduate,6,Reading,32.21,121,100.73,9,59,77,64,65.9,Medium
AUD_56,1504,32,Female,Guangdong,Postgraduate,3,Spontaneous,36.57,115,142.1,2,85,83,55,75.4,High
AUD_57,1130,42,Female,Zhejiang,Postgraduate,13,Reading,60.27,160,119.11,3,80,59,88,76.1,High
AUD_58,1484,34,Male,Beijing,Postgraduate,12,Reading,40.66,86,139.98,13,80,68,94,80.6,High
AUD_59,1818,43,Male,Sichuan,Postgraduate,13,Spontaneous,49.56,140,111.15,6,54,78,65,64.5,Medium
AUD_60,1646,43,Female,Jiangsu,Postgraduate,10,Reading,54.06,133,129.99,13,67,51,96,70.9,Medium
AUD_61,1020,35,Female,Hubei,Undergraduate,8,Reading,61.6,160,168.06,4,55,97,67,71.19999999999999,Medium
AUD_62,1840,39,Male,Hubei,Undergraduate,5,Reading,37.57,111,123.86,8,91,55,84,78.1,High
AUD_63,1166,23,Male,Guangdong,High School,14,Spontaneous,31.42,70,121.77,12,99,93,97,96.6,High
AUD_64,1273,34,Female,Beijing,Postgraduate,5,Spontaneous,47.9,155,130.15,7,77,56,74,69.8,Medium
AUD_65,1387,40,Female,Henan,Undergraduate,14,Spontaneous,25.74,86,99.04,3,92,85,82,86.9,High
AUD_66,1600,41,Male,Zhejiang,Postgraduate,8,Reading,56.87,84,124.86,9,73,57,82,70.89999999999999,Medium
AUD_67,1315,35,Female,Guangdong,Postgraduate,14,Reading,78.77,192,90.62,6,54,68,68,62.4,Medium
AUD_68,1013,25,Male,Sichuan,Undergraduate,9,Spontaneous,28.33,163,135.31,7,77,59,87,74.6,Medium
AUD_69,1241,26,Male,Beijing,Postgraduate,10,Reading,27.89,143,166.31,9,52,82,60,63.4,Medium
AUD_70,1776,23,Male,Guangdong,Undergraduate,7,Reading,25.62,53,139.69,14,67,86,88,79.0,High
AUD_71,1345,22,Female,Beijing,Undergraduate,12,Spontaneous,79.35,156,144.7,7,53,87,52,62.9,Medium
AUD_72,1564,29,Male,Beijing,High School,8,Reading,25.65,128,92.75,11,89,76,87,84.5,High
AUD_73,1897,42,Male,Henan,High School,14,Reading,88.84,72,167.36,4,98,78,50,77.6,High
AUD_74,1339,28,Female,Hubei,High School,3,Reading,45.08,154,124.65,14,91,68,89,83.5,High
AUD_75,1091,42,Female,Zhejiang,High School,8,Reading,43.01,64,177.74,8,81,67,74,74.7,Medium
AUD_76,1366,18,Male,Hubei,Postgraduate,11,Reading,26.41,189,100.84,5,81,72,81,78.3,High
AUD_77,1955,28,Male,Jiangsu,Postgraduate,12,Reading,60.99,177,175.02,14,68,50,95,70.7,Medium
AUD_78,1454,36,Female,Zhejiang,High School,6,Spontaneous,61.01,131,147.09,7,78,92,85,84.3,High
AUD_79,1427,26,Female,Beijing,Undergraduate,12,Spontaneous,54.57,170,94.71,7,82,52,53,64.30000000000001,Medium
AUD_80,1508,44,Female,Guangdong,Undergraduate,3,Reading,41.77,137,177.45,12,51,59,72,59.7,Low
AUD_81,1775,19,Male,Sichuan,Undergraduate,13,Spontaneous,45.8,128,91.25,6,60,56,65,60.3,Medium
AUD_82,1942,29,Male,Henan,Undergraduate,11,Spontaneous,42.44,68,155.76,14,96,98,60,85.80000000000001,High
AUD_83,1034,21,Male,Zhejiang,Postgraduate,6,Spontaneous,49.83,118,170.06,2,82,75,71,76.60000000000001,High
AUD_84,1205,21,Female,Jiangsu,Undergraduate,4,Reading,43.93,181,105.82,9,90,65,88,81.9,High
AUD_85,1080,35,Male,Beijing,Undergraduate,3,Spontaneous,67.29,59,120.9,14,89,88,82,86.6,High
AUD_86,1931,32,Female,Sichuan,High School,5,Reading,40.71,189,140.51,11,50,94,90,75.2,High
AUD_87,1561,36,Male,Zhejiang,Undergraduate,9,Spontaneous,44.56,184,151.18,3,91,81,87,86.8,High
AUD_88,1871,30,Female,Hubei,Postgraduate,13,Spontaneous,50.48,93,168.47,5,66,61,62,63.3,Medium
AUD_89,1387,36,Male,Hubei,Undergraduate,12,Reading,20.28,51,158.5,14,99,93,70,88.5,High
AUD_90,1001,34,Male,Zhejiang,Undergraduate,4,Spontaneous,54.45,143,122.7,13,65,57,61,61.39999999999999,Medium
AUD_91,1389,23,Female,Zhejiang,Postgraduate,11,Reading,37.91,165,163.95,4,51,57,75,60.0,Medium
AUD_92,1565,33,Female,Zhejiang,High School,14,Spontaneous,23.93,118,176.95,7,98,94,98,96.80000000000001,High
AUD_93,1105,41,Male,Sichuan,Postgraduate,13,Spontaneous,83.77,197,110.43,12,53,60,50,54.2,Low
AUD_94,1771,29,Female,Hubei,High School,4,Spontaneous,42.57,157,96.67,2,81,82,90,84.0,High
AUD_95,1821,36,Female,Guangdong,Undergraduate,7,Spontaneous,49.83,119,128.4,10,56,74,71,65.9,Medium
AUD_96,1476,22,Male,Jiangsu,High School,10,Reading,77.91,123,169.33,6,78,66,76,73.8,Medium
AUD_97,1702,34,Female,Jiangsu,High School,14,Reading,31.68,129,103.53,6,58,80,81,71.5,Medium
AUD_98,1401,43,Male,Henan,High School,12,Spontaneous,79.52,147,169.72,5,84,68,57,71.1,Medium
AUD_99,1729,40,Male,Beijing,Undergraduate,10,Reading,36.91,149,179.3,5,54,94,83,74.69999999999999,Medium
AUD_100,1555,43,Female,Shanghai,High School,5,Spontaneous,61.23,107,94.86,14,99,64,67,78.89999999999999,High
AUD_101,1161,18,Female,Guangdong,High School,4,Reading,68.0,182,134.57,14,70,93,53,71.8,Medium
AUD_102,1201,44,Male,Hubei,Undergraduate,11,Reading,83.35,196,119.6,2,66,98,50,70.8,Medium
AUD_103,1957,42,Male,Beijing,Postgraduate,5,Reading,62.53,81,125.43,10,88,84,93,88.30000000000001,High
AUD_104,1995,41,Male,Henan,Postgraduate,10,Spontaneous,51.73,170,130.65,10,63,88,65,71.1,Medium
AUD_105,1269,40,Male,Beijing,Postgraduate,4,Reading,60.06,52,156.57,14,81,51,79,71.39999999999999,Medium
AUD_106,1862,27,Male,Zhejiang,Undergraduate,5,Reading,34.15,178,143.22,5,64,83,72,72.1,Medium
AUD_107,1815,32,Male,Shanghai,Undergraduate,3,Spontaneous,68.24,97,176.51,11,70,74,80,74.2,Medium
AUD_108,1270,40,Female,Hubei,Postgraduate,13,Spontaneous,33.08,182,119.95,11,63,87,77,74.39999999999999,Medium
AUD_109,1455,38,Female,Shanghai,High School,8,Spontaneous,59.01,126,138.74,5,90,53,99,81.6,High
AUD_110,1461,38,Female,Guangdong,Postgraduate,9,Reading,65.33,60,163.2,13,65,65,86,71.3,Medium
AUD_111,1726,28,Male,Shanghai,Undergraduate,6,Reading,82.9,71,123.57,8,50,81,65,63.8,Medium
AUD_112,1251,30,Female,Beijing,High School,3,Reading,51.51,61,131.88,5,89,64,90,81.8,High
AUD_113,1701,22,Male,Shanghai,High School,5,Reading,74.27,102,151.65,2,67,91,58,71.5,Medium
AUD_114,1295,18,Male,Shanghai,Undergraduate,11,Reading,31.73,104,167.47,12,83,63,51,67.4,Medium
AUD_115,1724,41,Female,Jiangsu,High School,7,Reading,30.93,102,127.41,14,75,90,95,85.5,High
AUD_116,1719,29,Male,Hubei,Postgraduate,8,Spontaneous,56.74,70,137.88,10,85,64,92,80.8,High
AUD_117,1748,28,Male,Hubei,Undergraduate,6,Reading,61.74,68,177.76,3,70,56,51,60.099999999999994,Medium
AUD_118,1337,34,Male,Beijing,Undergraduate,3,Reading,64.26,137,93.82,6,50,56,81,61.099999999999994,Medium
AUD_119,1878,21,Male,Sichuan,Undergraduate,7,Reading,72.2,143,130.34,5,76,57,65,67.0,Medium
AUD_120,1052,32,Male,Shanghai,Undergraduate,7,Spontaneous,40.65,115,147.24,9,60,68,62,63.0,Medium
AUD_121,1791,42,Male,Shanghai,High School,7,Reading,63.58,108,90.76,7,87,67,98,84.30000000000001,High
AUD_122,1921,26,Female,Zhejiang,Undergraduate,8,Spontaneous,33.17,108,143.71,8,63,66,76,67.8,Medium
AUD_123,1216,38,Male,Hubei,Undergraduate,13,Reading,35.33,52,95.06,3,77,67,80,74.9,Medium
AUD_124,1763,37,Male,Shanghai,High School,4,Spontaneous,24.71,165,167.18,5,76,68,82,75.39999999999999,High
AUD_125,1187,36,Male,Hubei,Undergraduate,3,Spontaneous,72.29,107,162.64,5,71,89,70,76.1,High
AUD_126,1379,36,Male,Shanghai,High School,4,Spontaneous,55.49,111,92.9,13,70,62,68,67.0,Medium
AUD_127,1492,29,Female,Jiangsu,High School,12,Reading,36.67,195,94.39,14,73,60,97,76.3,High
AUD_128,1040,22,Female,Beijing,Undergraduate,8,Spontaneous,58.94,175,157.83,3,68,56,62,62.599999999999994,Medium
AUD_129,1156,27,Male,Hubei,Postgraduate,7,Reading,44.8,86,123.26,11,73,76,68,72.4,Medium
AUD_130,1014,34,Male,Guangdong,Undergraduate,7,Spontaneous,78.6,162,141.75,5,75,86,84,81.0,High
AUD_131,1812,22,Male,Beijing,Postgraduate,14,Reading,56.97,144,114.33,10,74,54,84,71.0,Medium
AUD_132,1064,39,Female,Zhejiang,High School,14,Spontaneous,22.09,127,105.57,9,94,57,82,79.3,High
AUD_133,1856,33,Female,Beijing,Postgraduate,8,Spontaneous,88.96,191,116.65,12,93,59,52,70.5,Medium
AUD_134,1838,24,Female,Shanghai,Undergraduate,12,Reading,25.2,154,112.2,2,78,86,97,86.1,High
AUD_135,1520,26,Female,Zhejiang,Undergraduate,9,Spontaneous,68.72,54,130.35,14,59,75,70,67.1,Medium
AUD_136,1343,20,Male,Beijing,Postgraduate,11,Reading,50.61,144,157.2,9,60,64,89,69.9,Medium
AUD_137,1128,32,Female,Henan,Undergraduate,9,Spontaneous,37.45,178,139.87,12,73,65,72,70.3,Medium
AUD_138,1647,33,Female,Zhejiang,Postgraduate,4,Spontaneous,67.35,112,144.83,10,73,78,97,81.7,High
AUD_139,1471,35,Male,Henan,High School,8,Reading,28.81,69,132.31,9,61,77,94,75.7,High
AUD_140,1062,31,Male,Guangdong,Postgraduate,11,Reading,80.08,92,119.23,11,56,59,94,68.3,Medium
AUD_141,1138,20,Female,Beijing,Postgraduate,9,Reading,37.54,134,102.92,2,89,89,60,80.3,High
AUD_142,1498,29,Female,Hubei,Postgraduate,4,Spontaneous,45.3,143,121.91,9,66,53,53,58.199999999999996,Low
AUD_143,1592,26,Female,Hubei,Postgraduate,5,Reading,64.29,91,149.87,13,84,95,53,78.0,High
AUD_144,1391,24,Female,Sichuan,High School,10,Reading,20.07,157,156.04,6,55,89,64,67.9,Medium
AUD_145,1674,26,Male,Shanghai,High School,13,Spontaneous,53.09,143,132.23,10,61,63,77,66.39999999999999,Medium
AUD_146,1418,30,Male,Henan,High School,11,Reading,82.6,123,148.05,10,64,93,85,79.0,High
AUD_147,1288,35,Female,Zhejiang,Postgraduate,6,Reading,67.63,158,108.95,7,81,82,57,74.1,Medium
AUD_148,1378,22,Female,Sichuan,High School,11,Spontaneous,47.15,164,167.41,4,72,67,73,70.8,Medium
AUD_149,1772,30,Female,Sichuan,Undergraduate,4,Spontaneous,66.23,174,167.93,13,56,61,83,65.6,Medium
AUD_150,1489,21,Female,Jiangsu,High School,13,Spontaneous,85.56,55,118.83,8,87,59,64,71.7,Medium
AUD_151,1230,19,Female,Henan,Postgraduate,7,Spontaneous,33.15,172,139.29,4,80,70,72,74.6,Medium
AUD_152,1040,33,Male,Zhejiang,Undergraduate,13,Spontaneous,57.23,91,144.6,8,78,82,76,78.6,High
AUD_153,1027,26,Male,Sichuan,Postgraduate,4,Reading,36.43,107,132.52,9,93,63,63,75.0,High
AUD_154,1134,26,Male,Jiangsu,Undergraduate,13,Spontaneous,79.8,59,172.0,6,77,58,51,63.5,Medium
AUD_155,1200,23,Female,Sichuan,Postgraduate,3,Spontaneous,70.47,138,156.57,6,61,75,84,72.10000000000001,Medium
AUD_156,1839,28,Female,Shanghai,Postgraduate,7,Spontaneous,76.08,127,150.53,5,76,64,92,77.2,High
AUD_157,1779,39,Male,Guangdong,Undergraduate,4,Reading,86.01,160,136.81,4,53,70,56,59.0,Low
AUD_158,1929,41,Male,Henan,High School,9,Reading,36.26,88,97.64,13,70,71,65,68.8,Medium
AUD_159,1032,39,Female,Jiangsu,Undergraduate,10,Reading,23.41,190,99.7,9,58,95,71,73.0,Medium
AUD_160,1047,18,Male,Guangdong,Undergraduate,4,Reading,40.36,60,116.91,12,98,90,77,89.3,High
AUD_161,1502,21,Female,Zhejiang,Undergraduate,9,Spontaneous,47.94,159,109.04,7,83,92,81,85.1,High
AUD_162,1406,30,Female,Shanghai,Undergraduate,6,Spontaneous,63.76,65,175.73,7,86,54,56,67.39999999999999,Medium
AUD_163,1573,40,Male,Jiangsu,Undergraduate,3,Spontaneous,75.84,82,126.88,3,70,93,71,77.2,High
AUD_164,1727,30,Male,Zhejiang,Postgraduate,13,Reading,44.49,108,168.89,5,72,65,92,75.89999999999999,High
AUD_165,1804,30,Male,Sichuan,Postgraduate,5,Spontaneous,53.14,100,163.63,6,73,84,51,69.7,Medium
AUD_166,1098,19,Female,Hubei,High School,13,Reading,74.98,64,163.13,12,59,54,57,56.89999999999999,Low
AUD_167,1683,26,Female,Beijing,High School,14,Reading,35.77,92,109.41,11,87,75,56,74.10000000000001,Medium
AUD_168,1871,41,Male,Zhejiang,Undergraduate,3,Reading,35.2,76,130.26,6,55,75,87,70.6,Medium
AUD_169,1725,25,Female,Guangdong,High School,7,Spontaneous,61.25,105,118.62,4,70,54,97,73.3,Medium
AUD_170,1986,24,Female,Shanghai,High School,10,Spontaneous,50.52,170,177.34,11,86,99,70,85.1,High
AUD_171,1546,21,Female,Shanghai,Undergraduate,3,Spontaneous,86.42,162,168.91,6,78,85,92,84.3,High
AUD_172,1960,35,Male,Zhejiang,Postgraduate,11,Spontaneous,44.99,109,112.49,6,89,73,71,78.8,High
AUD_173,1738,20,Female,Sichuan,Postgraduate,5,Reading,73.17,164,118.22,3,70,64,84,72.4,Medium
AUD_174,1612,23,Male,Beijing,High School,7,Spontaneous,60.82,158,137.6,6,71,79,67,72.2,Medium
AUD_175,1942,29,Male,Henan,Postgraduate,11,Reading,23.82,161,115.07,4,84,54,58,67.19999999999999,Medium
AUD_176,1461,29,Female,Guangdong,Postgraduate,7,Reading,25.91,149,164.21,4,95,89,98,94.1,High
AUD_177,1642,38,Male,Zhejiang,High School,11,Reading,34.22,57,163.73,6,54,97,51,66.0,Medium
AUD_178,1768,25,Female,Zhejiang,Undergraduate,12,Reading,30.02,184,155.19,10,64,71,91,74.2,Medium
AUD_179,1004,39,Male,Hubei,High School,10,Reading,43.06,130,152.04,3,90,82,91,87.89999999999999,High
AUD_180,1217,39,Male,Shanghai,High School,9,Reading,60.53,179,139.26,10,96,54,66,74.4,Medium
AUD_181,1502,18,Female,Guangdong,High School,13,Reading,62.17,194,121.24,4,68,81,89,78.2,High
AUD_182,1766,21,Male,Beijing,Undergraduate,3,Spontaneous,61.14,170,165.32,14,65,99,69,76.4,High
AUD_183,1397,38,Male,Shanghai,Undergraduate,6,Spontaneous,28.23,53,167.29,13,89,97,55,81.2,High
AUD_184,1870,28,Male,Zhejiang,Undergraduate,11,Reading,62.02,75,94.46,8,96,72,60,78.0,High
AUD_185,1794,20,Female,Shanghai,Undergraduate,12,Spontaneous,48.68,127,125.88,13,92,59,54,70.7,Medium
AUD_186,1392,30,Female,Shanghai,High School,10,Spontaneous,83.21,121,92.4,2,72,85,59,72.0,Medium
AUD_187,1206,42,Male,Jiangsu,Postgraduate,6,Spontaneous,83.84,182,165.55,2,53,99,72,72.5,Medium
AUD_188,1014,34,Male,Shanghai,High School,14,Spontaneous,73.77,177,105.94,9,70,66,82,72.39999999999999,Medium
AUD_189,1857,39,Male,Sichuan,Undergraduate,3,Reading,69.22,54,150.65,10,73,76,89,78.7,High
AUD_190,1553,39,Female,Shanghai,Postgraduate,12,Spontaneous,28.05,140,122.16,4,91,94,85,90.1,High
AUD_191,1891,27,Female,Henan,High School,6,Reading,25.93,118,163.45,7,75,57,88,73.5,Medium
AUD_192,1460,38,Male,Sichuan,Postgraduate,5,Reading,78.86,52,135.87,4,91,89,96,91.89999999999999,High
AUD_193,1690,29,Female,Guangdong,Undergraduate,8,Spontaneous,49.89,143,119.2,7,51,93,83,73.19999999999999,Medium
AUD_194,1574,32,Female,Shanghai,Postgraduate,13,Spontaneous,51.6,50,119.15,8,89,99,66,85.1,High
AUD_195,1863,38,Female,Beijing,Postgraduate,7,Reading,79.35,185,119.42,6,57,55,75,61.8,Medium
AUD_196,1742,27,Female,Sichuan,Undergraduate,7,Reading,63.5,62,160.97,4,58,56,97,69.1,Medium
AUD_197,1240,31,Male,Sichuan,Postgraduate,4,Spontaneous,32.56,161,154.0,9,51,75,76,65.7,Medium
AUD_198,1563,30,Female,Zhejiang,High School,14,Spontaneous,34.77,57,118.73,14,63,66,95,73.5,Medium
AUD_199,1095,22,Female,Guangdong,Postgraduate,5,Reading,20.45,162,134.12,6,69,86,52,69.0,Medium
AUD_200,1899,23,Male,Shanghai,High School,13,Spontaneous,69.75,128,96.85,2,51,72,68,62.4,Medium
AUD_201,1733,41,Male,Hubei,Postgraduate,8,Reading,53.99,171,164.48,13,53,76,57,61.099999999999994,Medium
AUD_202,1484,19,Female,Beijing,Postgraduate,4,Reading,86.5,123,113.94,10,84,89,66,80.1,High
AUD_203,1406,39,Female,Zhejiang,Undergraduate,6,Reading,69.98,176,170.03,4,63,68,99,75.3,High
AUD_204,1230,34,Male,Guangdong,Undergraduate,4,Reading,27.22,162,143.71,3,70,76,50,65.8,Medium
AUD_205,1748,21,Male,Henan,High School,11,Spontaneous,31.31,101,141.1,4,97,74,56,77.8,High
AUD_206,1654,31,Male,Sichuan,Undergraduate,5,Reading,55.12,170,104.64,8,64,89,85,77.8,High
AUD_207,1170,27,Female,Beijing,Undergraduate,12,Reading,84.74,82,96.26,13,88,74,52,73.0,Medium
AUD_208,1540,20,Female,Henan,Undergraduate,12,Spontaneous,37.31,122,139.74,12,99,70,68,81.0,High
AUD_209,1035,42,Male,Shanghai,Undergraduate,8,Spontaneous,77.79,145,132.12,13,69,74,91,77.1,High
AUD_210,1524,20,Female,Hubei,Undergraduate,3,Reading,41.86,86,100.77,11,55,56,76,61.599999999999994,Medium
AUD_211,1159,32,Male,Jiangsu,High School,13,Spontaneous,38.89,118,165.2,9,77,84,52,71.6,Medium
AUD_212,1838,23,Female,Jiangsu,High School,12,Spontaneous,83.1,181,127.55,3,97,55,83,80.2,High
AUD_213,1698,34,Male,Guangdong,Undergraduate,5,Reading,23.31,109,113.44,14,92,89,54,79.7,High
AUD_214,1242,29,Male,Hubei,Undergraduate,10,Spontaneous,66.25,123,160.94,8,51,99,98,79.5,High
AUD_215,1085,39,Female,Beijing,High School,7,Spontaneous,23.02,80,172.18,12,77,64,86,75.8,High
AUD_216,1795,37,Female,Zhejiang,Postgraduate,10,Spontaneous,76.05,63,117.54,6,83,73,95,83.6,High
AUD_217,1577,41,Female,Beijing,High School,4,Spontaneous,78.06,109,159.84,10,63,98,65,74.1,Medium
AUD_218,1681,28,Female,Hubei,Postgraduate,9,Spontaneous,82.53,117,148.73,8,58,53,63,58.0,Low
AUD_219,1556,42,Female,Henan,Undergraduate,11,Reading,33.03,177,179.08,2,72,56,79,69.3,Medium
AUD_220,1573,21,Female,Sichuan,Undergraduate,9,Spontaneous,28.71,75,108.36,2,93,79,81,85.2,High
AUD_221,1952,43,Male,Jiangsu,High School,5,Reading,55.25,186,176.46,7,84,66,94,81.60000000000001,High
AUD_222,1645,43,Female,Guangdong,Undergraduate,9,Reading,39.01,84,118.37,10,71,87,61,72.8,Medium
AUD_223,1795,23,Male,Shanghai,Postgraduate,10,Spontaneous,62.44,155,127.08,2,54,79,76,68.1,Medium
AUD_224,1027,18,Male,Beijing,Postgraduate,3,Spontaneous,55.96,73,122.29,4,90,94,75,86.7,High
AUD_225,1619,37,Female,Jiangsu,High School,5,Spontaneous,30.14,132,114.16,14,78,88,97,86.7,High
AUD_226,1555,40,Male,Zhejiang,Postgraduate,7,Spontaneous,71.75,85,152.39,6,84,58,78,74.4,Medium
AUD_227,1339,33,Male,Guangdong,High School,14,Spontaneous,76.26,150,143.02,5,99,68,72,81.6,High
AUD_228,1797,32,Female,Shanghai,High School,8,Spontaneous,87.41,83,117.51,2,83,62,98,81.19999999999999,High
AUD_229,1957,34,Female,Beijing,Postgraduate,5,Spontaneous,47.69,170,101.9,11,53,96,71,71.3,Medium
AUD_230,1330,25,Female,Zhejiang,Postgraduate,6,Spontaneous,43.64,88,118.56,5,94,98,69,87.7,High
AUD_231,1639,43,Male,Shanghai,Postgraduate,7,Spontaneous,33.46,72,124.31,5,98,86,87,91.1,High
AUD_232,1505,29,Female,Sichuan,Postgraduate,5,Spontaneous,32.66,129,124.26,12,58,68,95,72.1,Medium
AUD_233,1347,44,Female,Jiangsu,Postgraduate,6,Spontaneous,42.47,119,122.15,13,63,55,65,61.2,Medium
AUD_234,1472,39,Female,Sichuan,Postgraduate,7,Spontaneous,88.73,108,94.39,11,94,61,80,79.9,High
AUD_235,1230,38,Female,Jiangsu,Postgraduate,4,Reading,26.46,71,131.76,14,54,64,52,56.4,Low
AUD_236,1189,27,Male,Zhejiang,Undergraduate,12,Spontaneous,38.16,158,165.26,5,99,96,70,89.4,High
AUD_237,1224,44,Female,Henan,High School,11,Reading,26.02,160,106.23,4,96,52,88,80.4,High
AUD_238,1384,32,Male,Sichuan,High School,12,Reading,39.15,137,103.11,8,76,53,54,62.5,Medium
AUD_239,1376,26,Female,Jiangsu,Postgraduate,10,Spontaneous,26.47,89,132.47,2,60,86,69,70.5,Medium
AUD_240,1282,19,Male,Guangdong,High School,14,Reading,55.58,134,123.35,3,79,87,72,79.3,High
AUD_241,1957,22,Male,Zhejiang,Postgraduate,8,Spontaneous,50.68,143,140.52,2,86,55,81,75.2,High
AUD_242,1632,23,Male,Jiangsu,Undergraduate,12,Spontaneous,32.18,60,175.24,5,88,98,91,91.89999999999999,High
AUD_243,1627,24,Female,Beijing,High School,13,Reading,32.24,166,158.48,6,83,77,58,73.69999999999999,Medium
AUD_244,1972,38,Male,Jiangsu,High School,5,Spontaneous,63.83,58,151.84,12,73,57,52,61.9,Medium
AUD_245,1744,42,Female,Sichuan,Undergraduate,13,Reading,47.1,61,127.43,11,65,80,76,72.8,Medium
AUD_246,1258,18,Female,Guangdong,Undergraduate,4,Reading,23.93,87,115.86,6,79,70,76,75.4,High
AUD_247,1358,40,Female,Shanghai,Undergraduate,9,Spontaneous,84.41,180,138.62,3,73,94,59,75.10000000000001,High
AUD_248,1709,43,Female,Henan,High School,10,Reading,48.35,175,169.69,12,52,78,65,63.7,Medium
AUD_249,1455,24,Female,Shanghai,High School,12,Reading,61.37,192,168.91,4,78,64,73,72.30000000000001,Medium
AUD_250,1410,37,Male,Jiangsu,Undergraduate,3,Spontaneous,81.98,182,130.1,5,91,98,72,87.39999999999999,High
AUD_251,1648,42,Female,Shanghai,Undergraduate,8,Reading,48.15,103,112.16,11,61,73,58,63.699999999999996,Medium
AUD_252,1317,29,Male,Jiangsu,Undergraduate,9,Spontaneous,77.45,73,110.28,7,76,70,51,66.7,Medium
AUD_253,1676,33,Male,Guangdong,Undergraduate,11,Spontaneous,84.03,188,93.06,7,78,98,55,77.1,High
AUD_254,1224,33,Male,Shanghai,Undergraduate,14,Spontaneous,32.18,170,165.84,13,51,72,86,67.8,Medium
AUD_255,1818,28,Male,Sichuan,Postgraduate,5,Spontaneous,82.47,168,113.84,3,78,80,84,80.4,High
AUD_256,1233,38,Male,Sichuan,Undergraduate,4,Reading,28.39,123,122.31,3,89,83,56,77.3,High
AUD_257,1683,21,Male,Beijing,Postgraduate,7,Spontaneous,39.26,170,162.83,10,58,77,64,65.5,Medium
AUD_258,1663,30,Male,Jiangsu,High School,12,Reading,76.57,177,100.8,13,93,81,70,82.5,High
AUD_259,1974,24,Female,Shanghai,High School,3,Reading,83.05,93,131.51,3,77,71,87,78.2,High
AUD_260,1826,21,Male,Sichuan,Postgraduate,8,Spontaneous,67.89,139,101.01,3,86,52,85,75.5,High
AUD_261,1373,32,Female,Hubei,Undergraduate,11,Spontaneous,27.34,61,129.77,4,72,58,72,67.8,Medium
AUD_262,1671,36,Male,Guangdong,High School,12,Spontaneous,56.61,52,94.24,10,62,55,78,64.69999999999999,Medium
AUD_263,1607,26,Male,Henan,Undergraduate,11,Reading,60.08,99,136.59,7,54,50,62,55.2,Low
AUD_264,1471,28,Male,Guangdong,Undergraduate,9,Spontaneous,39.73,157,161.61,12,81,71,54,69.9,Medium
AUD_265,1232,25,Male,Hubei,Postgraduate,13,Reading,89.39,65,150.87,13,77,53,96,75.5,High
AUD_266,1691,18,Female,Hubei,High School,9,Spontaneous,43.49,76,135.83,7,64,94,88,80.19999999999999,High
AUD_267,1112,40,Female,Beijing,High School,10,Spontaneous,34.72,172,164.59,13,73,57,88,72.69999999999999,Medium
AUD_268,1829,42,Female,Guangdong,Postgraduate,12,Reading,27.71,119,110.5,11,81,86,91,85.5,High
AUD_269,1496,41,Male,Guangdong,Undergraduate,4,Reading,46.5,91,164.77,6,70,91,94,83.5,High
AUD_270,1441,25,Male,Shanghai,Undergraduate,8,Spontaneous,68.48,187,114.87,8,54,68,92,69.6,Medium
AUD_271,1563,30,Male,Jiangsu,High School,7,Spontaneous,36.2,174,122.62,12,86,93,50,77.3,High
AUD_272,1267,39,Female,Zhejiang,Postgraduate,7,Spontaneous,73.87,185,101.56,5,85,50,69,69.7,Medium
AUD_273,1509,44,Male,Henan,Postgraduate,5,Reading,29.48,195,99.16,11,77,90,92,85.39999999999999,High
AUD_274,1806,21,Female,Guangdong,Undergraduate,5,Spontaneous,50.83,194,173.89,11,81,73,50,69.3,Medium
AUD_275,1385,25,Female,Henan,Undergraduate,8,Spontaneous,69.17,107,107.1,4,72,97,84,83.1,High
AUD_276,1386,20,Male,Henan,Postgraduate,14,Reading,29.47,155,120.0,8,65,66,89,72.5,Medium
AUD_277,1112,26,Male,Henan,High School,12,Spontaneous,61.85,115,137.62,11,99,81,94,92.10000000000001,High
AUD_278,1612,19,Female,Guangdong,Undergraduate,12,Reading,75.93,133,121.31,2,59,99,56,70.1,Medium
AUD_279,1624,19,Female,Zhejiang,Postgraduate,9,Reading,61.69,58,168.31,7,78,63,84,75.3,High
AUD_280,1951,30,Female,Guangdong,Postgraduate,3,Spontaneous,55.8,154,171.06,14,76,66,83,75.1,High
AUD_281,1080,32,Male,Shanghai,Postgraduate,5,Spontaneous,78.68,138,119.34,12,84,81,99,87.60000000000001,High
AUD_282,1698,40,Male,Shanghai,High School,14,Reading,88.98,138,98.28,12,91,82,54,77.2,High
AUD_283,1112,29,Male,Zhejiang,Undergraduate,3,Reading,32.69,137,108.91,12,94,79,78,84.69999999999999,High
AUD_284,1001,43,Male,Sichuan,Undergraduate,12,Spontaneous,68.39,55,132.7,3,73,96,99,87.7,High
AUD_285,1641,21,Male,Guangdong,Undergraduate,5,Reading,25.65,172,115.96,3,72,83,97,82.8,High
AUD_286,1219,43,Male,Sichuan,High School,7,Reading,23.0,123,130.81,12,52,77,76,66.7,Medium
AUD_287,1565,25,Female,Henan,Undergraduate,11,Spontaneous,39.66,152,158.28,9,85,73,56,72.7,Medium
AUD_288,1854,26,Female,Guangdong,Undergraduate,5,Reading,87.96,195,127.86,4,94,63,50,71.5,Medium
AUD_289,1996,40,Female,Jiangsu,Undergraduate,12,Reading,58.65,82,107.73,10,63,83,58,67.5,Medium
AUD_290,1735,22,Male,Guangdong,Undergraduate,12,Reading,38.78,196,122.22,5,53,96,96,78.8,High
AUD_291,1224,41,Female,Shanghai,High School,11,Reading,29.28,136,156.87,7,93,50,50,67.2,Medium
AUD_292,1384,37,Male,Beijing,Postgraduate,3,Reading,84.41,118,128.17,2,97,71,76,82.9,High
AUD_293,1402,35,Male,Hubei,Postgraduate,8,Reading,45.37,173,112.46,12,91,82,66,80.8,High
AUD_294,1637,28,Female,Beijing,Undergraduate,11,Spontaneous,41.47,75,128.47,11,81,93,81,84.6,High
AUD_295,1129,32,Male,Beijing,Undergraduate,14,Spontaneous,80.06,55,130.93,11,69,96,90,83.4,High
AUD_296,1052,39,Female,Beijing,Undergraduate,7,Spontaneous,62.31,88,116.67,4,66,67,79,70.2,Medium
AUD_297,1683,26,Female,Hubei,High School,13,Spontaneous,31.8,53,179.61,5,78,96,64,79.2,High
AUD_298,1729,34,Male,Sichuan,Undergraduate,12,Reading,49.51,177,159.09,6,88,88,91,88.9,High
AUD_299,1671,44,Female,Hubei,High School,4,Spontaneous,84.98,107,152.32,14,81,61,77,73.8,Medium
AUD_300,1709,43,Female,Sichuan,Undergraduate,7,Reading,83.08,97,166.94,2,53,59,52,54.50000000000001,Low
AUD_301,1415,29,Female,Hubei,Undergraduate,3,Spontaneous,24.91,109,149.98,5,73,51,77,67.6,Medium
AUD_302,1246,24,Female,Hubei,Postgraduate,11,Reading,38.8,75,161.19,6,93,51,54,68.7,Medium
AUD_303,1835,27,Male,Guangdong,Undergraduate,12,Spontaneous,30.82,126,127.13,5,91,55,51,68.2,Medium
AUD_304,1438,42,Female,Sichuan,High School,12,Reading,57.37,135,135.03,11,51,69,87,67.2,Medium
AUD_305,1202,43,Female,Guangdong,Postgraduate,11,Spontaneous,72.5,172,94.23,11,63,87,65,70.8,Medium
AUD_306,1183,42,Female,Jiangsu,High School,8,Spontaneous,40.69,105,115.26,8,89,77,93,86.6,High
AUD_307,1122,27,Male,Guangdong,Postgraduate,13,Spontaneous,73.06,88,123.12,9,91,91,66,83.5,High
AUD_308,1400,44,Female,Beijing,High School,11,Spontaneous,66.81,130,146.29,13,87,52,61,68.7,Medium
AUD_309,1766,30,Male,Zhejiang,Postgraduate,5,Spontaneous,70.98,74,131.78,9,83,97,75,84.8,High
AUD_310,1293,36,Female,Zhejiang,High School,6,Reading,86.38,176,144.71,4,95,86,98,93.19999999999999,High
AUD_311,1279,28,Female,Shanghai,High School,8,Spontaneous,49.72,198,154.2,14,92,86,56,79.4,High
AUD_312,1836,30,Female,Shanghai,Undergraduate,6,Reading,43.98,74,93.84,6,51,91,73,69.6,Medium
AUD_313,1883,38,Male,Henan,Postgraduate,3,Spontaneous,67.87,138,113.24,11,85,74,65,75.7,High
AUD_314,1609,25,Male,Guangdong,Postgraduate,9,Spontaneous,76.53,71,105.38,9,55,72,67,63.69999999999999,Medium
AUD_315,1197,25,Male,Hubei,Undergraduate,7,Spontaneous,33.4,72,106.87,8,85,62,57,69.69999999999999,Medium
AUD_316,1981,21,Male,Hubei,High School,10,Reading,79.28,79,135.28,10,71,73,76,73.1,Medium
AUD_317,1906,32,Male,Zhejiang,High School,11,Spontaneous,24.05,152,156.6,14,54,52,75,59.7,Low
AUD_318,1510,28,Male,Beijing,Postgraduate,7,Spontaneous,20.45,126,114.55,11,87,99,80,88.5,High
AUD_319,1751,28,Female,Sichuan,High School,10,Reading,31.09,122,164.2,8,90,87,67,82.19999999999999,High
AUD_320,1143,18,Male,Beijing,Postgraduate,3,Reading,88.51,192,170.32,3,71,77,51,66.8,Medium
AUD_321,1608,34,Female,Henan,Postgraduate,3,Reading,56.65,144,121.55,5,97,75,90,88.30000000000001,High
AUD_322,1200,32,Male,Beijing,High School,9,Reading,23.26,144,151.32,13,60,69,72,66.3,Medium
AUD_323,1123,37,Male,Guangdong,High School,8,Spontaneous,89.8,187,100.53,13,92,76,97,88.7,High
AUD_324,1186,23,Male,Guangdong,High School,7,Reading,72.14,166,156.96,9,80,50,98,76.4,High
AUD_325,1325,41,Female,Jiangsu,Undergraduate,7,Reading,78.66,86,104.85,10,91,59,91,81.39999999999999,High
AUD_326,1463,39,Male,Henan,Postgraduate,11,Spontaneous,34.91,56,151.87,8,78,59,71,70.2,Medium
AUD_327,1348,42,Male,Beijing,High School,3,Reading,27.38,173,127.97,6,82,50,82,72.4,Medium
AUD_328,1770,32,Female,Hubei,Undergraduate,10,Reading,56.06,81,173.56,2,71,81,67,72.8,Medium
AUD_329,1659,26,Female,Hubei,High School,4,Reading,74.05,60,131.8,10,98,81,64,82.7,High
AUD_330,1763,31,Female,Henan,Postgraduate,9,Spontaneous,64.64,158,92.78,13,76,92,90,85.0,High
AUD_331,1954,35,Female,Beijing,Undergraduate,8,Reading,64.17,141,133.26,7,57,76,52,61.2,Medium
AUD_332,1931,43,Male,Guangdong,Postgraduate,12,Reading,73.0,97,161.59,3,97,62,97,86.5,High
AUD_333,1402,34,Female,Guangdong,High School,4,Reading,35.89,94,148.24,12,55,66,72,63.39999999999999,Medium
AUD_334,1345,35,Male,Jiangsu,High School,14,Spontaneous,66.31,144,176.97,11,95,77,96,89.89999999999999,High
AUD_335,1962,22,Male,Jiangsu,High School,5,Spontaneous,47.45,82,165.89,11,74,74,51,67.1,Medium
AUD_336,1510,37,Female,Shanghai,Undergraduate,6,Reading,24.88,167,137.39,3,83,99,91,90.2,High
AUD_337,1146,37,Male,Henan,Undergraduate,9,Spontaneous,34.15,181,108.59,11,58,85,53,64.6,Medium
AUD_338,1147,26,Female,Zhejiang,Undergraduate,10,Reading,75.58,96,90.34,2,85,96,75,85.3,High
AUD_339,1863,28,Male,Beijing,Undergraduate,13,Spontaneous,82.72,171,178.25,13,80,51,68,67.69999999999999,Medium
AUD_340,1710,41,Female,Henan,High School,4,Spontaneous,39.8,102,174.45,5,68,81,98,80.9,High
AUD_341,1819,39,Female,Hubei,High School,10,Reading,33.33,175,114.67,11,98,81,59,81.2,High
AUD_342,1488,18,Female,Beijing,High School,13,Reading,21.87,76,147.44,12,50,55,71,57.8,Low
AUD_343,1928,35,Female,Jiangsu,Undergraduate,11,Reading,86.34,138,155.63,14,73,80,55,69.7,Medium
AUD_344,1935,23,Female,Jiangsu,Undergraduate,9,Spontaneous,67.87,85,142.02,3,83,58,50,65.6,Medium
AUD_345,1639,44,Female,Shanghai,High School,3,Reading,86.99,150,165.87,11,66,92,92,81.6,High
AUD_346,1550,19,Male,Zhejiang,High School,8,Spontaneous,80.47,171,97.0,12,83,65,65,72.2,Medium
AUD_347,1337,32,Male,Shanghai,Undergraduate,10,Spontaneous,43.83,174,170.68,10,84,74,56,72.6,Medium
AUD_348,1871,43,Male,Hubei,Postgraduate,7,Reading,27.89,108,125.28,3,85,89,73,82.6,High
AUD_349,1640,38,Female,Zhejiang,High School,14,Spontaneous,54.93,72,133.26,12,62,77,84,73.1,Medium
AUD_350,1778,31,Male,Sichuan,High School,4,Spontaneous,21.88,148,130.03,10,74,66,63,68.30000000000001,Medium
AUD_351,1987,22,Female,Beijing,High School,7,Reading,30.49,117,137.82,2,61,80,53,64.30000000000001,Medium
AUD_352,1952,23,Male,Shanghai,Undergraduate,10,Spontaneous,36.34,141,143.84,8,70,72,90,76.6,High
AUD_353,1472,23,Male,Jiangsu,High School,4,Spontaneous,66.6,154,153.93,7,86,80,64,77.6,High
AUD_354,1945,39,Female,Shanghai,High School,3,Reading,55.69,91,137.24,7,95,75,93,88.4,High
AUD_355,1150,35,Male,Sichuan,High School,6,Reading,41.17,190,151.63,3,87,53,97,79.8,High
AUD_356,1414,31,Male,Shanghai,High School,6,Reading,59.53,178,120.45,2,50,88,72,68.0,Medium
AUD_357,1989,27,Male,Beijing,High School,11,Spontaneous,28.76,102,174.3,11,97,92,68,86.80000000000001,High
AUD_358,1297,31,Female,Sichuan,Postgraduate,5,Spontaneous,72.9,139,95.81,9,55,92,63,68.5,Medium
AUD_359,1610,30,Male,Henan,Postgraduate,6,Spontaneous,69.84,165,139.1,9,94,92,76,88.0,High
AUD_360,1262,20,Female,Henan,High School,5,Reading,35.16,136,97.87,3,94,64,85,82.3,High
AUD_361,1763,23,Male,Henan,High School,4,Spontaneous,62.45,162,129.85,5,60,86,87,75.89999999999999,High
AUD_362,1143,25,Male,Jiangsu,High School,6,Spontaneous,55.23,199,113.18,14,65,87,71,73.39999999999999,Medium
AUD_363,1345,29,Male,Jiangsu,High School,10,Spontaneous,24.26,164,174.32,14,71,72,60,68.0,Medium
AUD_364,1623,30,Male,Henan,Undergraduate,3,Reading,39.47,169,91.18,5,95,54,53,70.1,Medium
AUD_365,1571,28,Female,Henan,Undergraduate,10,Reading,89.96,77,125.21,3,60,90,81,75.3,High
AUD_366,1880,29,Male,Henan,Undergraduate,10,Reading,26.97,102,160.38,12,86,92,89,88.7,High
AUD_367,1001,18,Female,Guangdong,Postgraduate,5,Spontaneous,55.45,166,106.96,10,75,74,90,79.2,High
AUD_368,1896,34,Female,Henan,High School,12,Spontaneous,79.45,194,163.4,13,75,79,73,75.6,High
AUD_369,1303,33,Male,Sichuan,Undergraduate,12,Reading,41.05,113,167.38,5,91,75,83,83.8,High
AUD_370,1253,28,Male,Guangdong,High School,14,Reading,38.25,55,153.72,5,70,52,52,59.2,Low
AUD_371,1651,30,Female,Guangdong,High School,14,Spontaneous,82.36,191,108.82,5,75,53,87,72.0,Medium
AUD_372,1452,35,Female,Beijing,Postgraduate,8,Reading,41.34,163,114.48,6,64,96,51,69.7,Medium
AUD_373,1036,28,Male,Shanghai,Postgraduate,6,Spontaneous,65.6,177,105.02,11,88,67,72,76.89999999999999,High
AUD_374,1159,29,Male,Jiangsu,Undergraduate,3,Reading,71.82,66,106.57,13,84,86,89,86.10000000000001,High
AUD_375,1008,23,Male,Jiangsu,Undergraduate,3,Reading,75.2,87,93.28,13,60,60,69,62.7,Medium
AUD_376,1232,26,Male,Shanghai,Postgraduate,7,Reading,89.63,62,167.16,9,58,60,57,58.3,Low
AUD_377,1098,33,Male,Jiangsu,Postgraduate,14,Spontaneous,76.22,161,137.57,5,91,85,84,87.1,High
AUD_378,1658,21,Female,Shanghai,High School,10,Reading,65.99,186,119.5,4,72,65,98,77.69999999999999,High
AUD_379,1815,20,Male,Sichuan,High School,3,Spontaneous,82.68,176,116.06,12,53,92,92,76.39999999999999,High
AUD_380,1207,33,Male,Beijing,Undergraduate,4,Reading,83.4,155,139.02,2,79,74,52,69.39999999999999,Medium
AUD_381,1130,41,Female,Henan,Undergraduate,9,Reading,88.12,126,119.4,3,77,50,81,70.1,Medium
AUD_382,1403,44,Male,Beijing,Postgraduate,10,Spontaneous,74.35,68,167.73,5,74,75,80,76.1,High
AUD_383,1151,43,Male,Hubei,Undergraduate,14,Spontaneous,33.64,127,108.99,10,71,94,93,84.5,High
AUD_384,1053,42,Female,Beijing,High School,5,Reading,69.69,169,169.41,2,74,79,95,81.8,High
AUD_385,1119,29,Male,Shanghai,Postgraduate,13,Spontaneous,25.26,128,149.77,7,75,55,80,70.5,Medium
AUD_386,1672,28,Female,Hubei,High School,14,Reading,42.26,125,176.1,7,99,76,50,77.4,High
AUD_387,1919,22,Male,Shanghai,Postgraduate,10,Spontaneous,28.11,150,91.36,11,78,68,61,69.9,Medium
AUD_388,1627,42,Male,Henan,Postgraduate,3,Spontaneous,86.5,124,95.32,4,95,87,67,84.19999999999999,High
AUD_389,1586,35,Male,Zhejiang,High School,11,Reading,43.71,169,135.08,11,90,94,73,86.1,High
AUD_390,1624,36,Female,Hubei,Undergraduate,14,Reading,69.93,188,172.11,10,81,92,85,85.5,High
AUD_391,1967,40,Female,Henan,Undergraduate,4,Spontaneous,59.99,132,155.77,11,75,68,78,73.8,Medium
AUD_392,1419,40,Female,Henan,Undergraduate,4,Spontaneous,27.53,75,145.99,4,77,88,74,79.4,High
AUD_393,1421,23,Female,Jiangsu,Undergraduate,6,Reading,59.29,177,92.84,2,69,93,72,77.1,High
AUD_394,1103,39,Male,Jiangsu,High School,14,Spontaneous,66.27,194,121.87,3,97,81,52,78.7,High
AUD_395,1851,35,Female,Zhejiang,Postgraduate,12,Spontaneous,81.71,132,121.13,5,51,97,79,73.2,Medium
AUD_396,1253,43,Female,Zhejiang,High School,5,Spontaneous,24.91,93,138.79,5,72,50,66,63.599999999999994,Medium
AUD_397,1226,23,Female,Beijing,Undergraduate,6,Spontaneous,40.69,133,113.2,3,88,74,94,85.60000000000001,High
AUD_398,1111,21,Male,Henan,Undergraduate,8,Reading,68.46,74,114.04,11,54,96,98,79.8,High
AUD_399,1509,29,Male,Zhejiang,High School,9,Reading,22.4,86,145.88,7,70,62,79,70.3,Medium
AUD_400,1472,36,Female,Shanghai,Postgraduate,7,Spontaneous,34.25,161,175.01,7,71,59,98,75.5,High
AUD_401,1098,44,Female,Henan,High School,4,Spontaneous,35.31,51,149.42,4,98,67,68,79.69999999999999,High
AUD_402,1152,19,Male,Guangdong,High School,5,Reading,66.85,147,150.13,2,60,85,54,65.7,Medium
AUD_403,1860,34,Female,Shanghai,High School,12,Spontaneous,40.02,81,178.76,11,79,71,89,79.60000000000001,High
AUD_404,1913,28,Female,Hubei,Postgraduate,13,Spontaneous,61.97,138,103.81,10,77,55,83,72.19999999999999,Medium
AUD_405,1895,28,Female,Zhejiang,High School,5,Spontaneous,87.57,86,93.05,5,85,76,58,74.19999999999999,Medium
AUD_406,1877,38,Female,Jiangsu,High School,7,Spontaneous,75.53,164,157.1,10,66,57,88,69.9,Medium
AUD_407,1337,33,Male,Shanghai,Undergraduate,14,Spontaneous,43.3,190,129.49,6,70,73,97,79.0,High
AUD_408,1705,19,Male,Jiangsu,High School,13,Reading,53.07,52,128.59,8,86,69,93,83.0,High
AUD_409,1821,19,Male,Shanghai,Undergraduate,14,Spontaneous,34.05,89,110.28,4,85,71,75,77.8,High
AUD_410,1162,40,Female,Jiangsu,Undergraduate,7,Spontaneous,21.1,123,135.62,4,74,58,54,63.2,Medium
AUD_411,1719,25,Female,Sichuan,Undergraduate,6,Spontaneous,40.28,115,129.8,9,73,89,73,77.80000000000001,High
AUD_412,1956,30,Male,Shanghai,Postgraduate,10,Reading,45.86,109,121.09,2,79,99,80,85.3,High
AUD_413,1680,27,Male,Hubei,Undergraduate,8,Spontaneous,59.51,60,129.85,9,91,88,73,84.69999999999999,High
AUD_414,1995,25,Male,Jiangsu,High School,8,Spontaneous,86.08,169,124.55,9,84,68,70,75.0,High
AUD_415,1160,21,Female,Guangdong,High School,3,Reading,86.35,178,174.59,4,70,99,71,79.0,High
AUD_416,1579,32,Male,Hubei,Undergraduate,8,Reading,24.91,91,178.22,2,55,50,87,63.099999999999994,Medium
AUD_417,1800,18,Female,Beijing,Undergraduate,5,Reading,63.03,172,165.59,10,70,60,71,67.3,Medium
AUD_418,1397,28,Female,Shanghai,High School,8,Reading,22.96,141,179.14,5,57,90,70,70.8,Medium
AUD_419,1276,24,Male,Guangdong,Undergraduate,12,Spontaneous,65.37,111,113.91,8,54,91,79,72.60000000000001,Medium
AUD_420,1815,34,Male,Beijing,Postgraduate,13,Spontaneous,28.24,61,165.86,10,89,59,98,82.69999999999999,High
AUD_421,1915,44,Female,Shanghai,Undergraduate,8,Spontaneous,86.25,77,126.6,4,59,50,96,67.4,Medium
AUD_422,1503,37,Male,Guangdong,Postgraduate,4,Reading,80.5,156,157.15,6,80,76,59,72.5,Medium
AUD_423,1895,41,Male,Guangdong,Postgraduate,3,Spontaneous,21.56,198,108.13,11,79,66,52,67.0,Medium
AUD_424,1391,35,Female,Hubei,Postgraduate,13,Reading,74.75,184,163.08,12,70,93,88,82.3,High
AUD_425,1134,39,Female,Sichuan,Undergraduate,5,Reading,64.51,144,97.51,14,85,93,78,85.3,High
AUD_426,1194,39,Female,Guangdong,Postgraduate,7,Spontaneous,54.68,63,114.35,4,76,66,74,72.4,Medium
AUD_427,1400,29,Female,Sichuan,Postgraduate,6,Reading,62.18,167,163.98,6,87,88,51,76.5,High
AUD_428,1639,26,Female,Zhejiang,Undergraduate,9,Reading,67.48,175,157.24,12,84,92,62,79.8,High
AUD_429,1032,22,Male,Hubei,Postgraduate,6,Spontaneous,81.91,152,135.11,3,81,51,76,70.5,Medium
AUD_430,1687,27,Female,Henan,Undergraduate,10,Spontaneous,73.72,122,150.55,5,75,97,78,82.5,High
AUD_431,1459,21,Female,Jiangsu,High School,9,Reading,60.28,111,106.7,13,53,72,63,61.699999999999996,Medium
AUD_432,1954,22,Female,Hubei,Postgraduate,12,Spontaneous,77.72,61,150.1,3,76,90,53,73.30000000000001,Medium
AUD_433,1882,27,Male,Beijing,Undergraduate,11,Spontaneous,89.08,87,90.72,4,85,59,57,68.8,Medium
AUD_434,1469,28,Female,Jiangsu,High School,3,Reading,41.01,88,164.99,6,86,91,54,77.9,High
AUD_435,1374,38,Female,Jiangsu,Postgraduate,7,Reading,28.29,135,136.47,10,76,79,93,82.0,High
AUD_436,1021,41,Female,Henan,Postgraduate,6,Spontaneous,71.2,53,174.95,4,96,84,76,86.4,High
AUD_437,1749,27,Male,Sichuan,Undergraduate,8,Spontaneous,88.5,97,133.03,11,97,74,73,82.9,High
AUD_438,1669,25,Female,Henan,High School,3,Reading,28.17,184,128.98,7,55,66,93,69.69999999999999,Medium
AUD_439,1037,19,Female,Henan,Undergraduate,8,Spontaneous,50.22,109,130.5,5,67,95,92,82.89999999999999,High
AUD_440,1229,40,Female,Jiangsu,Postgraduate,3,Reading,24.36,57,122.38,5,75,68,83,75.3,High
AUD_441,1364,25,Male,Guangdong,Postgraduate,3,Reading,74.36,173,105.0,12,93,67,77,80.39999999999999,High
AUD_442,1562,33,Male,Sichuan,Postgraduate,10,Spontaneous,86.41,165,165.79,14,73,67,73,71.19999999999999,Medium
AUD_443,1437,44,Male,Jiangsu,Postgraduate,4,Spontaneous,54.93,107,125.02,11,56,95,54,67.10000000000001,Medium
AUD_444,1775,39,Male,Sichuan,High School,12,Spontaneous,48.67,84,137.62,11,93,84,62,81.0,High
AUD_445,1282,22,Female,Zhejiang,High School,8,Spontaneous,83.54,122,91.79,14,63,59,67,63.0,Medium
AUD_446,1026,44,Female,Sichuan,Undergraduate,8,Spontaneous,29.34,164,95.42,6,62,72,66,66.2,Medium
AUD_447,1225,42,Male,Shanghai,Undergraduate,8,Reading,82.41,62,143.75,12,75,94,79,81.9,High
AUD_448,1276,20,Male,Guangdong,Undergraduate,10,Spontaneous,47.45,88,169.13,8,92,71,87,84.2,High
AUD_449,1797,29,Female,Beijing,Postgraduate,6,Reading,59.16,133,134.41,12,92,93,68,85.1,High
AUD_450,1608,30,Female,Shanghai,Undergraduate,5,Spontaneous,56.98,70,104.85,5,51,58,71,59.099999999999994,Low
AUD_451,1283,30,Male,Shanghai,High School,8,Reading,63.12,96,100.45,9,95,81,98,91.69999999999999,High
AUD_452,1878,27,Male,Henan,Undergraduate,6,Spontaneous,85.95,51,170.98,13,96,75,98,90.30000000000001,High
AUD_453,1959,21,Male,Henan,Undergraduate,4,Spontaneous,86.58,93,153.15,14,72,78,67,72.3,Medium
AUD_454,1480,26,Male,Shanghai,High School,8,Reading,78.18,79,176.96,10,77,91,75,80.6,High
AUD_455,1452,39,Female,Jiangsu,High School,12,Spontaneous,33.41,177,97.41,10,50,68,64,59.599999999999994,Low
AUD_456,1828,41,Male,Sichuan,Postgraduate,7,Spontaneous,43.35,104,171.24,10,81,97,77,84.6,High
AUD_457,1815,40,Male,Sichuan,High School,13,Reading,54.15,89,166.11,3,61,78,79,71.5,Medium
AUD_458,1658,44,Female,Hubei,High School,11,Reading,83.38,146,170.39,4,95,84,77,86.3,High
AUD_459,1515,19,Female,Jiangsu,Undergraduate,13,Reading,56.46,141,90.52,6,99,61,69,78.60000000000001,High
AUD_460,1546,36,Female,Guangdong,High School,8,Spontaneous,88.42,73,156.77,13,84,57,53,66.6,Medium
AUD_461,1191,18,Female,Jiangsu,Postgraduate,5,Reading,88.87,77,139.4,2,75,74,53,68.1,Medium
AUD_462,1048,42,Female,Jiangsu,Undergraduate,13,Reading,61.9,166,141.59,5,80,76,86,80.6,High
AUD_463,1511,24,Male,Jiangsu,Postgraduate,7,Spontaneous,81.42,154,132.23,12,61,96,64,72.4,Medium
AUD_464,1016,34,Male,Guangdong,High School,12,Spontaneous,89.95,142,156.84,6,78,92,83,83.69999999999999,High
AUD_465,1171,20,Male,Hubei,Postgraduate,10,Spontaneous,79.48,147,179.99,10,54,94,60,67.8,Medium
AUD_466,1219,37,Female,Guangdong,Postgraduate,11,Spontaneous,65.98,199,153.95,9,84,55,72,71.7,Medium
AUD_467,1157,37,Male,Zhejiang,High School,10,Spontaneous,79.16,138,151.02,2,56,62,84,66.2,Medium
AUD_468,1476,38,Female,Hubei,High School,5,Spontaneous,25.79,127,148.9,14,65,60,92,71.6,Medium
AUD_469,1045,20,Male,Zhejiang,Undergraduate,11,Reading,64.44,123,152.57,13,81,87,84,83.7,High
AUD_470,1372,20,Male,Zhejiang,Undergraduate,5,Reading,35.16,185,120.79,4,66,55,60,60.900000000000006,Medium
AUD_471,1517,34,Female,Zhejiang,Undergraduate,10,Spontaneous,28.12,63,118.82,4,70,54,51,59.5,Low
AUD_472,1098,24,Female,Sichuan,High School,12,Reading,82.5,94,160.59,12,76,56,64,66.4,Medium
AUD_473,1891,44,Male,Shanghai,Postgraduate,11,Reading,64.78,87,94.78,7,89,68,89,82.7,High
AUD_474,1744,43,Male,Shanghai,Postgraduate,9,Reading,37.05,111,158.33,5,96,92,77,89.1,High
AUD_475,1036,31,Male,Zhejiang,Undergraduate,6,Reading,47.07,145,163.25,5,64,55,80,66.1,Medium
AUD_476,1279,34,Male,Zhejiang,Undergraduate,12,Spontaneous,88.13,116,136.94,2,72,74,81,75.3,High
AUD_477,1348,35,Male,Beijing,High School,11,Spontaneous,80.35,110,171.91,13,57,58,83,65.1,Medium
AUD_478,1496,30,Female,Henan,Postgraduate,5,Reading,21.09,62,132.58,11,74,69,99,80.0,High
AUD_479,1301,37,Female,Shanghai,Undergraduate,5,Spontaneous,88.59,168,106.03,14,60,74,71,67.5,Medium
AUD_480,1180,37,Female,Henan,High School,4,Reading,45.8,136,122.53,13,70,99,78,81.1,High
AUD_481,1606,38,Female,Henan,Undergraduate,12,Reading,68.68,132,171.53,12,59,57,57,57.8,Low
AUD_482,1098,44,Male,Beijing,High School,5,Spontaneous,69.89,129,179.44,5,99,99,71,90.6,High
AUD_483,1699,35,Male,Henan,Postgraduate,3,Reading,83.82,96,127.97,2,58,86,61,67.3,Medium
AUD_484,1992,21,Female,Hubei,High School,6,Spontaneous,81.95,160,105.02,6,97,87,72,86.5,High
AUD_485,1115,18,Male,Beijing,Undergraduate,10,Spontaneous,39.72,163,115.77,14,50,51,87,61.39999999999999,Medium
AUD_486,1190,35,Female,Henan,Undergraduate,7,Spontaneous,65.05,103,139.8,4,71,71,51,65.0,Medium
AUD_487,1252,18,Male,Henan,Postgraduate,4,Spontaneous,47.56,120,141.49,14,55,85,61,65.8,Medium
AUD_488,1980,43,Male,Jiangsu,Postgraduate,5,Spontaneous,56.79,121,146.71,11,79,53,70,68.5,Medium
AUD_489,1927,43,Male,Henan,Undergraduate,3,Spontaneous,58.83,74,165.18,6,83,97,61,80.6,High
AUD_490,1982,30,Female,Sichuan,Undergraduate,4,Spontaneous,47.74,72,154.01,4,62,50,94,68.0,Medium
AUD_491,1160,37,Female,Hubei,Undergraduate,3,Spontaneous,52.47,60,113.48,6,71,97,80,81.5,High
AUD_492,1255,37,Female,Guangdong,Postgraduate,4,Spontaneous,34.58,76,125.55,5,55,82,58,63.99999999999999,Medium
AUD_493,1322,40,Female,Shanghai,Undergraduate,5,Reading,62.54,166,165.58,10,90,73,64,77.1,High
AUD_494,1127,27,Male,Zhejiang,Postgraduate,3,Spontaneous,73.13,116,147.0,7,95,98,81,91.7,High
AUD_495,1017,44,Male,Henan,Undergraduate,13,Reading,50.08,96,104.98,13,73,54,92,73.0,Medium
AUD_496,1792,28,Male,Hubei,High School,11,Spontaneous,88.44,57,119.3,11,70,97,58,74.5,Medium
AUD_497,1734,26,Male,Zhejiang,High School,12,Reading,24.01,126,161.2,3,88,84,73,82.30000000000001,High
AUD_498,1565,26,Female,Guangdong,Undergraduate,7,Spontaneous,61.24,116,105.49,2,72,91,57,73.2,Medium
AUD_499,1569,22,Male,Hubei,High School,10,Spontaneous,60.85,197,152.19,2,54,99,77,74.39999999999999,Medium
AUD_500,1322,43,Male,Shanghai,Postgraduate,7,Spontaneous,22.54,84,140.72,2,56,99,67,72.2,Medium
AUD_501,1871,18,Male,Hubei,High School,10,Reading,35.72,126,103.27,10,52,75,92,70.89999999999999,Medium
AUD_502,1685,34,Female,Zhejiang,High School,9,Reading,83.39,197,152.0,6,62,98,86,80.0,High
AUD_503,1791,39,Female,Zhejiang,Postgraduate,14,Spontaneous,58.12,73,102.81,5,61,92,85,77.5,High
AUD_504,1625,19,Female,Jiangsu,High School,6,Reading,50.55,104,125.86,11,55,90,86,74.8,Medium
AUD_505,1287,41,Male,Henan,High School,9,Spontaneous,49.08,186,117.77,6,83,92,81,85.1,High
AUD_506,1942,30,Female,Beijing,Undergraduate,8,Reading,82.17,143,152.1,10,64,75,70,69.1,Medium
AUD_507,1853,26,Male,Hubei,Postgraduate,5,Reading,45.69,193,160.41,4,96,90,88,91.80000000000001,High
AUD_508,1662,21,Male,Zhejiang,Postgraduate,11,Reading,80.14,107,105.15,4,67,98,98,85.6,High
AUD_509,1961,22,Male,Sichuan,Undergraduate,14,Spontaneous,41.64,113,163.08,13,98,54,78,78.80000000000001,High
AUD_510,1638,28,Female,Shanghai,Undergraduate,12,Reading,57.21,125,90.65,3,52,93,67,68.8,Medium
AUD_511,1154,41,Female,Sichuan,High School,11,Reading,30.07,164,137.71,9,71,67,72,70.1,Medium
AUD_512,1489,36,Male,Guangdong,High School,7,Spontaneous,77.75,98,136.51,8,84,74,82,80.39999999999999,High
AUD_513,1385,38,Male,Hubei,High School,10,Spontaneous,71.52,78,146.14,3,77,97,97,89.0,High
AUD_514,1985,20,Female,Jiangsu,Undergraduate,9,Reading,57.11,167,111.57,5,90,90,58,80.4,High
AUD_515,1784,29,Female,Shanghai,Postgraduate,11,Reading,21.81,131,90.89,8,91,89,93,91.0,High
AUD_516,1103,43,Female,Jiangsu,High School,9,Spontaneous,53.69,56,130.93,2,61,87,92,78.1,High
AUD_517,1928,36,Male,Beijing,Undergraduate,6,Spontaneous,35.76,126,96.43,2,50,98,87,75.5,High
AUD_518,1392,36,Male,Zhejiang,Postgraduate,6,Spontaneous,48.94,171,170.3,9,85,95,53,78.4,High
AUD_519,1810,30,Male,Henan,Undergraduate,13,Spontaneous,79.95,118,105.63,7,79,70,65,72.1,Medium
AUD_520,1245,24,Female,Shanghai,High School,10,Spontaneous,73.87,139,128.27,3,72,73,52,66.3,Medium
AUD_521,1175,32,Female,Guangdong,Undergraduate,8,Reading,36.94,51,129.06,11,86,77,57,74.6,Medium
AUD_522,1038,40,Female,Henan,Undergraduate,11,Spontaneous,88.95,86,139.76,11,77,95,65,78.8,High
AUD_523,1476,24,Male,Hubei,Undergraduate,12,Spontaneous,83.22,138,160.43,2,98,53,51,70.4,Medium
AUD_524,1681,43,Male,Beijing,Undergraduate,9,Reading,57.01,176,132.49,4,54,57,94,66.9,Medium
AUD_525,1758,25,Female,Beijing,Postgraduate,9,Spontaneous,57.11,152,92.32,13,85,98,68,83.8,High
AUD_526,1537,22,Male,Jiangsu,High School,6,Spontaneous,83.09,79,159.4,5,96,82,73,84.9,High
AUD_527,1866,38,Female,Beijing,Postgraduate,5,Spontaneous,64.53,90,97.4,14,59,52,65,58.7,Low
AUD_528,1817,31,Male,Shanghai,Undergraduate,10,Reading,57.57,53,147.74,6,54,98,89,77.7,High
AUD_529,1920,21,Female,Jiangsu,Undergraduate,9,Spontaneous,72.44,132,162.31,12,63,69,51,61.2,Medium
AUD_530,1407,40,Male,Henan,High School,6,Spontaneous,36.46,160,115.44,11,73,84,81,78.7,High
AUD_531,1524,27,Male,Beijing,High School,6,Spontaneous,81.49,73,130.42,4,77,88,50,72.2,Medium
AUD_532,1827,37,Female,Hubei,Postgraduate,3,Spontaneous,57.2,99,91.29,14,70,92,98,85.0,High
AUD_533,1505,32,Female,Henan,Postgraduate,13,Reading,62.24,86,162.35,6,94,96,67,86.5,High
AUD_534,1902,35,Female,Guangdong,High School,9,Reading,26.3,74,153.29,13,89,56,88,78.80000000000001,High
AUD_535,1824,37,Female,Hubei,Postgraduate,3,Spontaneous,41.67,142,110.82,8,61,76,81,71.5,Medium
AUD_536,1035,30,Female,Sichuan,Undergraduate,12,Spontaneous,49.87,174,125.12,12,69,54,58,61.199999999999996,Medium
AUD_537,1684,25,Male,Shanghai,Undergraduate,12,Spontaneous,48.97,80,152.58,10,81,98,52,77.39999999999999,High
AUD_538,1019,26,Female,Guangdong,High School,6,Spontaneous,74.48,141,122.23,6,87,86,73,82.5,High
AUD_539,1320,33,Female,Guangdong,Postgraduate,13,Spontaneous,39.76,87,104.62,5,89,50,60,68.6,Medium
AUD_540,1775,36,Female,Jiangsu,Undergraduate,5,Spontaneous,32.75,176,136.67,11,91,71,77,80.8,High
AUD_541,1511,33,Male,Zhejiang,High School,13,Spontaneous,60.78,107,155.12,12,70,56,65,64.3,Medium
AUD_542,1399,24,Female,Jiangsu,Postgraduate,5,Reading,63.05,163,118.87,14,66,98,78,79.19999999999999,High
AUD_543,1653,31,Female,Shanghai,Undergraduate,14,Spontaneous,28.51,99,100.96,10,50,57,90,64.1,Medium
AUD_544,1971,31,Female,Shanghai,Postgraduate,3,Reading,20.17,181,164.66,9,93,93,61,83.39999999999999,High
AUD_545,1882,42,Male,Jiangsu,Postgraduate,6,Reading,84.24,141,112.75,6,77,79,95,83.0,High
AUD_546,1470,44,Male,Zhejiang,Postgraduate,3,Spontaneous,25.57,127,136.15,10,51,77,53,59.4,Low
AUD_547,1142,21,Female,Hubei,High School,10,Reading,82.85,191,152.22,12,66,75,75,71.4,Medium
AUD_548,1091,43,Male,Jiangsu,Undergraduate,3,Reading,47.95,178,118.54,10,88,83,53,76.0,High
AUD_549,1353,32,Female,Shanghai,High School,14,Reading,65.71,92,148.38,2,63,98,60,72.6,Medium
AUD_550,1833,20,Male,Zhejiang,Undergraduate,8,Spontaneous,32.99,167,131.37,13,63,81,51,64.8,Medium
AUD_551,1799,22,Female,Shanghai,Undergraduate,9,Reading,77.67,108,141.34,7,93,71,80,82.5,High
AUD_552,1726,18,Male,Zhejiang,High School,12,Reading,32.61,110,143.15,12,97,69,99,89.2,High
AUD_553,1958,20,Female,Zhejiang,High School,14,Spontaneous,47.06,90,164.17,6,67,63,52,61.300000000000004,Medium
AUD_554,1853,32,Female,Henan,Undergraduate,4,Spontaneous,36.66,67,149.07,7,89,72,74,79.4,High
AUD_555,1050,41,Male,Jiangsu,Undergraduate,6,Reading,78.63,128,113.79,11,83,52,83,73.7,Medium
AUD_556,1664,44,Female,Jiangsu,Undergraduate,13,Spontaneous,80.08,79,95.36,4,92,68,50,72.2,Medium
AUD_557,1697,25,Female,Jiangsu,Postgraduate,5,Spontaneous,46.04,151,90.18,4,50,63,54,55.099999999999994,Low
AUD_558,1574,21,Female,Zhejiang,Undergraduate,11,Reading,41.52,60,171.4,11,91,89,88,89.5,High
AUD_559,1189,19,Female,Zhejiang,High School,9,Reading,74.15,173,174.79,6,67,88,80,77.2,High
AUD_560,1124,41,Male,Shanghai,High School,4,Reading,81.5,115,98.47,8,97,86,85,90.10000000000001,High
AUD_561,1149,41,Female,Guangdong,High School,13,Spontaneous,63.68,148,133.83,5,83,84,52,74.0,Medium
AUD_562,1313,27,Male,Jiangsu,Undergraduate,14,Reading,84.92,73,103.64,7,72,50,87,69.89999999999999,Medium
AUD_563,1569,21,Male,Henan,Undergraduate,8,Reading,46.81,126,175.39,6,98,68,61,77.9,High
AUD_564,1341,20,Male,Sichuan,Postgraduate,11,Spontaneous,30.63,177,112.21,3,65,64,65,64.7,Medium
AUD_565,1304,19,Male,Shanghai,Postgraduate,14,Spontaneous,32.58,143,135.15,14,68,74,57,66.5,Medium
AUD_566,1691,42,Female,Shanghai,High School,5,Spontaneous,66.89,136,104.91,12,86,50,60,67.4,Medium
AUD_567,1681,34,Female,Beijing,Postgraduate,13,Spontaneous,48.53,173,119.95,13,55,80,94,74.2,Medium
AUD_568,1837,40,Male,Jiangsu,Postgraduate,8,Reading,30.94,95,114.01,2,73,86,63,73.9,Medium
AUD_569,1782,38,Female,Hubei,High School,5,Reading,40.46,142,132.79,7,66,92,76,76.8,High
AUD_570,1053,41,Male,Shanghai,Undergraduate,5,Reading,57.14,64,127.78,6,97,95,67,87.4,High
AUD_571,1443,37,Female,Beijing,Postgraduate,6,Spontaneous,28.5,107,119.77,10,65,71,57,64.39999999999999,Medium
AUD_572,1612,40,Female,Sichuan,Undergraduate,11,Reading,20.24,121,99.53,13,88,99,82,89.5,High
AUD_573,1992,30,Female,Henan,High School,13,Spontaneous,84.21,147,133.6,8,97,69,53,75.4,High
AUD_574,1263,22,Male,Sichuan,High School,10,Spontaneous,41.34,122,166.52,2,90,90,98,92.4,High
AUD_575,1052,38,Male,Hubei,Postgraduate,3,Spontaneous,35.5,130,155.72,14,55,96,79,74.5,Medium
AUD_576,1571,26,Female,Jiangsu,High School,14,Reading,68.89,114,154.85,11,65,92,69,74.3,Medium
AUD_577,1619,42,Male,Zhejiang,High School,13,Spontaneous,79.74,54,122.95,7,58,54,79,63.10000000000001,Medium
AUD_578,1004,42,Male,Beijing,High School,3,Reading,64.26,77,153.76,12,78,64,76,73.2,Medium
AUD_579,1102,39,Female,Zhejiang,Postgraduate,9,Reading,37.81,87,131.9,8,53,51,74,58.7,Low
AUD_580,1195,23,Male,Sichuan,Postgraduate,5,Reading,80.31,130,103.52,4,75,61,55,64.8,Medium
AUD_581,1773,22,Female,Sichuan,Postgraduate,13,Spontaneous,55.73,136,127.71,10,87,56,54,67.80000000000001,Medium
AUD_582,1876,42,Female,Guangdong,High School,9,Reading,46.68,195,101.95,12,75,51,63,64.19999999999999,Medium
AUD_583,1991,27,Female,Guangdong,Undergraduate,11,Reading,62.33,86,100.3,12,63,57,63,61.199999999999996,Medium
AUD_584,1883,25,Male,Henan,High School,5,Spontaneous,69.04,74,92.08,3,84,58,83,75.9,High
AUD_585,1349,24,Female,Hubei,Postgraduate,5,Reading,61.57,132,115.46,2,98,76,90,89.0,High
AUD_586,1046,24,Female,Guangdong,Undergraduate,4,Spontaneous,84.42,76,119.78,11,92,77,74,82.10000000000001,High
AUD_587,1866,23,Male,Guangdong,Undergraduate,12,Reading,63.96,126,152.95,11,73,86,88,81.4,High
AUD_588,1822,38,Male,Hubei,Postgraduate,3,Spontaneous,81.5,184,138.42,13,57,64,67,62.099999999999994,Medium
AUD_589,1935,37,Male,Shanghai,Undergraduate,11,Spontaneous,61.09,139,167.26,10,89,68,69,76.7,High
AUD_590,1819,20,Male,Guangdong,Undergraduate,8,Spontaneous,43.08,76,105.88,8,74,79,92,80.89999999999999,High
AUD_591,1655,36,Female,Shanghai,Postgraduate,8,Spontaneous,57.26,171,113.94,11,53,62,57,56.89999999999999,Low
AUD_592,1268,39,Male,Shanghai,Undergraduate,10,Spontaneous,26.04,108,174.7,14,64,94,75,76.3,High
AUD_593,1369,32,Male,Jiangsu,Undergraduate,13,Reading,36.11,121,129.96,12,65,55,70,63.5,Medium
AUD_594,1635,21,Male,Shanghai,Postgraduate,7,Reading,73.64,140,161.01,2,60,79,76,70.5,Medium
AUD_595,1105,29,Male,Shanghai,Undergraduate,11,Reading,66.3,117,134.3,5,77,50,81,70.1,Medium
AUD_596,1669,23,Female,Guangdong,Undergraduate,13,Reading,31.66,155,132.4,11,56,91,91,77.0,High
AUD_597,1658,36,Male,Shanghai,Undergraduate,7,Spontaneous,50.66,53,103.33,14,99,87,99,95.4,High
AUD_598,1656,21,Female,Zhejiang,Undergraduate,4,Spontaneous,29.94,195,166.61,4,87,74,66,76.8,High
AUD_599,1119,32,Male,Hubei,Postgraduate,8,Reading,79.91,112,97.05,12,73,84,98,83.80000000000001,High
AUD_600,1830,26,Female,Guangdong,High School,11,Spontaneous,27.64,136,117.92,8,80,75,50,69.5,Medium
AUD_601,1786,22,Female,Hubei,High School,5,Reading,65.8,160,150.61,6,53,62,76,62.599999999999994,Medium
AUD_602,1603,30,Male,Beijing,Undergraduate,12,Spontaneous,62.49,189,135.65,10,86,68,85,80.3,High
AUD_603,1057,40,Female,Guangdong,Postgraduate,6,Spontaneous,53.09,185,169.32,12,84,59,60,69.3,Medium
AUD_604,1950,43,Male,Shanghai,Postgraduate,12,Reading,39.48,71,93.54,4,55,94,90,77.2,High
AUD_605,1345,35,Female,Zhejiang,Undergraduate,13,Reading,48.28,140,148.45,12,95,56,90,81.8,High
AUD_606,1740,22,Female,Hubei,High School,10,Spontaneous,76.45,165,132.97,7,82,64,84,77.2,High
AUD_607,1473,42,Female,Guangdong,Undergraduate,8,Reading,73.31,90,103.89,11,81,72,87,80.1,High
AUD_608,1116,33,Male,Zhejiang,Postgraduate,9,Reading,71.72,130,156.89,3,95,85,87,89.6,High
AUD_609,1829,44,Female,Hubei,Postgraduate,9,Reading,72.49,172,127.02,4,87,92,91,89.7,High
AUD_610,1790,36,Male,Beijing,High School,6,Reading,30.07,106,137.84,5,84,80,91,84.9,High
AUD_611,1126,31,Female,Sichuan,Postgraduate,14,Spontaneous,26.94,176,177.05,7,66,57,98,72.9,Medium
AUD_612,1392,42,Female,Henan,Postgraduate,8,Spontaneous,80.3,144,133.76,12,81,79,96,84.89999999999999,High
AUD_613,1907,33,Female,Henan,Postgraduate,14,Spontaneous,78.6,104,164.1,2,63,83,85,75.6,High
AUD_614,1640,44,Female,Beijing,High School,11,Spontaneous,67.69,55,159.26,7,68,82,59,69.5,Medium
AUD_615,1057,32,Female,Sichuan,Postgraduate,5,Reading,62.41,58,149.65,5,73,50,89,70.9,Medium
AUD_616,1633,39,Female,Jiangsu,Undergraduate,10,Reading,45.68,81,170.71,9,88,65,50,69.7,Medium
AUD_617,1512,21,Male,Sichuan,High School,9,Reading,35.69,177,112.64,10,60,99,71,75.0,High
AUD_618,1750,24,Male,Jiangsu,Undergraduate,6,Spontaneous,66.74,65,163.87,9,56,60,66,60.2,Medium
AUD_619,1801,33,Male,Guangdong,Undergraduate,12,Spontaneous,83.91,189,124.0,9,94,76,61,78.7,High
AUD_620,1095,41,Female,Jiangsu,High School,5,Spontaneous,50.59,90,163.12,14,73,71,93,78.4,High
AUD_621,1637,39,Male,Henan,Undergraduate,9,Spontaneous,41.22,186,134.44,14,73,89,62,74.5,Medium
AUD_622,1117,38,Female,Henan,High School,12,Reading,38.95,174,167.19,3,63,68,74,67.8,Medium
AUD_623,1559,39,Male,Zhejiang,Undergraduate,11,Reading,21.66,66,170.54,11,73,93,75,79.6,High
AUD_624,1600,38,Male,Jiangsu,High School,14,Reading,56.42,159,143.79,3,60,55,95,69.0,Medium
AUD_625,1487,25,Female,Zhejiang,Postgraduate,12,Spontaneous,89.18,182,135.69,7,57,97,89,78.6,High
AUD_626,1236,34,Female,Henan,Postgraduate,5,Spontaneous,77.07,75,160.5,6,93,89,95,92.4,High
AUD_627,1884,33,Male,Hubei,Undergraduate,12,Spontaneous,82.82,178,114.03,7,64,88,88,78.4,High
AUD_628,1896,44,Male,Hubei,Postgraduate,11,Spontaneous,63.48,50,91.38,10,91,69,98,86.5,High
AUD_629,1271,40,Male,Sichuan,High School,10,Spontaneous,53.7,84,126.64,13,51,52,92,63.599999999999994,Medium
AUD_630,1188,27,Male,Sichuan,Undergraduate,14,Spontaneous,89.33,58,135.7,11,73,50,82,68.8,Medium
AUD_631,1998,27,Female,Sichuan,Postgraduate,5,Reading,51.3,136,116.75,8,94,72,57,76.3,High
AUD_632,1703,44,Male,Jiangsu,Postgraduate,10,Spontaneous,84.18,87,124.5,6,59,87,62,68.3,Medium
AUD_633,1446,19,Female,Sichuan,Undergraduate,14,Spontaneous,73.33,53,101.98,11,81,52,75,70.5,Medium
AUD_634,1580,26,Female,Jiangsu,Postgraduate,6,Spontaneous,43.17,101,114.96,8,66,83,66,71.1,Medium
AUD_635,1789,34,Male,Jiangsu,Postgraduate,8,Reading,55.21,196,111.61,9,59,66,73,65.30000000000001,Medium
AUD_636,1860,28,Female,Shanghai,Undergraduate,14,Reading,46.9,54,117.09,12,71,97,73,79.4,High
AUD_637,1246,27,Male,Shanghai,Postgraduate,12,Spontaneous,29.54,155,116.91,13,55,76,61,63.099999999999994,Medium
AUD_638,1962,39,Female,Jiangsu,Postgraduate,4,Reading,44.97,97,140.31,2,76,88,80,80.8,High
AUD_639,1075,42,Female,Hubei,Postgraduate,10,Reading,82.23,136,112.55,11,69,72,65,68.7,Medium
AUD_640,1153,34,Male,Zhejiang,Postgraduate,11,Reading,72.68,87,174.69,12,50,87,91,73.39999999999999,Medium
AUD_641,1655,21,Female,Henan,Undergraduate,9,Spontaneous,39.43,101,136.01,12,66,60,65,63.900000000000006,Medium
AUD_642,1434,33,Female,Henan,High School,10,Reading,45.75,136,101.61,8,50,64,79,62.900000000000006,Medium
AUD_643,1996,37,Male,Guangdong,High School,9,Reading,63.15,95,115.16,5,86,75,77,80.0,High
AUD_644,1085,32,Female,Beijing,Postgraduate,13,Reading,49.13,142,155.68,6,64,60,52,59.2,Low
AUD_645,1696,42,Female,Shanghai,Postgraduate,12,Spontaneous,55.21,186,91.23,14,50,56,82,61.39999999999999,Medium
AUD_646,1284,44,Male,Jiangsu,High School,6,Reading,68.87,99,174.4,3,66,96,73,77.1,High
AUD_647,1973,38,Male,Beijing,Postgraduate,3,Spontaneous,52.71,115,130.07,11,95,97,79,90.8,High
AUD_648,1219,22,Female,Shanghai,High School,5,Reading,33.37,87,136.9,6,94,57,89,81.4,High
AUD_649,1068,23,Female,Guangdong,Undergraduate,9,Spontaneous,56.44,154,178.96,10,92,54,97,82.1,High
AUD_650,1046,34,Female,Henan,Undergraduate,13,Spontaneous,44.93,197,135.31,2,93,66,77,80.1,High
AUD_651,1093,18,Male,Zhejiang,Undergraduate,13,Spontaneous,40.35,65,175.3,4,87,72,96,85.2,High
AUD_652,1749,42,Female,Jiangsu,Undergraduate,9,Spontaneous,42.97,128,172.37,5,92,51,88,78.5,High
AUD_653,1957,36,Female,Guangdong,Undergraduate,13,Spontaneous,50.73,62,174.72,10,51,76,51,58.5,Low
AUD_654,1452,21,Female,Henan,Undergraduate,5,Reading,82.06,163,163.11,3,67,70,62,66.39999999999999,Medium
AUD_655,1203,34,Female,Hubei,High School,3,Reading,71.38,151,116.68,8,61,56,86,67.0,Medium
AUD_656,1911,26,Female,Shanghai,Postgraduate,12,Reading,66.75,197,121.17,10,78,87,59,75.0,High
AUD_657,1217,41,Female,Jiangsu,High School,11,Spontaneous,52.99,184,122.85,13,72,75,89,78.0,High
AUD_658,1473,19,Male,Beijing,Undergraduate,14,Spontaneous,20.13,136,178.13,11,96,79,62,80.7,High
AUD_659,1431,25,Male,Hubei,Postgraduate,8,Spontaneous,43.84,137,122.47,5,58,61,68,61.9,Medium
AUD_660,1340,32,Female,Henan,Postgraduate,14,Reading,76.92,78,99.78,6,57,97,55,68.4,Medium
AUD_661,1550,24,Female,Hubei,Undergraduate,9,Spontaneous,47.17,182,160.05,13,99,60,67,77.7,High
AUD_662,1611,44,Male,Sichuan,Undergraduate,3,Spontaneous,59.47,156,122.95,13,65,66,89,72.5,Medium
AUD_663,1288,23,Male,Zhejiang,Undergraduate,3,Spontaneous,34.33,114,145.88,13,72,59,58,63.9,Medium
AUD_664,1253,18,Male,Henan,Undergraduate,6,Spontaneous,84.11,149,173.19,11,78,97,66,80.1,High
AUD_665,1733,32,Female,Hubei,Undergraduate,9,Reading,84.62,164,141.8,5,59,65,53,59.0,Low
AUD_666,1356,40,Female,Shanghai,Undergraduate,13,Spontaneous,30.22,136,147.39,13,61,64,99,73.3,Medium
AUD_667,1022,43,Female,Zhejiang,Postgraduate,13,Spontaneous,70.69,123,147.86,8,61,64,55,60.1,Medium
AUD_668,1761,24,Female,Jiangsu,Undergraduate,10,Spontaneous,25.27,184,145.12,9,79,69,60,70.3,Medium
AUD_669,1521,42,Male,Sichuan,Undergraduate,12,Spontaneous,61.9,62,104.38,9,59,53,91,66.8,Medium
AUD_670,1757,34,Male,Henan,Postgraduate,11,Reading,32.51,143,131.08,4,63,81,75,72.0,Medium
AUD_671,1836,19,Male,Guangdong,High School,3,Spontaneous,30.2,127,90.69,3,53,71,60,60.5,Medium
AUD_672,1099,44,Male,Zhejiang,Undergraduate,6,Reading,20.29,173,146.36,7,96,84,57,80.7,High
AUD_673,1801,26,Female,Beijing,Postgraduate,6,Reading,85.86,174,141.78,13,69,63,52,62.1,Medium
AUD_674,1179,26,Female,Shanghai,Postgraduate,5,Spontaneous,78.05,87,118.63,2,90,79,51,75.0,High
AUD_675,1222,30,Male,Henan,High School,9,Spontaneous,25.42,62,137.15,13,88,80,67,79.3,High
AUD_676,1905,23,Male,Beijing,Undergraduate,3,Reading,61.96,103,134.38,10,56,59,51,55.4,Low
AUD_677,1761,23,Male,Zhejiang,Undergraduate,11,Spontaneous,36.3,155,112.58,8,79,55,75,70.6,Medium
AUD_678,1658,37,Male,Henan,Undergraduate,10,Spontaneous,38.48,93,116.4,9,90,76,61,77.1,High
AUD_679,1441,37,Male,Sichuan,Postgraduate,4,Reading,81.19,190,158.63,8,73,60,86,73.0,Medium
AUD_680,1607,38,Female,Guangdong,Undergraduate,4,Reading,28.0,73,158.02,6,59,85,75,71.6,Medium
AUD_681,1768,20,Female,Guangdong,Undergraduate,10,Reading,62.1,173,132.28,6,94,59,85,80.8,High
AUD_682,1324,34,Male,Beijing,Undergraduate,13,Reading,48.09,78,154.58,8,87,65,65,73.80000000000001,Medium
AUD_683,1515,34,Male,Jiangsu,Undergraduate,3,Reading,33.36,195,130.57,8,85,73,63,74.8,Medium
AUD_684,1015,29,Male,Jiangsu,High School,9,Reading,51.63,141,166.62,3,66,70,51,62.7,Medium
AUD_685,1791,33,Female,Sichuan,High School,11,Spontaneous,85.83,54,119.95,3,70,89,70,75.7,High
AUD_686,1335,32,Female,Guangdong,High School,14,Spontaneous,74.71,195,173.46,8,95,90,56,81.8,High
AUD_687,1758,30,Female,Beijing,Undergraduate,5,Spontaneous,29.25,174,138.81,6,52,85,60,64.3,Medium
AUD_688,1257,40,Male,Beijing,Undergraduate,9,Spontaneous,79.46,120,138.21,3,50,98,93,77.3,High
AUD_689,1496,18,Female,Henan,Postgraduate,8,Spontaneous,85.62,148,150.37,2,67,91,78,77.5,High
AUD_690,1987,34,Male,Henan,Postgraduate,9,Spontaneous,39.39,61,120.68,10,51,94,86,74.4,Medium
AUD_691,1895,20,Female,Beijing,Postgraduate,9,Spontaneous,43.34,101,155.19,12,89,72,97,86.3,High
AUD_692,1159,43,Female,Henan,Undergraduate,12,Spontaneous,28.84,95,118.84,9,97,70,88,86.2,High
AUD_693,1474,32,Female,Zhejiang,High School,3,Spontaneous,44.15,153,125.78,3,53,81,77,68.6,Medium
AUD_694,1851,21,Male,Henan,High School,5,Reading,67.12,93,150.72,3,81,66,89,78.9,High
AUD_695,1663,21,Male,Sichuan,High School,12,Reading,39.05,58,124.06,4,68,66,53,62.9,Medium
AUD_696,1907,35,Female,Jiangsu,Undergraduate,3,Spontaneous,20.48,189,108.0,5,69,70,53,64.5,Medium
AUD_697,1689,34,Male,Jiangsu,High School,7,Spontaneous,43.7,149,168.47,10,91,53,76,75.1,High
AUD_698,1674,36,Male,Zhejiang,Postgraduate,5,Reading,51.72,186,172.99,13,98,72,55,77.3,High
AUD_699,1379,28,Male,Shanghai,Postgraduate,3,Reading,59.64,152,146.41,7,98,74,83,86.30000000000001,High
AUD_700,1544,37,Male,Zhejiang,High School,4,Reading,67.87,159,163.0,4,56,81,90,73.7,Medium
AUD_701,1928,20,Male,Sichuan,Postgraduate,12,Spontaneous,24.32,165,178.8,9,58,55,89,66.4,Medium
AUD_702,1956,25,Male,Beijing,High School,7,Reading,52.88,71,145.33,7,56,63,67,61.39999999999999,Medium
AUD_703,1690,31,Male,Zhejiang,High School,13,Reading,38.65,194,171.79,9,76,90,93,85.30000000000001,High
AUD_704,1426,43,Female,Beijing,Postgraduate,5,Reading,86.36,137,122.33,11,70,87,97,83.19999999999999,High
AUD_705,1612,18,Male,Sichuan,Postgraduate,8,Spontaneous,45.19,192,153.04,13,84,91,79,84.60000000000001,High
AUD_706,1267,31,Male,Hubei,Postgraduate,11,Reading,27.01,82,95.02,3,73,87,82,79.89999999999999,High
AUD_707,1834,19,Female,Sichuan,Postgraduate,8,Spontaneous,22.9,64,161.01,9,81,90,69,80.1,High
AUD_708,1576,40,Female,Guangdong,High School,4,Reading,38.58,76,164.68,12,61,94,85,78.1,High
AUD_709,1416,21,Female,Beijing,Postgraduate,4,Reading,32.52,161,126.11,6,72,65,95,76.8,High
AUD_710,1167,41,Female,Jiangsu,Postgraduate,10,Spontaneous,65.49,131,147.51,11,85,81,99,88.0,High
AUD_711,1841,44,Male,Zhejiang,Undergraduate,13,Reading,79.29,97,167.25,13,98,65,54,74.9,Medium
AUD_712,1042,36,Female,Hubei,Postgraduate,10,Reading,41.88,57,169.52,5,78,68,84,76.8,High
AUD_713,1555,23,Female,Sichuan,Postgraduate,8,Reading,60.45,183,99.59,4,52,86,68,67.0,Medium
AUD_714,1284,42,Male,Beijing,High School,12,Spontaneous,71.12,167,164.47,13,92,92,61,82.7,High
AUD_715,1396,18,Male,Hubei,High School,9,Spontaneous,47.89,133,114.68,10,57,70,75,66.3,Medium
AUD_716,1011,34,Male,Shanghai,Undergraduate,3,Spontaneous,24.64,51,155.46,11,83,64,68,72.80000000000001,Medium
AUD_717,1606,25,Female,Guangdong,Postgraduate,14,Reading,36.04,199,119.26,8,63,75,60,65.7,Medium
AUD_718,1301,36,Male,Shanghai,Postgraduate,11,Spontaneous,81.81,167,95.07,8,85,79,69,78.4,High
AUD_719,1897,38,Female,Sichuan,Postgraduate,7,Reading,77.71,70,108.89,7,97,89,58,82.9,High
AUD_720,1252,18,Male,Shanghai,Postgraduate,11,Reading,26.06,183,126.78,10,95,64,69,77.9,High
AUD_721,1498,22,Male,Shanghai,Postgraduate,4,Reading,35.68,172,156.71,4,81,92,76,82.8,High
AUD_722,1753,44,Female,Guangdong,Postgraduate,10,Reading,73.84,145,99.06,2,56,62,54,57.2,Low
AUD_723,1034,33,Male,Guangdong,Undergraduate,9,Reading,54.01,62,163.16,8,59,76,59,64.10000000000001,Medium
AUD_724,1726,23,Male,Henan,Postgraduate,13,Reading,73.2,50,179.73,10,61,72,58,63.4,Medium
AUD_725,1848,25,Male,Guangdong,Postgraduate,6,Reading,34.78,199,160.94,7,89,83,74,82.7,High
AUD_726,1089,30,Male,Hubei,Postgraduate,5,Reading,86.69,166,132.64,11,72,83,62,72.3,Medium
AUD_727,1775,33,Male,Henan,Undergraduate,6,Spontaneous,74.85,113,141.13,3,60,72,81,69.89999999999999,Medium
AUD_728,1604,20,Female,Guangdong,Postgraduate,6,Spontaneous,33.82,199,90.55,14,62,93,57,69.8,Medium
AUD_729,1921,36,Female,Shanghai,Undergraduate,12,Reading,59.09,110,108.83,9,61,69,94,73.3,Medium
AUD_730,1969,29,Male,Jiangsu,High School,12,Spontaneous,27.92,157,170.91,10,56,58,76,62.599999999999994,Medium
AUD_731,1601,33,Female,Jiangsu,Postgraduate,10,Spontaneous,45.3,61,91.96,11,93,69,71,79.2,High
AUD_732,1417,44,Female,Henan,Undergraduate,6,Spontaneous,66.17,139,171.43,9,59,96,77,75.5,High
AUD_733,1114,28,Female,Guangdong,High School,7,Reading,43.11,181,100.19,10,56,88,67,68.89999999999999,Medium
AUD_734,1616,27,Male,Hubei,Undergraduate,4,Spontaneous,65.97,132,101.98,2,76,63,72,70.89999999999999,Medium
AUD_735,1902,42,Male,Zhejiang,Undergraduate,6,Reading,37.13,177,105.78,4,56,98,90,78.8,High
AUD_736,1195,37,Male,Beijing,High School,9,Spontaneous,70.48,189,161.94,4,99,75,80,86.1,High
AUD_737,1825,21,Female,Sichuan,Postgraduate,5,Spontaneous,45.17,82,133.04,10,73,76,90,79.0,High
AUD_738,1500,29,Female,Hubei,Postgraduate,3,Spontaneous,75.33,198,103.07,4,72,83,83,78.6,High
AUD_739,1625,40,Male,Zhejiang,Undergraduate,10,Reading,29.57,177,151.81,11,74,78,56,69.8,Medium
AUD_740,1492,19,Male,Sichuan,High School,10,Reading,45.34,149,174.66,2,93,81,54,77.7,High
AUD_741,1074,41,Female,Zhejiang,Postgraduate,8,Reading,52.48,155,141.52,4,85,90,70,82.0,High
AUD_742,1412,39,Female,Zhejiang,Undergraduate,9,Reading,49.67,121,98.88,3,82,94,55,77.5,High
AUD_743,1375,36,Male,Henan,High School,12,Reading,50.32,123,94.93,10,86,54,94,78.8,High
AUD_744,1419,42,Female,Jiangsu,Undergraduate,13,Reading,51.14,145,161.63,2,91,53,99,82.0,High
AUD_745,1728,22,Female,Beijing,High School,4,Reading,89.22,141,146.35,12,88,72,84,82.0,High
AUD_746,1276,25,Female,Zhejiang,Postgraduate,7,Reading,33.52,123,173.04,3,56,70,91,70.7,Medium
AUD_747,1760,24,Female,Guangdong,Postgraduate,14,Reading,73.81,121,139.25,2,79,82,72,77.8,High
AUD_748,1675,31,Female,Sichuan,Undergraduate,9,Spontaneous,58.63,108,95.62,10,80,90,52,74.6,Medium
AUD_749,1393,41,Female,Hubei,Postgraduate,11,Spontaneous,48.95,105,126.33,8,94,73,82,84.1,High
AUD_750,1868,40,Female,Jiangsu,Postgraduate,3,Reading,64.35,62,149.22,14,95,65,87,83.6,High
AUD_751,1456,20,Male,Sichuan,High School,5,Spontaneous,79.75,84,124.64,2,86,81,72,80.3,High
AUD_752,1919,35,Male,Henan,Postgraduate,8,Spontaneous,52.66,168,179.96,14,70,68,65,67.9,Medium
AUD_753,1191,33,Female,Guangdong,High School,9,Reading,80.54,164,126.48,14,83,75,74,77.9,High
AUD_754,1738,40,Female,Guangdong,High School,8,Reading,26.57,105,139.16,11,95,52,98,83.0,High
AUD_755,1688,36,Female,Zhejiang,Undergraduate,3,Spontaneous,65.72,182,110.29,13,70,84,65,72.7,Medium
AUD_756,1098,36,Male,Guangdong,High School,6,Reading,43.32,102,103.69,7,89,88,74,84.2,High
AUD_757,1547,35,Male,Beijing,Postgraduate,8,Spontaneous,47.07,150,148.08,6,69,67,91,75.0,High
AUD_758,1977,37,Female,Henan,High School,10,Reading,59.97,169,142.98,11,83,56,56,66.8,Medium
AUD_759,1998,33,Male,Guangdong,High School,12,Spontaneous,53.59,109,90.39,12,57,81,57,64.2,Medium
AUD_760,1095,25,Female,Zhejiang,Undergraduate,6,Reading,46.72,154,115.63,6,81,73,52,69.89999999999999,Medium
AUD_761,1663,18,Female,Sichuan,Postgraduate,9,Spontaneous,41.58,183,147.92,5,79,65,54,67.3,Medium
AUD_762,1662,34,Female,Henan,Postgraduate,13,Spontaneous,63.28,155,163.1,4,78,73,68,73.5,Medium
AUD_763,1189,29,Female,Guangdong,Postgraduate,5,Spontaneous,55.39,129,118.11,14,54,53,56,54.3,Low
AUD_764,1735,38,Female,Jiangsu,High School,10,Spontaneous,42.63,195,148.27,9,79,94,99,89.5,High
AUD_765,1036,28,Female,Henan,Postgraduate,3,Reading,34.35,60,113.87,8,61,81,71,70.0,Medium
AUD_766,1779,22,Female,Henan,Postgraduate,6,Spontaneous,74.21,100,152.13,6,88,91,75,85.0,High
AUD_767,1368,44,Male,Hubei,High School,10,Reading,75.98,170,152.82,13,76,83,99,85.0,High
AUD_768,1694,29,Female,Jiangsu,Undergraduate,12,Spontaneous,34.97,72,101.72,10,62,68,74,67.4,Medium
AUD_769,1524,34,Male,Jiangsu,Undergraduate,6,Reading,38.32,96,149.86,13,96,63,55,73.80000000000001,Medium
AUD_770,1278,23,Female,Sichuan,High School,4,Spontaneous,36.74,124,120.02,8,59,87,54,65.9,Medium
AUD_771,1216,18,Female,Shanghai,Undergraduate,4,Reading,81.92,142,105.53,11,85,62,87,78.69999999999999,High
AUD_772,1866,22,Male,Hubei,Undergraduate,6,Spontaneous,74.19,176,135.03,3,80,71,87,79.39999999999999,High
AUD_773,1872,42,Male,Jiangsu,Undergraduate,6,Spontaneous,25.22,105,130.71,8,65,80,71,71.3,Medium
AUD_774,1797,31,Female,Jiangsu,Postgraduate,4,Reading,78.29,122,159.65,8,88,93,80,87.1,High
AUD_775,1272,22,Male,Shanghai,Undergraduate,9,Spontaneous,22.58,186,97.61,5,94,93,71,86.8,High
AUD_776,1880,39,Female,Sichuan,Postgraduate,8,Spontaneous,37.72,67,161.08,13,85,79,60,75.7,High
AUD_777,1061,41,Female,Hubei,Undergraduate,13,Spontaneous,84.33,93,99.55,13,75,72,81,75.89999999999999,High
AUD_778,1595,44,Male,Jiangsu,Postgraduate,5,Spontaneous,80.5,198,108.67,9,93,61,66,75.3,High
AUD_779,1879,18,Male,Zhejiang,High School,10,Reading,74.7,105,136.43,5,69,92,90,82.2,High
AUD_780,1728,35,Male,Sichuan,High School,10,Spontaneous,52.03,149,131.69,8,83,63,71,73.4,Medium
AUD_781,1341,33,Male,Hubei,Undergraduate,3,Reading,42.5,50,179.0,5,86,85,65,79.4,High
AUD_782,1396,26,Female,Jiangsu,Postgraduate,5,Reading,81.71,94,143.05,14,57,94,91,78.3,High
AUD_783,1698,36,Male,Jiangsu,High School,7,Reading,66.0,112,119.47,9,53,57,64,57.5,Low
AUD_784,1018,39,Male,Shanghai,High School,4,Reading,40.69,107,171.01,4,78,73,57,70.2,Medium
AUD_785,1176,22,Male,Hubei,High School,14,Spontaneous,52.42,112,118.1,3,80,52,95,76.1,High
AUD_786,1611,44,Male,Zhejiang,High School,14,Spontaneous,81.71,87,114.64,11,51,63,97,68.39999999999999,Medium
AUD_787,1395,19,Male,Sichuan,Undergraduate,7,Reading,83.24,78,134.49,7,74,99,52,74.89999999999999,Medium
AUD_788,1444,32,Female,Guangdong,Postgraduate,13,Spontaneous,66.15,89,172.19,8,87,60,62,71.4,Medium
AUD_789,1232,24,Female,Beijing,High School,12,Spontaneous,71.28,196,153.77,8,52,94,79,72.7,Medium
AUD_790,1914,21,Male,Zhejiang,Undergraduate,5,Reading,22.75,137,150.97,7,95,87,77,87.19999999999999,High
AUD_791,1075,18,Male,Guangdong,High School,11,Reading,62.32,105,155.35,12,91,77,58,76.9,High
AUD_792,1264,30,Female,Zhejiang,High School,13,Reading,68.23,93,149.37,9,92,72,61,76.7,High
AUD_793,1454,37,Male,Hubei,High School,3,Spontaneous,21.43,149,158.38,13,54,67,74,63.900000000000006,Medium
AUD_794,1795,39,Female,Guangdong,High School,6,Reading,79.07,190,107.35,7,71,69,86,74.9,Medium
AUD_795,1717,24,Female,Hubei,Undergraduate,12,Reading,84.98,98,105.95,7,65,82,70,71.6,Medium
AUD_796,1734,32,Male,Guangdong,Postgraduate,8,Spontaneous,36.66,164,122.59,4,58,51,88,64.9,Medium
AUD_797,1383,40,Female,Zhejiang,Undergraduate,11,Spontaneous,79.21,124,166.59,13,97,88,88,91.6,High
AUD_798,1563,31,Male,Shanghai,Undergraduate,5,Spontaneous,66.59,188,154.3,3,58,86,68,69.4,Medium
AUD_799,1850,40,Male,Zhejiang,Undergraduate,5,Spontaneous,60.65,98,140.98,8,98,75,57,78.8,High
AUD_800,1505,36,Female,Hubei,High School,14,Spontaneous,79.02,156,91.75,7,61,51,87,65.8,Medium
AUD_801,1366,39,Female,Zhejiang,Postgraduate,7,Spontaneous,39.99,160,111.22,2,96,52,52,69.60000000000001,Medium
AUD_802,1143,41,Male,Henan,High School,9,Spontaneous,75.36,164,162.32,3,91,69,71,78.39999999999999,High
AUD_803,1884,37,Female,Henan,Undergraduate,7,Spontaneous,42.02,70,111.82,3,53,59,50,53.900000000000006,Low
AUD_804,1068,41,Male,Guangdong,High School,13,Reading,75.12,96,155.73,2,98,91,87,92.6,High
AUD_805,1098,35,Female,Henan,Postgraduate,10,Spontaneous,51.57,52,106.62,4,67,70,68,68.19999999999999,Medium
AUD_806,1395,27,Female,Beijing,Postgraduate,7,Reading,28.19,176,144.57,6,67,89,70,74.5,Medium
AUD_807,1024,26,Male,Guangdong,High School,9,Spontaneous,46.71,116,146.54,5,91,58,62,72.39999999999999,Medium
AUD_808,1947,42,Male,Henan,Undergraduate,8,Spontaneous,36.34,111,157.68,13,92,51,76,74.9,Medium
AUD_809,1890,25,Male,Jiangsu,High School,12,Reading,27.04,199,129.45,3,82,77,66,75.7,High
AUD_810,1468,43,Female,Zhejiang,Undergraduate,4,Spontaneous,27.72,80,146.94,9,91,52,99,81.7,High
AUD_811,1483,27,Male,Sichuan,Postgraduate,5,Reading,74.6,95,133.83,10,52,65,69,61.0,Medium
AUD_812,1564,34,Male,Zhejiang,High School,13,Spontaneous,81.7,94,175.26,9,87,53,79,74.4,Medium
AUD_813,1150,19,Female,Henan,Postgraduate,13,Reading,84.9,63,136.97,8,66,72,87,74.1,Medium
AUD_814,1143,23,Female,Shanghai,Undergraduate,6,Reading,79.78,170,108.86,11,61,79,60,66.1,Medium
AUD_815,1568,43,Male,Hubei,Undergraduate,7,Spontaneous,78.12,189,150.11,3,60,87,76,72.89999999999999,Medium
AUD_816,1038,22,Male,Sichuan,High School,11,Reading,24.82,168,139.36,7,66,62,87,71.1,Medium
AUD_817,1108,26,Male,Guangdong,High School,8,Reading,75.31,126,162.34,12,84,55,77,73.2,Medium
AUD_818,1692,22,Male,Shanghai,High School,3,Spontaneous,74.83,137,105.92,5,90,59,75,76.2,High
AUD_819,1041,35,Female,Zhejiang,Postgraduate,5,Spontaneous,29.19,166,113.48,6,99,66,88,85.80000000000001,High
AUD_820,1185,43,Female,Henan,Undergraduate,9,Reading,66.34,173,172.95,10,55,57,82,63.69999999999999,Medium
AUD_821,1934,37,Male,Guangdong,Undergraduate,10,Spontaneous,51.68,103,173.7,14,84,58,81,75.3,High
AUD_822,1397,26,Male,Guangdong,Postgraduate,9,Reading,83.0,97,129.8,10,55,83,74,69.1,Medium
AUD_823,1222,34,Male,Jiangsu,High School,7,Reading,68.68,150,94.3,5,81,66,73,74.1,Medium
AUD_824,1633,44,Female,Jiangsu,High School,12,Reading,86.57,64,117.59,9,60,92,89,78.3,High
AUD_825,1132,34,Male,Henan,Postgraduate,10,Spontaneous,27.34,162,112.24,12,92,99,76,89.3,High
AUD_826,1162,29,Male,Henan,Undergraduate,11,Spontaneous,22.84,65,127.32,6,88,71,95,85.0,High
AUD_827,1214,24,Female,Beijing,Undergraduate,9,Reading,88.15,184,118.6,10,62,52,71,61.7,Medium
AUD_828,1732,44,Female,Jiangsu,Undergraduate,13,Reading,25.61,92,164.61,3,62,90,69,72.5,Medium
AUD_829,1234,20,Male,Hubei,Undergraduate,11,Reading,47.03,77,90.27,5,88,89,82,86.5,High
AUD_830,1842,27,Male,Sichuan,Postgraduate,3,Spontaneous,65.5,115,148.02,4,95,78,54,77.6,High
AUD_831,1657,19,Female,Guangdong,Undergraduate,11,Reading,81.6,147,149.78,8,83,88,78,83.0,High
AUD_832,1750,42,Male,Jiangsu,Postgraduate,5,Spontaneous,37.82,109,149.46,3,52,76,54,59.8,Low
AUD_833,1587,20,Male,Henan,High School,8,Reading,22.03,177,136.85,4,81,88,95,87.3,High
AUD_834,1008,33,Female,Beijing,Postgraduate,10,Reading,56.49,180,145.0,10,53,89,88,74.30000000000001,Medium
AUD_835,1073,19,Female,Henan,Undergraduate,5,Reading,52.98,178,162.94,9,89,86,66,81.2,High
AUD_836,1953,41,Female,Henan,High School,6,Reading,41.48,105,160.58,3,50,52,78,59.0,Low
AUD_837,1491,27,Male,Henan,Postgraduate,9,Spontaneous,81.17,133,93.12,7,58,68,60,61.6,Medium
AUD_838,1912,23,Female,Zhejiang,Postgraduate,14,Spontaneous,72.45,81,92.74,4,98,83,71,85.39999999999999,High
AUD_839,1252,39,Female,Sichuan,Postgraduate,9,Spontaneous,80.07,130,165.51,13,99,63,80,82.5,High
AUD_840,1229,43,Male,Jiangsu,High School,6,Spontaneous,31.33,67,141.73,14,56,70,88,69.80000000000001,Medium
AUD_841,1518,28,Male,Guangdong,Postgraduate,11,Spontaneous,68.47,84,176.17,7,76,51,50,60.7,Medium
AUD_842,1173,40,Female,Zhejiang,Undergraduate,5,Reading,88.26,153,128.84,6,52,59,64,57.7,Low
AUD_843,1652,24,Female,Henan,High School,14,Spontaneous,62.83,149,105.91,11,71,91,68,76.1,High
AUD_844,1167,44,Male,Hubei,High School,10,Spontaneous,32.0,72,132.59,5,65,66,59,63.5,Medium
AUD_845,1169,32,Male,Guangdong,Postgraduate,10,Spontaneous,89.7,190,129.29,13,57,51,58,55.5,Low
AUD_846,1392,23,Female,Zhejiang,Undergraduate,6,Spontaneous,56.98,191,136.55,8,54,76,62,63.0,Medium
AUD_847,1945,37,Female,Hubei,High School,9,Reading,78.8,54,162.72,12,98,50,94,82.4,High
AUD_848,1794,44,Male,Hubei,Postgraduate,6,Reading,30.46,199,149.0,11,79,99,75,83.8,High
AUD_849,1633,26,Female,Sichuan,Undergraduate,14,Reading,66.63,77,106.67,8,77,85,55,72.8,Medium
AUD_850,1193,39,Male,Guangdong,Postgraduate,3,Spontaneous,83.88,181,156.1,5,76,82,89,81.7,High
AUD_851,1516,37,Female,Jiangsu,Postgraduate,3,Reading,57.24,99,143.27,4,99,71,93,88.80000000000001,High
AUD_852,1028,29,Male,Jiangsu,High School,3,Reading,40.21,151,142.05,5,71,98,51,73.1,Medium
AUD_853,1164,36,Male,Beijing,High School,4,Spontaneous,28.92,78,151.04,3,79,84,78,80.19999999999999,High
AUD_854,1421,37,Female,Zhejiang,Postgraduate,8,Spontaneous,40.72,86,140.76,5,86,83,97,88.39999999999999,High
AUD_855,1338,20,Female,Beijing,High School,14,Spontaneous,44.84,197,131.18,5,56,67,61,60.8,Medium
AUD_856,1647,32,Male,Shanghai,High School,12,Reading,69.7,179,147.63,13,99,85,72,86.69999999999999,High
AUD_857,1495,19,Female,Jiangsu,Undergraduate,13,Spontaneous,32.5,165,155.14,6,79,52,99,76.9,High
AUD_858,1364,38,Female,Zhejiang,Undergraduate,7,Reading,27.43,107,110.32,2,62,93,52,68.3,Medium
AUD_859,1832,19,Female,Sichuan,Postgraduate,13,Reading,47.09,195,134.73,3,71,65,99,77.60000000000001,High
AUD_860,1341,39,Male,Beijing,Postgraduate,4,Reading,52.11,155,131.24,9,60,60,60,60.0,Medium
AUD_861,1499,20,Female,Sichuan,Postgraduate,10,Reading,63.99,105,93.59,9,54,59,54,55.5,Low
AUD_862,1656,23,Female,Sichuan,Postgraduate,11,Reading,69.53,171,165.1,9,71,91,94,83.9,High
AUD_863,1510,32,Male,Henan,Undergraduate,9,Spontaneous,82.25,152,123.96,6,64,70,59,64.3,Medium
AUD_864,1326,44,Female,Henan,High School,14,Reading,40.23,172,96.54,9,88,74,96,86.2,High
AUD_865,1216,27,Female,Sichuan,Undergraduate,14,Reading,57.0,71,131.21,10,86,84,55,76.1,High
AUD_866,1300,26,Male,Beijing,Postgraduate,11,Reading,45.62,109,104.53,5,80,55,65,68.0,Medium
AUD_867,1131,18,Male,Henan,Postgraduate,6,Reading,20.1,187,153.4,5,78,95,80,83.7,High
AUD_868,1803,33,Female,Shanghai,Undergraduate,9,Reading,60.56,133,141.46,8,88,93,72,84.7,High
AUD_869,1069,23,Female,Hubei,Undergraduate,7,Spontaneous,77.11,177,114.31,6,66,57,79,67.2,Medium
AUD_870,1251,26,Male,Hubei,Postgraduate,7,Reading,22.55,129,175.54,12,90,83,89,87.6,High
AUD_871,1414,44,Male,Henan,High School,5,Reading,20.24,183,116.26,11,55,90,69,69.7,Medium
AUD_872,1786,21,Female,Beijing,Postgraduate,11,Reading,70.95,130,139.95,2,90,95,74,86.7,High
AUD_873,1444,44,Female,Hubei,Undergraduate,12,Reading,67.87,55,162.14,9,66,50,84,66.60000000000001,Medium
AUD_874,1875,19,Female,Guangdong,Postgraduate,7,Spontaneous,48.41,135,136.25,5,83,52,54,65.0,Medium
AUD_875,1181,21,Male,Hubei,Postgraduate,8,Reading,66.31,131,176.48,9,72,87,96,83.69999999999999,High
AUD_876,1166,18,Female,Jiangsu,High School,5,Reading,86.74,91,165.95,3,79,76,52,70.0,Medium
AUD_877,1090,36,Male,Beijing,Postgraduate,12,Reading,37.35,123,172.89,13,62,62,96,72.19999999999999,Medium
AUD_878,1713,43,Male,Henan,Postgraduate,9,Reading,37.21,90,123.54,13,79,92,83,84.1,High
AUD_879,1857,42,Male,Henan,Postgraduate,11,Spontaneous,33.04,112,139.35,5,98,96,61,86.3,High
AUD_880,1530,27,Female,Hubei,Undergraduate,11,Spontaneous,70.68,71,165.61,3,69,99,76,80.1,High
AUD_881,1038,38,Female,Beijing,Undergraduate,12,Spontaneous,44.72,128,171.32,6,55,68,54,58.599999999999994,Low
AUD_882,1125,32,Female,Shanghai,High School,12,Reading,89.21,120,174.99,11,80,68,90,79.4,High
AUD_883,1450,44,Male,Guangdong,Postgraduate,7,Spontaneous,70.03,163,169.12,11,68,55,71,65.0,Medium
AUD_884,1172,39,Female,Henan,Undergraduate,9,Spontaneous,45.72,83,155.77,9,55,96,53,66.69999999999999,Medium
AUD_885,1652,36,Male,Beijing,High School,14,Spontaneous,30.44,145,92.18,12,83,63,77,75.2,High
AUD_886,1753,33,Male,Henan,Postgraduate,14,Spontaneous,61.44,179,118.35,8,77,54,56,63.8,Medium
AUD_887,1219,38,Male,Henan,High School,5,Spontaneous,40.64,158,101.6,12,62,92,97,81.5,High
AUD_888,1637,44,Male,Jiangsu,High School,8,Reading,83.39,124,103.93,6,59,94,94,80.0,High
AUD_889,1057,41,Male,Hubei,High School,14,Spontaneous,50.9,68,116.18,12,90,94,83,89.1,High
AUD_890,1659,39,Male,Jiangsu,High School,10,Spontaneous,40.49,174,96.73,8,94,85,51,78.4,High
AUD_891,1475,21,Female,Hubei,High School,10,Spontaneous,61.2,69,111.87,6,56,58,58,57.199999999999996,Low
AUD_892,1455,19,Male,Henan,High School,4,Reading,29.59,165,176.13,8,67,72,64,67.6,Medium
AUD_893,1828,42,Female,Beijing,High School,8,Reading,59.31,143,118.07,5,71,81,80,76.7,High
AUD_894,1894,30,Male,Sichuan,Postgraduate,9,Spontaneous,23.93,131,104.37,5,63,78,85,74.1,Medium
AUD_895,1360,18,Female,Hubei,Postgraduate,14,Reading,62.48,145,154.65,11,85,94,98,91.6,High
AUD_896,1934,34,Female,Sichuan,High School,9,Reading,57.11,153,164.57,5,57,77,90,72.9,Medium
AUD_897,1000,30,Female,Guangdong,Postgraduate,5,Spontaneous,56.45,53,118.26,12,61,89,64,70.3,Medium
AUD_898,1386,21,Female,Jiangsu,High School,11,Reading,67.89,196,115.06,9,89,60,82,78.2,High
AUD_899,1972,24,Male,Sichuan,Postgraduate,4,Spontaneous,23.11,180,111.76,2,97,68,80,83.2,High
AUD_900,1347,34,Male,Jiangsu,Undergraduate,13,Spontaneous,52.18,141,125.39,11,82,50,76,70.60000000000001,Medium
AUD_901,1189,26,Male,Hubei,High School,5,Spontaneous,51.08,110,97.85,6,73,58,51,61.9,Medium
AUD_902,1504,21,Male,Hubei,Undergraduate,13,Reading,52.18,87,150.22,13,91,51,58,69.1,Medium
AUD_903,1190,36,Female,Guangdong,High School,4,Spontaneous,88.59,167,164.0,11,88,53,92,78.7,High
AUD_904,1507,18,Female,Hubei,High School,13,Spontaneous,29.75,183,149.73,3,63,78,50,63.6,Medium
AUD_905,1368,27,Female,Henan,Undergraduate,11,Reading,68.33,105,127.91,11,98,53,68,75.5,High
AUD_906,1408,21,Male,Guangdong,Undergraduate,6,Spontaneous,48.14,170,116.01,5,54,50,58,54.0,Low
AUD_907,1823,26,Female,Sichuan,Undergraduate,4,Reading,55.82,130,126.85,6,68,77,51,65.6,Medium
AUD_908,1928,30,Male,Hubei,High School,5,Reading,73.37,155,128.15,9,52,67,86,66.7,Medium
AUD_909,1933,31,Female,Beijing,Undergraduate,6,Spontaneous,31.02,169,149.94,3,50,95,98,77.9,High
AUD_910,1116,27,Female,Zhejiang,Undergraduate,12,Reading,73.45,118,173.53,3,89,62,50,69.2,Medium
AUD_911,1133,23,Female,Shanghai,Postgraduate,8,Spontaneous,24.92,132,96.35,3,90,89,95,91.2,High
AUD_912,1057,33,Female,Henan,Postgraduate,7,Reading,53.83,91,175.8,9,86,55,61,69.2,Medium
AUD_913,1555,23,Female,Zhejiang,Undergraduate,5,Reading,71.94,148,171.92,13,82,98,75,84.7,High
AUD_914,1684,34,Male,Zhejiang,Undergraduate,12,Reading,33.48,179,100.6,4,98,92,59,84.5,High
AUD_915,1671,27,Female,Jiangsu,Undergraduate,10,Reading,73.96,77,106.52,6,95,96,96,95.6,High
AUD_916,1172,35,Male,Henan,Undergraduate,10,Spontaneous,31.68,166,118.04,3,66,88,50,67.8,Medium
AUD_917,1828,44,Male,Henan,Postgraduate,9,Spontaneous,75.95,194,140.37,7,58,71,50,59.5,Low
AUD_918,1814,39,Male,Guangdong,High School,5,Reading,52.83,119,102.1,11,80,79,92,83.3,High
AUD_919,1148,35,Male,Jiangsu,Undergraduate,3,Spontaneous,67.92,156,108.03,7,84,76,80,80.4,High
AUD_920,1079,20,Male,Sichuan,Undergraduate,7,Spontaneous,84.22,172,171.24,3,52,57,60,55.9,Low
AUD_921,1885,37,Male,Shanghai,Postgraduate,3,Spontaneous,48.59,118,99.84,5,62,92,54,68.6,Medium
AUD_922,1212,44,Male,Sichuan,Undergraduate,8,Spontaneous,36.31,88,125.9,12,86,77,84,82.7,High
AUD_923,1202,38,Male,Beijing,Undergraduate,13,Spontaneous,80.7,184,158.67,3,87,51,60,68.1,Medium
AUD_924,1763,42,Female,Shanghai,Postgraduate,9,Spontaneous,31.31,53,169.97,11,63,69,53,61.800000000000004,Medium
AUD_925,1228,32,Female,Jiangsu,Undergraduate,14,Spontaneous,64.2,198,120.24,5,55,60,87,66.1,Medium
AUD_926,1675,32,Male,Hubei,Undergraduate,7,Reading,84.63,131,104.8,14,78,63,99,79.8,High
AUD_927,1226,21,Male,Hubei,Postgraduate,6,Spontaneous,67.21,146,156.33,14,98,73,88,87.5,High
AUD_928,1658,44,Male,Jiangsu,High School,4,Reading,33.7,191,159.53,12,58,62,70,62.8,Medium
AUD_929,1531,26,Female,Sichuan,Undergraduate,7,Reading,30.66,119,178.2,8,85,57,85,76.6,High
AUD_930,1440,44,Female,Jiangsu,Undergraduate,11,Reading,37.66,95,102.56,6,72,93,95,85.2,High
AUD_931,1401,43,Male,Jiangsu,High School,6,Spontaneous,47.4,197,153.85,11,64,70,77,69.7,Medium
AUD_932,1046,36,Male,Zhejiang,Postgraduate,4,Spontaneous,31.14,148,127.56,5,99,71,57,78.0,High
AUD_933,1232,41,Female,Beijing,High School,8,Reading,75.85,129,172.32,11,96,58,69,76.5,High
AUD_934,1304,34,Female,Henan,Undergraduate,10,Reading,44.99,97,126.7,11,99,91,92,94.5,High
AUD_935,1525,28,Male,Hubei,High School,4,Spontaneous,85.53,56,130.14,4,56,92,95,78.5,High
AUD_936,1142,42,Male,Zhejiang,Postgraduate,11,Spontaneous,78.97,89,101.41,14,96,60,70,77.4,High
AUD_937,1414,26,Male,Jiangsu,Undergraduate,9,Spontaneous,83.62,108,118.88,14,74,65,84,74.3,Medium
AUD_938,1512,27,Male,Guangdong,Postgraduate,4,Reading,40.61,85,126.08,14,86,99,92,91.69999999999999,High
AUD_939,1372,35,Female,Zhejiang,Postgraduate,13,Reading,60.16,157,91.58,7,72,58,81,70.5,Medium
AUD_940,1565,37,Female,Jiangsu,High School,7,Spontaneous,42.5,80,129.38,3,60,52,85,65.1,Medium
AUD_941,1885,30,Male,Hubei,High School,7,Spontaneous,37.99,93,120.27,5,95,85,90,90.5,High
AUD_942,1258,25,Male,Henan,Postgraduate,9,Reading,62.5,92,162.35,13,57,91,54,66.3,Medium
AUD_943,1655,24,Male,Jiangsu,Postgraduate,7,Spontaneous,77.26,183,99.64,9,85,62,94,80.8,High
AUD_944,1470,34,Female,Beijing,Undergraduate,13,Spontaneous,26.55,142,158.42,3,91,50,53,67.3,Medium
AUD_945,1952,38,Male,Sichuan,Postgraduate,8,Reading,39.3,135,154.26,10,88,93,56,79.9,High
AUD_946,1970,40,Male,Shanghai,Postgraduate,11,Reading,34.36,58,111.76,3,50,60,83,62.9,Medium
AUD_947,1011,32,Male,Zhejiang,High School,5,Reading,75.88,60,97.49,9,93,73,69,79.8,High
AUD_948,1329,37,Female,Zhejiang,Postgraduate,5,Reading,85.34,129,165.77,9,62,54,56,57.8,Low
AUD_949,1735,32,Male,Zhejiang,Postgraduate,10,Spontaneous,25.6,158,112.45,8,65,51,73,63.199999999999996,Medium
AUD_950,1783,18,Female,Jiangsu,High School,12,Reading,46.54,167,103.1,14,95,66,70,78.8,High
AUD_951,1967,42,Male,Henan,Undergraduate,14,Spontaneous,84.02,67,122.31,11,62,66,58,62.0,Medium
AUD_952,1357,31,Male,Beijing,High School,8,Spontaneous,44.12,146,126.08,7,86,69,68,75.5,High
AUD_953,1971,22,Male,Henan,High School,14,Spontaneous,69.89,79,119.35,2,63,64,69,65.10000000000001,Medium
AUD_954,1407,28,Female,Jiangsu,Postgraduate,12,Reading,27.05,164,177.88,3,62,53,77,63.8,Medium
AUD_955,1667,33,Male,Jiangsu,Postgraduate,5,Reading,51.11,50,169.27,8,95,60,81,80.3,High
AUD_956,1372,19,Male,Sichuan,Undergraduate,4,Spontaneous,55.23,146,168.57,14,61,72,83,70.9,Medium
AUD_957,1007,25,Female,Guangdong,Postgraduate,4,Spontaneous,73.04,162,125.89,12,77,50,65,65.3,Medium
AUD_958,1121,28,Female,Beijing,Undergraduate,4,Reading,40.22,128,176.66,5,71,91,87,81.8,High
AUD_959,1347,35,Female,Zhejiang,Undergraduate,7,Spontaneous,38.49,78,151.56,10,69,99,99,87.0,High
AUD_960,1675,20,Male,Shanghai,Undergraduate,14,Spontaneous,41.21,115,164.88,4,96,96,66,87.0,High
AUD_961,1089,43,Female,Zhejiang,Undergraduate,7,Spontaneous,58.9,154,135.08,5,68,53,60,61.1,Medium
AUD_962,1647,18,Male,Henan,Postgraduate,3,Spontaneous,81.32,68,104.46,4,60,87,53,66.0,Medium
AUD_963,1697,28,Female,Jiangsu,High School,4,Spontaneous,78.17,115,169.82,8,79,51,89,73.6,Medium
AUD_964,1315,33,Female,Beijing,High School,4,Spontaneous,24.06,161,133.78,3,75,94,99,87.9,High
AUD_965,1177,35,Female,Hubei,Postgraduate,6,Spontaneous,81.53,109,177.17,11,64,76,94,76.60000000000001,High
AUD_966,1539,33,Male,Beijing,Postgraduate,9,Spontaneous,26.66,166,112.94,13,79,83,89,83.2,High
AUD_967,1731,40,Male,Beijing,Undergraduate,5,Reading,49.07,117,179.31,13,78,62,91,77.1,High
AUD_968,1868,27,Male,Guangdong,Postgraduate,7,Reading,73.58,142,110.02,3,81,96,67,81.3,High
AUD_969,1040,35,Male,Zhejiang,High School,13,Spontaneous,25.71,190,123.14,3,79,67,99,81.4,High
AUD_970,1739,23,Male,Guangdong,Postgraduate,11,Spontaneous,22.83,192,143.46,13,93,60,98,84.6,High
AUD_971,1703,36,Male,Hubei,Postgraduate,7,Reading,43.1,197,152.4,5,65,54,97,71.3,Medium
AUD_972,1922,21,Male,Hubei,Undergraduate,11,Reading,71.09,197,154.83,9,85,78,55,73.9,Medium
AUD_973,1501,44,Male,Sichuan,Undergraduate,3,Reading,56.52,99,132.86,9,67,74,95,77.5,High
AUD_974,1958,30,Male,Henan,Undergraduate,11,Spontaneous,49.19,138,96.91,9,90,63,81,79.2,High
AUD_975,1144,41,Female,Shanghai,Undergraduate,7,Reading,76.92,148,134.64,9,97,97,54,84.10000000000001,High
AUD_976,1200,31,Female,Sichuan,High School,10,Reading,73.67,162,120.12,8,88,95,64,82.9,High
AUD_977,1928,20,Male,Jiangsu,Postgraduate,7,Spontaneous,75.02,156,149.19,7,77,90,94,86.0,High
AUD_978,1723,27,Male,Guangdong,Postgraduate,14,Reading,52.18,73,106.4,13,68,87,65,72.8,Medium
AUD_979,1460,23,Male,Guangdong,Undergraduate,8,Spontaneous,21.36,74,125.45,8,60,90,97,80.1,High
AUD_980,1731,18,Male,Sichuan,High School,10,Reading,32.05,60,176.95,14,66,86,66,72.0,Medium
AUD_981,1751,40,Female,Jiangsu,High School,4,Reading,71.89,143,98.0,6,70,60,86,71.8,Medium
AUD_982,1924,41,Female,Beijing,Postgraduate,5,Reading,72.72,109,144.21,9,86,93,92,89.89999999999999,High
AUD_983,1908,44,Male,Jiangsu,Undergraduate,13,Reading,88.06,74,98.16,3,93,81,64,80.7,High
AUD_984,1557,31,Female,Zhejiang,Postgraduate,11,Reading,33.31,194,104.13,6,83,98,84,87.8,High
AUD_985,1546,25,Female,Sichuan,Postgraduate,7,Spontaneous,28.6,189,144.44,8,82,55,57,66.4,Medium
AUD_986,1252,36,Male,Henan,High School,7,Spontaneous,29.72,172,129.96,10,78,55,84,72.9,Medium
AUD_987,1389,31,Male,Jiangsu,High School,11,Reading,32.94,60,139.36,11,53,96,85,75.5,High
AUD_988,1593,27,Male,Beijing,Postgraduate,12,Spontaneous,56.99,59,169.19,2,81,98,76,84.6,High
AUD_989,1882,34,Male,Jiangsu,Undergraduate,5,Reading,88.26,130,163.55,12,60,71,63,64.19999999999999,Medium
AUD_990,1255,26,Female,Guangdong,Undergraduate,6,Reading,61.26,103,169.92,10,75,52,72,67.2,Medium
AUD_991,1708,23,Male,Shanghai,Postgraduate,9,Reading,56.59,158,145.46,4,67,68,69,67.9,Medium
AUD_992,1814,28,Female,Guangdong,Postgraduate,4,Reading,67.13,112,134.07,2,81,83,55,73.8,Medium
AUD_993,1920,42,Male,Henan,Undergraduate,10,Reading,25.18,69,131.33,8,76,90,73,79.30000000000001,High
AUD_994,1449,24,Female,Hubei,Undergraduate,7,Spontaneous,77.07,54,156.58,4,65,90,72,74.6,Medium
AUD_995,1009,34,Male,Shanghai,Undergraduate,3,Spontaneous,65.28,90,136.92,9,59,56,85,65.9,Medium
AUD_996,1823,18,Male,Hubei,Postgraduate,5,Spontaneous,31.98,167,99.52,12,93,65,61,75.0,High
AUD_997,1797,39,Female,Jiangsu,High School,11,Spontaneous,64.15,112,102.77,3,83,87,51,74.6,Medium
AUD_998,1241,22,Female,Zhejiang,Undergraduate,7,Reading,61.73,81,122.14,5,82,58,76,73.0,Medium
AUD_999,1250,26,Female,Henan,Undergraduate,10,Spontaneous,24.54,76,96.1,13,59,62,81,66.5,Medium
AUD_1000,1876,35,Male,Jiangsu,Undergraduate,3,Reading,38.69,117,111.53,3,91,83,78,84.69999999999999,High
AUD_1001,1004,41,Female,Beijing,Postgraduate,9,Reading,47.37,154,149.08,12,75,95,99,88.2,High
AUD_1002,1118,44,Female,Jiangsu,High School,9,Spontaneous,37.14,56,91.12,5,91,86,95,90.7,High
AUD_1003,1800,38,Female,Shanghai,High School,10,Spontaneous,37.02,152,144.37,13,74,92,89,83.9,High
AUD_1004,1373,19,Female,Guangdong,Undergraduate,5,Reading,60.11,161,159.51,2,51,96,89,75.9,High
AUD_1005,1064,43,Female,Zhejiang,Postgraduate,3,Reading,52.96,195,105.31,14,75,55,93,74.4,Medium
AUD_1006,1145,28,Female,Hubei,High School,13,Reading,66.71,152,106.29,11,69,87,82,78.3,High
AUD_1007,1223,44,Female,Jiangsu,Postgraduate,11,Spontaneous,86.95,66,92.6,6,52,97,78,73.3,Medium
AUD_1008,1238,23,Female,Jiangsu,High School,3,Reading,66.24,139,136.12,4,81,53,82,72.89999999999999,Medium
AUD_1009,1176,43,Female,Guangdong,Undergraduate,13,Reading,60.75,164,148.91,10,50,54,85,61.7,Medium
AUD_1010,1778,25,Male,Zhejiang,Postgraduate,8,Reading,79.33,135,131.12,5,73,55,66,65.5,Medium
AUD_1011,1852,21,Male,Sichuan,Undergraduate,11,Reading,64.25,152,125.05,7,99,62,59,75.9,High
AUD_1012,1281,35,Female,Hubei,High School,4,Spontaneous,31.59,131,130.9,10,92,95,50,80.30000000000001,High
AUD_1013,1062,28,Male,Jiangsu,High School,6,Spontaneous,42.03,175,160.34,3,93,73,92,86.7,High
AUD_1014,1216,22,Male,Jiangsu,Undergraduate,4,Reading,71.34,87,93.02,8,82,77,66,75.7,High
AUD_1015,1853,32,Female,Sichuan,High School,6,Spontaneous,71.69,141,160.54,4,87,62,91,80.7,High
AUD_1016,1826,35,Female,Hubei,Undergraduate,4,Reading,89.09,112,149.97,2,97,91,77,89.2,High
AUD_1017,1794,19,Female,Shanghai,Undergraduate,14,Spontaneous,63.89,185,111.73,10,84,98,87,89.1,High
AUD_1018,1688,39,Female,Shanghai,Undergraduate,3,Spontaneous,82.97,79,137.23,10,66,67,85,72.0,Medium
AUD_1019,1460,28,Female,Henan,High School,13,Spontaneous,23.82,113,94.44,13,97,56,94,83.80000000000001,High
AUD_1020,1928,43,Female,Henan,Postgraduate,5,Spontaneous,59.64,58,124.16,12,92,53,76,75.5,High
AUD_1021,1609,42,Male,Beijing,Undergraduate,10,Reading,84.39,106,105.66,5,97,80,92,90.4,High
AUD_1022,1104,30,Female,Guangdong,Postgraduate,7,Reading,40.11,156,92.01,10,93,73,86,84.9,High
AUD_1023,1098,21,Male,Zhejiang,High School,6,Reading,30.84,144,122.14,8,82,71,95,82.60000000000001,High
AUD_1024,1510,39,Female,Jiangsu,High School,7,Spontaneous,44.54,124,155.35,5,60,70,74,67.2,Medium
AUD_1025,1384,24,Female,Hubei,Postgraduate,8,Spontaneous,75.46,54,172.89,13,72,97,83,82.8,High
AUD_1026,1404,28,Male,Jiangsu,Undergraduate,8,Reading,25.93,144,149.6,3,87,91,52,77.7,High
AUD_1027,1822,39,Female,Henan,High School,7,Spontaneous,62.02,53,126.18,14,81,75,78,78.3,High
AUD_1028,1517,41,Female,Beijing,Undergraduate,14,Spontaneous,29.49,57,179.95,6,68,79,84,76.10000000000001,High
AUD_1029,1475,21,Male,Hubei,Undergraduate,13,Reading,50.49,190,115.46,9,61,84,92,77.2,High
AUD_1030,1976,32,Female,Hubei,Postgraduate,14,Spontaneous,87.62,182,106.84,11,77,72,90,79.4,High
AUD_1031,1708,18,Male,Jiangsu,High School,8,Reading,33.66,89,131.73,11,51,94,59,66.3,Medium
AUD_1032,1862,40,Female,Guangdong,Postgraduate,11,Spontaneous,22.38,68,135.44,7,59,89,87,76.39999999999999,High
AUD_1033,1644,20,Female,Beijing,High School,7,Reading,49.9,131,121.93,13,68,99,87,83.0,High
AUD_1034,1869,31,Male,Guangdong,Postgraduate,8,Spontaneous,60.44,174,152.59,13,77,79,50,69.5,Medium
AUD_1035,1770,23,Female,Beijing,High School,6,Spontaneous,40.83,53,106.55,12,96,68,50,73.80000000000001,Medium
AUD_1036,1436,35,Male,Jiangsu,High School,5,Spontaneous,57.92,177,135.93,6,57,81,81,71.4,Medium
AUD_1037,1022,42,Male,Beijing,High School,14,Spontaneous,86.74,195,135.01,5,92,99,71,87.8,High
AUD_1038,1996,18,Male,Shanghai,Undergraduate,8,Spontaneous,41.82,156,164.14,12,72,68,68,69.6,Medium
AUD_1039,1564,23,Female,Hubei,Undergraduate,13,Reading,41.66,142,173.43,7,97,71,84,85.30000000000001,High
AUD_1040,1676,23,Female,Zhejiang,Postgraduate,13,Spontaneous,53.79,80,149.69,14,94,53,55,70.0,Medium
AUD_1041,1713,38,Male,Jiangsu,Postgraduate,7,Reading,56.07,107,117.48,12,79,94,83,84.69999999999999,High
AUD_1042,1457,33,Female,Sichuan,High School,6,Reading,20.1,77,152.06,4,77,61,64,68.3,Medium
AUD_1043,1082,22,Female,Zhejiang,High School,7,Reading,63.11,186,112.62,3,62,64,93,71.9,Medium
AUD_1044,1144,34,Female,Jiangsu,Undergraduate,9,Spontaneous,89.82,139,176.99,2,86,64,91,80.89999999999999,High
AUD_1045,1084,27,Male,Zhejiang,Undergraduate,3,Reading,40.44,98,164.01,10,61,59,94,70.3,Medium
AUD_1046,1077,38,Female,Shanghai,Undergraduate,3,Spontaneous,64.16,160,128.81,2,59,68,52,59.6,Low
AUD_1047,1456,35,Male,Zhejiang,Postgraduate,13,Spontaneous,20.32,51,160.59,12,66,57,99,73.2,Medium
AUD_1048,1877,24,Female,Beijing,Undergraduate,3,Spontaneous,62.3,55,126.78,5,50,80,86,69.8,Medium
AUD_1049,1000,20,Female,Henan,Postgraduate,4,Reading,51.29,78,96.71,7,71,58,71,67.1,Medium
AUD_1050,1050,30,Male,Zhejiang,Undergraduate,11,Spontaneous,57.12,56,153.61,10,64,78,94,77.2,High
AUD_1051,1684,32,Female,Jiangsu,Undergraduate,7,Spontaneous,58.07,83,126.42,5,65,56,78,66.19999999999999,Medium
AUD_1052,1716,37,Male,Sichuan,High School,11,Spontaneous,32.39,187,173.73,8,69,57,63,63.6,Medium
AUD_1053,1771,36,Female,Sichuan,Postgraduate,7,Reading,73.9,161,117.59,8,59,90,79,74.3,Medium
AUD_1054,1445,20,Male,Henan,Undergraduate,9,Reading,58.88,106,165.9,14,91,66,64,75.4,High
AUD_1055,1448,21,Female,Guangdong,High School,8,Reading,38.91,76,151.24,7,75,64,99,78.9,High
AUD_1056,1880,22,Female,Henan,Postgraduate,4,Reading,85.62,88,166.8,10,98,65,78,82.1,High
AUD_1057,1487,18,Female,Hubei,Postgraduate,5,Spontaneous,20.89,199,116.27,12,72,56,63,64.5,Medium
AUD_1058,1799,21,Male,Zhejiang,Undergraduate,7,Reading,70.82,168,131.52,11,66,91,52,69.3,Medium
AUD_1059,1033,29,Male,Sichuan,Postgraduate,6,Spontaneous,46.69,196,164.08,8,83,68,71,74.9,Medium
AUD_1060,1347,44,Male,Henan,High School,13,Reading,56.58,149,147.94,4,90,87,82,86.69999999999999,High
AUD_1061,1094,41,Female,Zhejiang,High School,8,Spontaneous,40.41,58,122.39,7,71,74,72,72.2,Medium
AUD_1062,1071,27,Male,Hubei,Postgraduate,10,Reading,42.49,196,136.08,8,53,61,56,56.3,Low
AUD_1063,1550,40,Male,Sichuan,High School,10,Reading,21.06,51,179.65,13,56,81,69,67.4,Medium
AUD_1064,1153,42,Male,Hubei,Postgraduate,5,Reading,71.09,141,156.77,8,54,96,56,67.2,Medium
AUD_1065,1249,38,Male,Zhejiang,High School,6,Spontaneous,69.76,108,145.31,14,80,59,66,69.5,Medium
AUD_1066,1673,43,Male,Jiangsu,Postgraduate,3,Spontaneous,65.81,120,164.51,7,68,73,81,73.4,Medium
AUD_1067,1437,37,Male,Zhejiang,Postgraduate,4,Reading,81.46,119,129.78,4,53,99,64,70.10000000000001,Medium
AUD_1068,1117,41,Male,Henan,Postgraduate,11,Reading,83.09,74,175.51,7,99,53,62,74.1,Medium
AUD_1069,1770,42,Male,Hubei,High School,14,Reading,58.95,119,139.68,3,71,92,96,84.8,High
AUD_1070,1890,30,Male,Jiangsu,Postgraduate,12,Reading,67.94,195,119.42,11,52,86,52,62.2,Medium
AUD_1071,1305,40,Male,Jiangsu,Postgraduate,12,Reading,20.77,112,97.74,14,72,94,74,79.2,High
AUD_1072,1267,31,Female,Guangdong,Undergraduate,4,Reading,79.24,98,123.81,2,53,91,98,77.9,High
AUD_1073,1960,40,Female,Sichuan,Undergraduate,14,Spontaneous,77.15,172,141.18,9,95,88,81,88.7,High
AUD_1074,1053,22,Male,Beijing,Postgraduate,8,Spontaneous,21.42,173,153.29,4,73,92,65,76.3,High
AUD_1075,1235,21,Female,Jiangsu,Undergraduate,9,Spontaneous,58.0,89,168.76,9,63,53,50,56.1,Low
AUD_1076,1388,31,Female,Hubei,Postgraduate,8,Spontaneous,83.47,134,174.96,4,98,85,95,93.2,High
AUD_1077,1989,27,Male,Sichuan,Undergraduate,10,Spontaneous,32.7,136,99.22,3,90,86,52,77.39999999999999,High
AUD_1078,1733,34,Male,Shanghai,High School,11,Spontaneous,44.69,129,144.08,13,52,74,69,63.7,Medium
AUD_1079,1762,27,Male,Zhejiang,High School,10,Reading,43.17,53,149.99,9,96,90,77,88.5,High
AUD_1080,1824,43,Female,Henan,Postgraduate,7,Reading,44.92,83,105.49,4,70,79,71,73.0,Medium
AUD_1081,1400,24,Male,Hubei,Postgraduate,10,Reading,22.93,54,139.1,9,75,50,85,70.5,Medium
AUD_1082,1623,33,Female,Shanghai,High School,12,Reading,39.53,199,120.14,3,50,78,90,70.4,Medium
AUD_1083,1766,18,Male,Hubei,High School,12,Reading,40.64,197,96.97,5,79,65,50,66.1,Medium
AUD_1084,1302,34,Female,Zhejiang,Undergraduate,11,Spontaneous,80.61,152,95.93,10,53,86,63,65.9,Medium
AUD_1085,1918,38,Female,Guangdong,Postgraduate,10,Spontaneous,44.65,83,158.33,2,63,86,94,79.2,High
AUD_1086,1206,26,Male,Hubei,High School,4,Spontaneous,51.31,55,145.39,3,67,56,64,62.8,Medium
AUD_1087,1228,23,Male,Jiangsu,High School,4,Spontaneous,46.65,78,154.36,3,61,89,81,75.4,High
AUD_1088,1852,36,Female,Beijing,Postgraduate,14,Spontaneous,28.45,102,151.68,10,87,82,67,79.5,High
AUD_1089,1909,30,Female,Jiangsu,Undergraduate,5,Reading,89.32,50,102.09,11,91,99,97,95.19999999999999,High
AUD_1090,1577,20,Male,Zhejiang,Undergraduate,9,Spontaneous,77.81,108,103.64,6,85,71,87,81.39999999999999,High
AUD_1091,1074,24,Male,Hubei,Undergraduate,11,Spontaneous,57.86,56,112.72,12,65,92,71,74.89999999999999,Medium
AUD_1092,1434,39,Female,Beijing,Undergraduate,10,Spontaneous,53.35,127,125.92,14,50,76,65,62.3,Medium
AUD_1093,1102,26,Male,Jiangsu,High School,11,Reading,65.45,100,174.53,5,52,78,60,62.2,Medium
AUD_1094,1421,39,Female,Beijing,Postgraduate,8,Reading,42.85,196,150.65,11,88,65,56,71.5,Medium
AUD_1095,1703,22,Male,Henan,Postgraduate,3,Reading,23.52,76,112.97,11,84,70,58,72.0,Medium
AUD_1096,1763,27,Male,Zhejiang,High School,14,Reading,48.3,112,95.04,5,64,60,50,58.6,Low
AUD_1097,1737,40,Male,Guangdong,High School,6,Reading,88.88,110,151.58,8,87,70,91,83.10000000000001,High
AUD_1098,1805,34,Female,Guangdong,High School,8,Reading,32.76,110,146.28,4,65,58,57,60.5,Medium
AUD_1099,1305,29,Male,Hubei,Postgraduate,14,Spontaneous,56.94,175,150.82,10,66,76,60,67.2,Medium
AUD_1100,1097,40,Female,Jiangsu,Postgraduate,8,Spontaneous,20.6,94,113.51,6,83,88,54,75.8,High
AUD_1101,1849,33,Male,Shanghai,Postgraduate,10,Spontaneous,28.54,198,136.53,12,59,71,78,68.30000000000001,Medium
AUD_1102,1797,20,Female,Zhejiang,Undergraduate,3,Reading,61.1,178,122.55,10,60,64,55,59.7,Low
AUD_1103,1334,42,Female,Jiangsu,High School,13,Reading,40.82,144,163.59,2,77,92,61,76.7,High
AUD_1104,1858,39,Male,Jiangsu,High School,4,Reading,83.4,140,96.25,11,76,72,92,79.6,High
AUD_1105,1434,26,Female,Guangdong,High School,4,Reading,48.43,93,114.79,13,87,78,88,84.6,High
AUD_1106,1446,32,Female,Hubei,Postgraduate,8,Spontaneous,34.56,111,144.27,9,67,88,56,70.0,Medium
AUD_1107,1993,22,Female,Beijing,High School,13,Reading,58.19,110,108.47,3,96,65,93,85.80000000000001,High
AUD_1108,1307,40,Female,Zhejiang,High School,9,Reading,75.65,128,150.54,9,97,52,61,72.7,Medium
AUD_1109,1248,30,Male,Henan,Undergraduate,4,Reading,21.36,138,102.31,5,79,65,82,75.7,High
AUD_1110,1165,31,Male,Beijing,Postgraduate,7,Reading,55.39,161,92.05,3,62,57,68,62.3,Medium
AUD_1111,1480,37,Male,Sichuan,High School,8,Reading,74.14,160,167.71,14,65,75,85,74.0,Medium
AUD_1112,1983,32,Female,Sichuan,Postgraduate,6,Spontaneous,27.25,99,120.01,3,51,91,68,68.1,Medium
AUD_1113,1334,33,Female,Zhejiang,Postgraduate,3,Reading,83.2,90,104.12,14,69,58,70,66.0,Medium
AUD_1114,1541,40,Male,Hubei,Postgraduate,5,Reading,38.52,82,105.54,7,61,84,68,70.0,Medium
AUD_1115,1758,30,Male,Shanghai,Undergraduate,12,Spontaneous,31.94,61,169.73,4,78,56,92,75.6,High
AUD_1116,1105,34,Female,Sichuan,Postgraduate,11,Reading,61.25,51,148.9,12,95,57,58,72.5,Medium
AUD_1117,1562,40,Male,Guangdong,Postgraduate,8,Reading,32.25,156,176.07,11,57,84,94,76.2,High
AUD_1118,1080,25,Male,Shanghai,Postgraduate,4,Spontaneous,67.58,198,162.0,4,87,97,71,85.2,High
AUD_1119,1132,38,Female,Jiangsu,High School,11,Spontaneous,54.31,191,159.08,10,95,95,68,86.9,High
AUD_1120,1796,19,Male,Sichuan,Undergraduate,6,Spontaneous,27.7,83,134.98,6,96,88,86,90.60000000000001,High
AUD_1121,1899,22,Female,Guangdong,High School,13,Spontaneous,83.87,134,163.87,8,69,85,60,71.1,Medium
AUD_1122,1137,23,Male,Jiangsu,Undergraduate,10,Spontaneous,67.12,134,127.14,13,84,55,74,72.3,Medium
AUD_1123,1183,29,Female,Shanghai,Undergraduate,12,Spontaneous,58.22,99,164.43,6,88,56,84,77.2,High
AUD_1124,1400,35,Female,Zhejiang,Postgraduate,9,Spontaneous,46.2,191,158.2,3,80,61,54,66.5,Medium
AUD_1125,1329,39,Female,Jiangsu,Postgraduate,14,Spontaneous,29.44,155,151.06,12,65,88,94,80.6,High
AUD_1126,1784,39,Female,Beijing,High School,13,Spontaneous,69.53,95,119.67,12,72,50,80,67.8,Medium
AUD_1127,1507,18,Female,Zhejiang,Undergraduate,5,Spontaneous,76.96,167,146.76,9,83,99,63,81.80000000000001,High
AUD_1128,1851,34,Male,Zhejiang,Postgraduate,10,Reading,28.81,54,135.61,10,81,92,62,78.6,High
AUD_1129,1983,28,Male,Shanghai,Postgraduate,6,Spontaneous,54.62,115,131.54,12,66,92,83,78.9,High
AUD_1130,1068,27,Male,Shanghai,Postgraduate,4,Spontaneous,53.94,199,179.12,3,92,98,83,91.1,High
AUD_1131,1545,36,Female,Guangdong,Postgraduate,13,Spontaneous,44.49,119,135.4,3,73,74,67,71.5,Medium
AUD_1132,1773,31,Male,Guangdong,High School,7,Spontaneous,75.25,157,92.88,5,84,61,55,68.4,Medium
AUD_1133,1052,43,Female,Beijing,High School,3,Spontaneous,26.97,51,146.38,14,72,76,91,78.9,High
AUD_1134,1449,27,Female,Zhejiang,Postgraduate,10,Reading,34.35,78,155.52,9,57,72,70,65.4,Medium
AUD_1135,1204,32,Male,Henan,Postgraduate,10,Reading,20.11,110,169.67,6,72,68,89,75.9,High
AUD_1136,1125,36,Female,Hubei,Postgraduate,5,Reading,46.11,149,146.94,6,70,70,54,65.2,Medium
AUD_1137,1746,21,Male,Beijing,Postgraduate,3,Spontaneous,40.38,177,91.75,8,68,99,51,72.2,Medium
AUD_1138,1042,19,Female,Beijing,Postgraduate,6,Spontaneous,80.69,193,100.78,13,80,70,55,69.5,Medium
AUD_1139,1751,26,Female,Hubei,Undergraduate,11,Reading,72.21,146,104.51,5,99,73,99,91.2,High
AUD_1140,1970,27,Male,Hubei,Undergraduate,11,Spontaneous,25.91,146,109.01,13,56,62,57,58.099999999999994,Low
AUD_1141,1882,28,Female,Hubei,Undergraduate,3,Spontaneous,71.87,63,161.98,10,97,91,51,81.4,High
AUD_1142,1110,31,Male,Shanghai,Undergraduate,13,Reading,67.28,92,117.88,5,73,85,72,76.3,High
AUD_1143,1760,24,Female,Beijing,Postgraduate,9,Spontaneous,39.72,119,118.11,9,95,64,69,77.9,High
AUD_1144,1662,40,Male,Beijing,Undergraduate,8,Spontaneous,21.08,104,158.0,4,57,99,53,68.4,Medium
AUD_1145,1182,32,Female,Jiangsu,Undergraduate,9,Spontaneous,28.06,80,127.12,7,62,50,64,59.0,Low
AUD_1146,1847,39,Male,Hubei,High School,9,Spontaneous,37.5,125,95.82,2,52,83,79,69.4,Medium
AUD_1147,1094,36,Male,Hubei,Undergraduate,10,Spontaneous,77.16,101,142.66,8,83,91,69,81.2,High
AUD_1148,1970,39,Female,Guangdong,Undergraduate,10,Spontaneous,52.57,177,101.71,12,62,80,73,70.69999999999999,Medium
AUD_1149,1373,32,Male,Guangdong,Postgraduate,12,Spontaneous,84.29,56,141.45,8,81,99,58,79.5,High
AUD_1150,1911,41,Female,Zhejiang,Undergraduate,13,Reading,75.24,149,160.17,14,84,81,70,78.9,High
AUD_1151,1519,25,Female,Guangdong,Undergraduate,4,Reading,40.1,185,173.65,3,70,85,87,79.6,High
AUD_1152,1899,28,Male,Sichuan,Postgraduate,14,Spontaneous,79.18,182,96.03,6,50,78,90,70.4,Medium
AUD_1153,1359,26,Male,Zhejiang,Undergraduate,14,Spontaneous,28.17,110,117.36,5,51,59,62,56.7,Low
AUD_1154,1899,32,Male,Henan,Postgraduate,14,Reading,22.53,153,148.72,11,91,70,54,73.6,Medium
AUD_1155,1695,18,Male,Hubei,Undergraduate,6,Reading,62.6,56,118.39,14,92,85,95,90.80000000000001,High
AUD_1156,1280,18,Male,Jiangsu,High School,6,Reading,43.92,132,130.59,10,75,73,63,70.8,Medium
AUD_1157,1194,36,Female,Guangdong,High School,13,Reading,43.06,144,91.81,13,52,76,99,73.3,Medium
AUD_1158,1863,20,Male,Jiangsu,Undergraduate,12,Reading,68.1,76,152.41,14,73,70,56,67.0,Medium
AUD_1159,1194,27,Female,Guangdong,High School,14,Reading,79.51,173,169.5,3,75,67,55,66.6,Medium
AUD_1160,1666,25,Male,Guangdong,Postgraduate,10,Reading,42.55,136,177.92,4,57,53,61,57.0,Low
AUD_1161,1092,32,Male,Jiangsu,Undergraduate,5,Spontaneous,42.75,197,164.75,14,96,96,95,95.7,High
AUD_1162,1671,27,Male,Beijing,Postgraduate,14,Reading,57.37,119,92.86,2,86,67,65,74.0,Medium
AUD_1163,1945,18,Female,Beijing,High School,14,Reading,65.72,163,148.67,11,57,58,81,64.5,Medium
AUD_1164,1060,35,Male,Beijing,Postgraduate,5,Reading,34.2,125,134.61,6,67,98,91,83.5,High
AUD_1165,1633,19,Female,Sichuan,High School,4,Spontaneous,83.89,163,174.41,4,67,79,60,68.5,Medium
AUD_1166,1050,36,Female,Beijing,High School,3,Spontaneous,65.81,52,171.19,13,61,84,53,65.5,Medium
AUD_1167,1402,30,Female,Guangdong,High School,10,Spontaneous,63.76,148,178.92,5,85,94,78,85.6,High
AUD_1168,1788,39,Male,Hubei,Postgraduate,11,Reading,83.29,173,167.57,5,89,79,83,84.19999999999999,High
AUD_1169,1004,18,Female,Shanghai,High School,11,Reading,83.51,94,139.22,7,51,88,58,64.19999999999999,Medium
AUD_1170,1465,19,Male,Jiangsu,Undergraduate,13,Reading,29.49,175,154.34,11,69,95,59,73.8,Medium
AUD_1171,1603,33,Female,Hubei,High School,10,Spontaneous,30.16,117,176.82,8,52,55,57,54.39999999999999,Low
AUD_1172,1681,32,Male,Shanghai,Undergraduate,7,Spontaneous,73.34,80,142.03,8,89,63,85,80.0,High
AUD_1173,1828,30,Female,Hubei,Undergraduate,3,Spontaneous,86.98,155,165.6,12,93,95,81,90.0,High
AUD_1174,1533,33,Male,Sichuan,Undergraduate,11,Spontaneous,66.66,87,174.8,9,83,78,94,84.8,High
AUD_1175,1404,34,Male,Shanghai,Undergraduate,8,Spontaneous,48.79,183,141.35,4,98,81,55,80.0,High
AUD_1176,1837,38,Male,Henan,Postgraduate,14,Spontaneous,67.84,57,104.32,6,95,63,55,73.4,Medium
AUD_1177,1512,24,Female,Zhejiang,Undergraduate,9,Reading,36.02,77,104.0,13,95,69,76,81.5,High
AUD_1178,1644,41,Female,Beijing,High School,10,Spontaneous,89.86,64,100.38,11,55,99,51,67.0,Medium
AUD_1179,1232,43,Male,Henan,Undergraduate,7,Spontaneous,50.18,57,132.87,7,89,58,58,70.4,Medium
AUD_1180,1523,34,Female,Sichuan,High School,8,Spontaneous,85.22,103,133.21,13,59,61,87,68.0,Medium
AUD_1181,1345,24,Female,Hubei,Postgraduate,14,Spontaneous,50.16,183,145.56,7,73,63,54,64.3,Medium
AUD_1182,1045,30,Female,Guangdong,Undergraduate,9,Reading,84.97,78,133.46,13,67,72,83,73.3,Medium
AUD_1183,1545,22,Female,Beijing,High School,9,Reading,43.5,164,177.57,9,82,97,63,80.80000000000001,High
AUD_1184,1944,43,Female,Henan,Postgraduate,4,Spontaneous,73.24,83,116.22,14,88,83,59,77.8,High
AUD_1185,1077,34,Female,Beijing,Postgraduate,13,Reading,86.57,56,168.64,6,56,65,96,70.7,Medium
AUD_1186,1729,20,Female,Shanghai,High School,14,Reading,65.22,89,99.03,6,94,67,98,87.1,High
AUD_1187,1812,24,Male,Zhejiang,Undergraduate,3,Reading,67.43,123,144.17,2,97,90,56,82.60000000000001,High
AUD_1188,1922,43,Male,Beijing,Postgraduate,10,Reading,27.2,190,148.35,2,93,89,69,84.60000000000001,High
AUD_1189,1072,34,Female,Hubei,High School,7,Reading,53.2,111,159.5,7,78,82,60,73.8,Medium
AUD_1190,1793,24,Male,Hubei,Undergraduate,12,Reading,82.07,135,135.27,11,68,54,62,62.0,Medium
AUD_1191,1248,38,Male,Jiangsu,Postgraduate,4,Reading,36.86,165,107.75,11,87,88,66,81.0,High
AUD_1192,1046,18,Male,Jiangsu,High School,5,Spontaneous,75.19,114,123.21,6,88,59,86,78.7,High
AUD_1193,1120,34,Female,Beijing,Postgraduate,8,Reading,67.3,90,114.49,12,74,71,93,78.80000000000001,High
AUD_1194,1213,34,Female,Shanghai,Postgraduate,12,Spontaneous,35.61,172,127.72,11,66,92,85,79.5,High
AUD_1195,1238,28,Female,Shanghai,High School,8,Reading,39.8,165,137.7,7,86,93,82,86.89999999999999,High
AUD_1196,1055,42,Female,Guangdong,Postgraduate,10,Reading,49.93,115,146.26,10,52,82,59,63.099999999999994,Medium
AUD_1197,1349,44,Female,Sichuan,High School,7,Reading,28.76,165,166.06,9,73,80,83,78.1,High
AUD_1198,1106,20,Male,Sichuan,Undergraduate,7,Spontaneous,83.94,188,171.9,8,67,55,94,71.5,Medium
AUD_1199,1830,32,Female,Henan,High School,9,Reading,71.76,150,131.63,8,98,85,62,83.3,High
AUD_1200,1047,38,Male,Sichuan,Undergraduate,12,Spontaneous,45.55,99,97.98,7,75,52,74,67.8,Medium
AUD_1201,1572,28,Female,Zhejiang,Postgraduate,7,Reading,40.98,120,161.74,7,70,53,93,71.8,Medium
AUD_1202,1336,43,Male,Shanghai,High School,11,Reading,68.27,129,132.94,2,60,76,82,71.39999999999999,Medium
AUD_1203,1025,33,Female,Guangdong,High School,8,Spontaneous,49.7,128,139.18,13,90,87,59,79.8,High
AUD_1204,1803,42,Female,Jiangsu,High School,9,Reading,36.05,69,143.62,8,66,74,73,70.5,Medium
AUD_1205,1256,39,Female,Hubei,High School,14,Reading,50.11,172,150.11,6,94,86,54,79.60000000000001,High
AUD_1206,1007,26,Female,Sichuan,Undergraduate,10,Reading,80.99,86,170.11,8,87,76,59,75.30000000000001,High
AUD_1207,1624,41,Female,Jiangsu,Undergraduate,7,Spontaneous,24.8,52,175.69,7,70,90,88,81.4,High
AUD_1208,1866,41,Female,Jiangsu,Postgraduate,13,Reading,45.79,142,174.62,9,53,85,96,75.5,High
AUD_1209,1252,18,Male,Beijing,Postgraduate,6,Reading,87.36,150,162.85,4,81,95,76,83.7,High
AUD_1210,1691,42,Female,Zhejiang,Postgraduate,14,Reading,21.04,81,170.03,9,67,96,99,85.3,High
AUD_1211,1718,39,Male,Guangdong,Postgraduate,10,Spontaneous,82.34,97,94.47,14,93,85,85,88.2,High
AUD_1212,1302,33,Female,Zhejiang,High School,14,Reading,46.24,95,166.42,8,77,95,82,83.89999999999999,High
AUD_1213,1638,26,Male,Beijing,Undergraduate,12,Spontaneous,33.27,163,96.5,2,85,91,77,84.39999999999999,High
AUD_1214,1055,36,Male,Guangdong,Undergraduate,11,Reading,21.05,144,157.16,4,86,56,89,77.9,High
AUD_1215,1725,29,Male,Guangdong,Undergraduate,3,Reading,24.94,96,105.24,11,93,79,92,88.5,High
AUD_1216,1525,36,Male,Shanghai,Undergraduate,5,Spontaneous,32.03,89,122.41,5,99,99,52,84.89999999999999,High
AUD_1217,1473,39,Male,Zhejiang,Postgraduate,14,Spontaneous,21.78,180,106.58,10,75,96,80,82.8,High
AUD_1218,1027,26,Male,Zhejiang,High School,6,Spontaneous,43.51,165,129.91,13,98,78,78,86.0,High
AUD_1219,1982,24,Female,Shanghai,Undergraduate,9,Spontaneous,23.14,140,127.06,7,73,89,93,83.80000000000001,High
AUD_1220,1077,31,Male,Henan,High School,8,Spontaneous,68.46,107,94.33,8,59,90,94,78.8,High
AUD_1221,1215,36,Female,Jiangsu,High School,12,Reading,77.32,59,164.74,6,87,54,99,80.7,High
AUD_1222,1385,36,Female,Beijing,High School,12,Reading,82.12,110,166.88,4,98,55,93,83.6,High
AUD_1223,1364,19,Male,Zhejiang,High School,13,Spontaneous,58.44,160,160.88,6,57,93,91,78.0,High
AUD_1224,1665,26,Male,Shanghai,Undergraduate,3,Reading,86.26,170,166.28,13,51,56,70,58.2,Low
AUD_1225,1525,30,Female,Hubei,Undergraduate,6,Reading,20.4,110,157.58,8,93,88,81,87.9,High
AUD_1226,1698,32,Male,Henan,Undergraduate,8,Spontaneous,29.38,55,174.37,10,84,81,77,81.0,High
AUD_1227,1311,20,Male,Guangdong,Postgraduate,5,Spontaneous,40.52,124,141.88,13,70,64,70,68.2,Medium
AUD_1228,1882,28,Male,Sichuan,Undergraduate,4,Spontaneous,75.23,164,142.44,10,76,62,96,77.8,High
AUD_1229,1006,38,Male,Hubei,Postgraduate,4,Reading,81.98,80,167.39,13,72,67,84,74.1,Medium
AUD_1230,1002,31,Male,Shanghai,Postgraduate,12,Spontaneous,63.27,172,121.45,9,81,59,79,73.8,Medium
AUD_1231,1622,42,Male,Sichuan,Postgraduate,14,Reading,46.83,116,94.51,6,75,89,96,85.5,High
AUD_1232,1918,25,Male,Jiangsu,Undergraduate,14,Spontaneous,66.61,62,157.49,8,56,60,66,60.2,Medium
AUD_1233,1749,35,Female,Beijing,Undergraduate,6,Spontaneous,32.66,108,112.91,5,82,89,78,82.9,High
AUD_1234,1362,36,Male,Sichuan,Undergraduate,3,Spontaneous,52.05,103,132.68,11,66,89,97,82.2,High
AUD_1235,1750,33,Female,Henan,Postgraduate,12,Spontaneous,55.53,153,111.64,6,57,96,51,66.89999999999999,Medium
AUD_1236,1507,19,Female,Jiangsu,Postgraduate,4,Reading,27.34,70,164.44,13,91,51,82,76.3,High
AUD_1237,1273,25,Female,Sichuan,High School,12,Reading,22.37,92,176.25,5,66,76,53,65.1,Medium
AUD_1238,1505,39,Female,Guangdong,Postgraduate,4,Reading,72.51,60,94.95,4,97,94,98,96.4,High
AUD_1239,1805,23,Male,Guangdong,Postgraduate,6,Spontaneous,57.43,158,111.0,14,91,99,88,92.5,High
AUD_1240,1738,29,Female,Henan,Undergraduate,6,Reading,43.26,116,107.06,12,96,93,74,88.50000000000001,High
AUD_1241,1882,32,Female,Guangdong,High School,3,Reading,50.61,144,150.59,14,97,57,54,72.10000000000001,Medium
AUD_1242,1014,42,Female,Guangdong,High School,9,Reading,87.04,155,128.58,2,67,98,53,72.1,Medium
AUD_1243,1191,25,Female,Shanghai,High School,9,Spontaneous,46.94,100,131.06,14,85,87,78,83.5,High
AUD_1244,1984,21,Female,Guangdong,Undergraduate,12,Reading,27.24,95,104.14,6,88,65,86,80.5,High
AUD_1245,1630,32,Male,Hubei,High School,13,Spontaneous,52.45,92,127.33,13,93,73,57,76.2,High
AUD_1246,1484,37,Male,Guangdong,High School,12,Spontaneous,65.36,76,117.29,3,72,72,69,71.1,Medium
AUD_1247,1027,42,Female,Hubei,Undergraduate,12,Reading,20.85,134,145.01,7,61,63,90,70.3,Medium
AUD_1248,1713,34,Male,Shanghai,High School,3,Reading,43.26,143,109.55,6,72,76,55,68.1,Medium
AUD_1249,1038,30,Male,Guangdong,Postgraduate,13,Spontaneous,47.55,176,145.33,12,82,59,85,76.0,High
AUD_1250,1952,35,Female,Henan,Postgraduate,10,Spontaneous,52.46,59,124.0,3,77,77,81,78.2,High
AUD_1251,1272,19,Female,Jiangsu,Postgraduate,12,Spontaneous,41.12,180,121.17,9,93,74,54,75.60000000000001,High
AUD_1252,1230,30,Female,Henan,Postgraduate,9,Reading,66.68,109,117.5,6,72,51,89,70.8,Medium
AUD_1253,1085,30,Male,Jiangsu,Postgraduate,9,Spontaneous,86.13,76,150.65,3,56,94,69,71.3,Medium
AUD_1254,1473,39,Female,Zhejiang,Postgraduate,13,Spontaneous,83.98,172,140.62,2,96,82,94,91.2,High
AUD_1255,1125,32,Male,Jiangsu,Postgraduate,8,Spontaneous,66.51,111,166.65,3,51,99,53,66.0,Medium
AUD_1256,1811,37,Male,Beijing,Postgraduate,14,Reading,55.48,95,111.74,2,50,95,88,74.9,Medium
AUD_1257,1536,44,Male,Beijing,Postgraduate,6,Spontaneous,77.81,175,93.61,11,53,84,71,67.7,Medium
AUD_1258,1144,27,Female,Beijing,Undergraduate,13,Spontaneous,78.52,112,106.38,11,57,96,82,76.19999999999999,High
AUD_1259,1524,20,Male,Shanghai,Undergraduate,10,Spontaneous,78.07,53,120.9,4,98,90,80,90.2,High
AUD_1260,1211,36,Female,Henan,Postgraduate,4,Spontaneous,31.05,65,106.17,4,78,62,90,76.8,High
AUD_1261,1024,20,Female,Jiangsu,Undergraduate,9,Spontaneous,21.78,123,97.52,13,67,54,78,66.4,Medium
AUD_1262,1579,39,Female,Henan,Undergraduate,5,Reading,88.82,161,130.08,11,86,54,54,66.8,Medium
AUD_1263,1393,31,Female,Hubei,Postgraduate,5,Reading,87.18,150,150.92,2,80,71,59,71.0,Medium
AUD_1264,1066,25,Female,Beijing,Postgraduate,9,Spontaneous,59.51,94,157.64,8,55,83,60,64.9,Medium
AUD_1265,1232,44,Male,Zhejiang,Undergraduate,14,Spontaneous,89.51,180,125.89,11,93,50,99,81.9,High
AUD_1266,1108,40,Male,Shanghai,Postgraduate,5,Spontaneous,73.94,66,133.02,8,73,66,86,74.8,Medium
AUD_1267,1145,21,Male,Zhejiang,Postgraduate,7,Spontaneous,56.22,54,157.99,14,97,98,71,89.5,High
AUD_1268,1110,44,Male,Jiangsu,Postgraduate,10,Spontaneous,47.25,93,121.74,10,90,58,73,75.3,High
AUD_1269,1227,37,Male,Guangdong,Postgraduate,6,Spontaneous,61.5,70,160.63,6,64,59,70,64.3,Medium
AUD_1270,1110,28,Female,Zhejiang,Undergraduate,9,Reading,56.11,117,177.06,5,89,64,85,80.3,High
AUD_1271,1469,43,Female,Guangdong,High School,9,Spontaneous,89.57,81,169.24,6,61,94,65,72.1,Medium
AUD_1272,1033,28,Male,Shanghai,Undergraduate,4,Spontaneous,54.33,73,130.82,9,95,78,51,76.7,High
AUD_1273,1622,44,Male,Zhejiang,High School,10,Reading,78.51,195,142.16,9,98,74,64,80.60000000000001,High
AUD_1274,1775,28,Male,Zhejiang,High School,12,Reading,76.95,116,154.48,13,63,70,90,73.2,Medium
AUD_1275,1935,19,Female,Sichuan,High School,14,Reading,25.0,152,121.44,5,76,66,98,79.6,High
AUD_1276,1368,34,Female,Shanghai,Undergraduate,12,Reading,26.09,103,161.93,13,86,76,75,79.7,High
AUD_1277,1747,26,Female,Shanghai,Undergraduate,11,Spontaneous,66.19,174,129.32,9,62,77,79,71.6,Medium
AUD_1278,1594,19,Male,Beijing,Undergraduate,8,Reading,38.14,166,166.22,14,87,72,51,71.7,Medium
AUD_1279,1553,41,Male,Jiangsu,Undergraduate,7,Reading,66.03,114,112.93,5,95,88,78,87.80000000000001,High
AUD_1280,1424,32,Male,Zhejiang,Undergraduate,3,Reading,30.12,163,91.02,5,87,85,55,76.80000000000001,High
AUD_1281,1612,33,Male,Henan,High School,3,Spontaneous,47.79,125,146.94,12,52,52,50,51.4,Low
AUD_1282,1517,42,Female,Zhejiang,Undergraduate,11,Spontaneous,27.17,66,130.67,9,65,82,89,77.3,High
AUD_1283,1691,21,Male,Hubei,High School,6,Spontaneous,39.75,198,95.38,3,61,56,60,59.2,Low
AUD_1284,1281,25,Male,Shanghai,Undergraduate,3,Reading,26.18,157,133.89,5,63,54,72,63.0,Medium
AUD_1285,1319,26,Male,Henan,Undergraduate,13,Spontaneous,87.94,77,105.17,2,83,75,75,78.2,High
AUD_1286,1737,43,Female,Shanghai,Postgraduate,12,Reading,47.65,93,146.68,2,99,66,80,83.4,High
AUD_1287,1442,43,Female,Jiangsu,High School,14,Reading,83.08,143,130.05,12,80,66,64,71.0,Medium
AUD_1288,1951,22,Male,Shanghai,Undergraduate,5,Reading,87.98,71,105.4,14,88,96,58,81.4,High
AUD_1289,1314,33,Female,Guangdong,Undergraduate,8,Reading,83.67,87,127.07,14,54,52,83,62.1,Medium
AUD_1290,1876,30,Female,Guangdong,Undergraduate,13,Spontaneous,51.85,63,110.94,14,61,52,88,66.4,Medium
AUD_1291,1965,24,Female,Sichuan,Postgraduate,13,Spontaneous,74.52,160,148.78,9,75,83,66,74.7,Medium
AUD_1292,1740,43,Female,Guangdong,High School,10,Spontaneous,30.76,171,116.56,5,66,57,84,68.7,Medium
AUD_1293,1376,37,Female,Guangdong,Undergraduate,12,Spontaneous,26.64,103,163.98,7,93,94,85,90.9,High
AUD_1294,1288,34,Male,Jiangsu,Undergraduate,4,Reading,81.38,190,91.27,6,60,55,52,56.1,Low
AUD_1295,1436,20,Male,Zhejiang,Undergraduate,10,Reading,22.18,176,126.31,14,82,86,89,85.30000000000001,High
AUD_1296,1661,22,Male,Guangdong,Postgraduate,3,Reading,88.06,68,145.54,11,90,94,60,82.2,High
AUD_1297,1276,36,Female,Henan,Undergraduate,13,Reading,67.05,91,92.03,7,89,71,77,80.0,High
AUD_1298,1709,29,Female,Sichuan,High School,4,Reading,49.37,90,109.43,5,95,82,97,91.69999999999999,High
AUD_1299,1581,44,Female,Shanghai,High School,10,Spontaneous,29.9,99,119.47,5,53,99,77,74.0,Medium
AUD_1300,1502,24,Female,Guangdong,High School,9,Spontaneous,70.63,180,91.97,8,81,56,95,77.7,High
AUD_1301,1623,26,Male,Sichuan,High School,7,Reading,59.42,125,139.2,2,80,98,68,81.8,High
AUD_1302,1515,23,Male,Jiangsu,Undergraduate,12,Reading,69.78,192,146.78,10,60,89,51,66.0,Medium
AUD_1303,1349,43,Male,Hubei,Postgraduate,4,Spontaneous,49.25,148,110.48,11,66,68,81,71.1,Medium
AUD_1304,1842,34,Male,Hubei,Postgraduate,11,Spontaneous,24.64,99,138.91,4,76,97,93,87.4,High
AUD_1305,1445,33,Male,Hubei,Postgraduate,7,Reading,42.05,194,179.92,5,57,95,60,69.3,Medium
AUD_1306,1829,40,Male,Shanghai,Undergraduate,10,Spontaneous,42.05,195,169.82,10,70,59,65,65.2,Medium
AUD_1307,1349,20,Female,Sichuan,Postgraduate,6,Spontaneous,20.61,91,95.28,6,82,72,60,72.4,Medium
AUD_1308,1606,38,Female,Guangdong,High School,11,Reading,20.67,194,101.51,13,99,51,52,70.5,Medium
AUD_1309,1663,43,Male,Zhejiang,Undergraduate,12,Reading,43.15,65,134.5,5,54,70,91,69.9,Medium
AUD_1310,1822,21,Female,Shanghai,Postgraduate,9,Spontaneous,70.93,134,112.07,13,81,73,78,77.69999999999999,High
AUD_1311,1136,27,Male,Shanghai,High School,4,Spontaneous,63.68,101,97.29,7,74,97,54,74.9,Medium
AUD_1312,1758,22,Male,Hubei,High School,5,Reading,36.73,85,112.91,2,57,62,77,64.5,Medium
AUD_1313,1898,38,Female,Zhejiang,Undergraduate,4,Spontaneous,62.19,156,95.51,11,76,54,80,70.6,Medium
AUD_1314,1242,39,Male,Hubei,Undergraduate,7,Spontaneous,65.32,130,137.69,2,75,67,62,68.69999999999999,Medium
AUD_1315,1542,27,Male,Shanghai,Postgraduate,4,Spontaneous,56.58,164,134.12,6,89,60,74,75.8,High
AUD_1316,1039,29,Male,Guangdong,Postgraduate,7,Reading,56.49,91,90.57,6,78,86,55,73.5,Medium
AUD_1317,1228,27,Female,Hubei,Postgraduate,11,Spontaneous,45.88,198,133.43,12,58,81,52,63.1,Medium
AUD_1318,1547,30,Female,Hubei,Undergraduate,4,Spontaneous,28.64,117,136.78,10,67,77,71,71.2,Medium
AUD_1319,1919,28,Female,Henan,Postgraduate,11,Reading,46.98,173,144.51,2,56,71,90,70.7,Medium
AUD_1320,1222,39,Female,Hubei,Postgraduate,9,Reading,44.17,79,177.31,4,91,94,88,91.0,High
AUD_1321,1005,33,Male,Shanghai,High School,9,Spontaneous,61.44,82,178.44,4,70,77,81,75.39999999999999,High
AUD_1322,1321,25,Female,Guangdong,High School,7,Reading,79.94,152,137.42,5,65,50,79,64.7,Medium
AUD_1323,1467,25,Female,Zhejiang,High School,10,Reading,46.28,102,166.07,13,52,55,56,54.099999999999994,Low
AUD_1324,1731,44,Female,Beijing,Postgraduate,9,Spontaneous,69.68,193,97.66,14,81,60,74,72.6,Medium
AUD_1325,1074,42,Male,Zhejiang,Undergraduate,8,Reading,76.83,182,137.8,8,59,91,51,66.2,Medium
AUD_1326,1003,25,Female,Guangdong,High School,4,Spontaneous,34.82,155,151.1,8,81,82,57,74.1,Medium
AUD_1327,1846,30,Female,Jiangsu,Undergraduate,8,Spontaneous,83.12,126,140.83,11,57,65,99,72.0,Medium
AUD_1328,1645,44,Male,Hubei,Postgraduate,4,Reading,24.93,143,110.76,6,81,62,82,75.6,High
AUD_1329,1117,19,Male,Zhejiang,Postgraduate,3,Spontaneous,83.12,109,95.64,10,99,70,77,83.7,High
AUD_1330,1880,29,Male,Jiangsu,High School,11,Spontaneous,31.45,160,124.8,8,53,97,59,68.0,Medium
AUD_1331,1605,27,Male,Jiangsu,Undergraduate,7,Spontaneous,43.6,104,148.29,3,78,96,87,86.1,High
AUD_1332,1503,29,Female,Guangdong,High School,12,Spontaneous,62.37,140,179.25,13,61,88,67,70.89999999999999,Medium
AUD_1333,1997,28,Male,Guangdong,Postgraduate,12,Spontaneous,83.4,91,111.29,4,86,95,62,81.5,High
AUD_1334,1946,32,Female,Henan,Undergraduate,6,Reading,37.9,118,172.6,12,85,73,70,76.9,High
AUD_1335,1573,33,Female,Hubei,High School,14,Reading,73.45,73,96.14,8,68,92,82,79.39999999999999,High
AUD_1336,1440,34,Female,Beijing,Postgraduate,13,Spontaneous,69.73,167,173.79,6,86,76,72,78.8,High
AUD_1337,1193,43,Female,Sichuan,High School,10,Spontaneous,31.18,191,164.91,8,96,94,50,81.60000000000001,High
AUD_1338,1846,19,Female,Shanghai,Undergraduate,7,Reading,53.56,104,91.89,10,80,86,93,85.69999999999999,High
AUD_1339,1714,35,Male,Zhejiang,Undergraduate,9,Spontaneous,53.71,64,116.84,10,93,99,89,93.60000000000001,High
AUD_1340,1391,29,Female,Guangdong,Undergraduate,5,Spontaneous,41.32,54,94.59,4,75,52,70,66.6,Medium
AUD_1341,1025,36,Female,Zhejiang,Undergraduate,10,Spontaneous,74.59,150,179.6,9,94,61,54,72.10000000000001,Medium
AUD_1342,1434,43,Female,Sichuan,Undergraduate,10,Reading,84.82,181,128.51,14,55,56,84,64.0,Medium
AUD_1343,1172,40,Male,Sichuan,High School,5,Spontaneous,70.16,79,149.6,7,78,69,67,72.0,Medium
AUD_1344,1299,35,Female,Hubei,High School,11,Reading,88.11,102,111.08,14,66,64,87,71.7,Medium
AUD_1345,1644,34,Female,Jiangsu,High School,10,Spontaneous,23.53,122,174.04,5,69,50,85,68.1,Medium
AUD_1346,1325,23,Male,Hubei,High School,3,Spontaneous,22.61,79,114.68,5,91,59,96,82.89999999999999,High
AUD_1347,1409,42,Female,Shanghai,Postgraduate,10,Reading,82.57,153,113.42,5,95,63,78,80.3,High
AUD_1348,1117,32,Female,Beijing,Postgraduate,14,Reading,82.85,154,118.31,8,96,64,75,80.10000000000001,High
AUD_1349,1835,20,Male,Zhejiang,High School,13,Spontaneous,27.5,157,131.62,7,59,83,85,74.0,Medium
AUD_1350,1786,23,Female,Shanghai,Postgraduate,6,Spontaneous,45.02,133,91.67,3,55,98,87,77.5,High
AUD_1351,1723,20,Female,Henan,Postgraduate,8,Spontaneous,78.48,141,143.81,6,97,74,99,90.7,High
AUD_1352,1224,18,Female,Beijing,Undergraduate,12,Reading,29.0,120,92.85,6,81,80,67,76.5,High
AUD_1353,1531,30,Female,Zhejiang,High School,11,Spontaneous,38.72,117,138.53,7,51,59,78,61.5,Medium
AUD_1354,1112,38,Female,Shanghai,Postgraduate,7,Reading,67.67,104,131.21,8,59,86,80,73.4,Medium
AUD_1355,1139,43,Male,Guangdong,Postgraduate,9,Spontaneous,88.73,148,111.83,13,86,55,91,78.2,High
AUD_1356,1558,31,Male,Zhejiang,High School,3,Spontaneous,75.8,146,119.68,12,76,55,62,65.5,Medium
AUD_1357,1000,30,Male,Shanghai,Undergraduate,11,Spontaneous,74.41,120,153.51,9,90,77,99,88.8,High
AUD_1358,1089,44,Female,Sichuan,High School,8,Spontaneous,43.99,122,90.86,13,68,87,79,77.0,High
AUD_1359,1653,21,Female,Beijing,Undergraduate,13,Spontaneous,66.29,126,118.5,11,90,63,56,71.7,Medium
AUD_1360,1319,24,Female,Shanghai,Postgraduate,6,Spontaneous,27.92,157,151.23,9,65,62,89,71.3,Medium
AUD_1361,1549,39,Male,Guangdong,Undergraduate,8,Spontaneous,89.46,139,103.7,12,69,62,55,62.7,Medium
AUD_1362,1804,27,Female,Hubei,Undergraduate,7,Reading,53.64,148,140.43,6,85,59,51,67.0,Medium
AUD_1363,1893,24,Female,Zhejiang,High School,5,Spontaneous,64.72,52,105.2,3,54,65,57,58.2,Low
AUD_1364,1138,38,Female,Henan,Postgraduate,9,Spontaneous,81.33,168,103.93,11,67,88,59,70.9,Medium
AUD_1365,1510,32,Male,Zhejiang,High School,5,Spontaneous,20.07,199,159.51,9,57,84,98,77.4,High
AUD_1366,1867,32,Male,Zhejiang,High School,4,Spontaneous,88.32,160,113.99,7,62,64,93,71.9,Medium
AUD_1367,1844,21,Female,Guangdong,Postgraduate,6,Reading,45.14,71,123.82,4,90,72,92,85.19999999999999,High
AUD_1368,1258,40,Female,Beijing,High School,9,Reading,43.77,165,155.7,5,59,86,98,78.80000000000001,High
AUD_1369,1672,40,Female,Zhejiang,High School,7,Spontaneous,30.15,162,106.16,13,85,57,97,80.19999999999999,High
AUD_1370,1901,23,Male,Beijing,Undergraduate,11,Spontaneous,80.07,73,137.86,2,68,75,71,71.0,Medium
AUD_1371,1689,41,Male,Shanghai,High School,12,Reading,80.96,76,172.6,4,80,71,59,71.0,Medium
AUD_1372,1009,37,Male,Sichuan,Postgraduate,9,Reading,21.4,85,139.84,5,85,54,84,75.4,High
AUD_1373,1260,43,Female,Henan,High School,14,Reading,23.9,156,94.4,3,78,83,68,76.5,High
AUD_1374,1918,22,Male,Sichuan,Undergraduate,11,Spontaneous,84.28,194,143.07,13,94,76,53,76.30000000000001,High
AUD_1375,1649,37,Female,Beijing,High School,11,Reading,28.6,105,98.11,7,72,68,68,69.6,Medium
AUD_1376,1171,29,Female,Beijing,High School,14,Reading,63.46,59,115.39,9,81,92,90,87.0,High
AUD_1377,1897,18,Male,Sichuan,High School,4,Spontaneous,63.38,103,166.47,13,98,92,69,87.5,High
AUD_1378,1012,25,Female,Zhejiang,Undergraduate,3,Spontaneous,80.88,130,91.0,7,60,84,98,78.6,High
AUD_1379,1167,18,Male,Jiangsu,Postgraduate,13,Spontaneous,60.09,157,96.93,11,51,94,53,64.5,Medium
AUD_1380,1641,22,Female,Jiangsu,Postgraduate,6,Reading,50.38,130,122.7,4,81,69,98,82.5,High
AUD_1381,1595,39,Female,Guangdong,Undergraduate,6,Reading,88.21,176,179.95,10,54,96,75,72.9,Medium
AUD_1382,1320,23,Male,Henan,Undergraduate,4,Reading,36.02,147,116.27,5,80,87,52,73.69999999999999,Medium
AUD_1383,1318,38,Female,Hubei,High School,5,Reading,38.39,181,104.15,7,62,62,79,67.1,Medium
AUD_1384,1612,20,Female,Sichuan,Postgraduate,5,Spontaneous,25.93,110,139.45,5,71,67,85,74.0,Medium
AUD_1385,1328,32,Female,Sichuan,Undergraduate,7,Reading,88.27,198,136.73,5,84,67,90,80.7,High
AUD_1386,1784,22,Female,Guangdong,Postgraduate,3,Spontaneous,69.45,85,130.47,12,68,50,55,58.7,Low
AUD_1387,1776,41,Female,Henan,High School,11,Reading,20.85,151,175.2,3,78,81,88,81.9,High
AUD_1388,1970,31,Female,Jiangsu,Undergraduate,10,Reading,69.3,95,115.21,11,72,74,76,73.8,Medium
AUD_1389,1910,35,Female,Shanghai,Postgraduate,10,Reading,48.29,144,116.4,3,68,70,65,67.7,Medium
AUD_1390,1919,33,Female,Zhejiang,Postgraduate,5,Spontaneous,87.73,120,102.62,3,65,76,96,77.6,High
AUD_1391,1549,23,Male,Zhejiang,High School,4,Reading,39.42,93,152.76,3,80,60,65,69.5,Medium
AUD_1392,1418,42,Male,Shanghai,Undergraduate,3,Spontaneous,69.72,113,118.92,9,65,97,95,83.6,High
AUD_1393,1605,41,Female,Shanghai,Postgraduate,14,Spontaneous,63.92,195,162.25,11,75,50,85,70.5,Medium
AUD_1394,1094,31,Female,Henan,High School,8,Spontaneous,20.84,62,177.46,5,52,68,83,66.1,Medium
AUD_1395,1816,44,Male,Jiangsu,Postgraduate,12,Spontaneous,81.97,62,93.93,5,72,81,88,79.5,High
AUD_1396,1580,41,Female,Guangdong,High School,3,Reading,29.77,74,179.38,11,58,57,73,62.199999999999996,Medium
AUD_1397,1317,25,Male,Shanghai,Postgraduate,13,Reading,66.45,54,112.87,11,73,68,88,76.0,High
AUD_1398,1955,24,Male,Guangdong,Postgraduate,7,Spontaneous,74.29,177,127.81,12,82,65,55,68.80000000000001,Medium
AUD_1399,1235,25,Male,Henan,High School,11,Spontaneous,64.16,88,160.0,4,63,84,69,71.10000000000001,Medium
AUD_1400,1945,30,Female,Hubei,Undergraduate,13,Reading,26.8,157,149.88,6,77,51,58,63.5,Medium
AUD_1401,1333,23,Female,Beijing,High School,11,Reading,88.26,187,160.06,5,73,61,98,76.9,High
AUD_1402,1884,35,Female,Zhejiang,Undergraduate,14,Spontaneous,36.58,74,131.97,8,92,78,70,81.2,High
AUD_1403,1375,19,Male,Jiangsu,Postgraduate,6,Reading,63.95,123,172.45,11,99,59,60,75.3,High
AUD_1404,1458,25,Male,Zhejiang,Postgraduate,9,Reading,75.8,88,161.09,8,56,71,97,72.8,Medium
AUD_1405,1136,28,Male,Jiangsu,High School,13,Reading,85.75,65,117.83,7,87,83,79,83.4,High
AUD_1406,1929,18,Female,Henan,High School,9,Spontaneous,62.28,81,175.36,8,93,70,50,73.2,Medium
AUD_1407,1587,39,Male,Beijing,Undergraduate,6,Spontaneous,38.13,112,176.49,13,74,86,76,78.2,High
AUD_1408,1994,23,Male,Zhejiang,Undergraduate,7,Spontaneous,78.56,142,127.35,8,51,54,97,65.7,Medium
AUD_1409,1546,33,Female,Beijing,Undergraduate,13,Spontaneous,31.43,94,148.68,14,94,55,98,83.5,High
AUD_1410,1512,44,Male,Henan,High School,11,Spontaneous,21.56,102,163.33,9,50,81,55,60.8,Medium
AUD_1411,1295,37,Male,Jiangsu,Postgraduate,9,Reading,83.57,99,163.56,12,72,52,92,72.0,Medium
AUD_1412,1319,29,Female,Shanghai,High School,9,Reading,60.28,75,91.27,14,96,59,56,72.9,Medium
AUD_1413,1917,28,Female,Hubei,Postgraduate,12,Reading,24.87,180,146.61,2,89,54,97,80.89999999999999,High
AUD_1414,1571,44,Male,Zhejiang,High School,9,Spontaneous,60.58,139,177.63,4,67,73,71,70.0,Medium
AUD_1415,1831,27,Female,Beijing,High School,11,Reading,30.15,88,110.82,13,96,69,83,84.0,High
AUD_1416,1348,20,Male,Sichuan,Undergraduate,7,Spontaneous,22.2,102,161.6,4,57,86,69,69.3,Medium
AUD_1417,1839,30,Female,Zhejiang,Postgraduate,8,Spontaneous,28.16,71,138.08,6,83,80,94,85.4,High
AUD_1418,1778,44,Male,Zhejiang,High School,5,Spontaneous,74.26,183,109.93,11,92,96,94,93.8,High
AUD_1419,1872,20,Female,Zhejiang,High School,3,Spontaneous,72.9,101,94.59,14,57,66,64,61.8,Medium
AUD_1420,1228,32,Male,Guangdong,Postgraduate,13,Spontaneous,62.3,124,158.39,14,78,98,96,89.4,High
AUD_1421,1269,33,Female,Beijing,High School,14,Spontaneous,34.65,122,118.48,8,62,73,58,64.1,Medium
AUD_1422,1827,30,Female,Beijing,Postgraduate,4,Reading,71.73,78,123.8,11,50,67,67,60.19999999999999,Medium
AUD_1423,1797,34,Female,Zhejiang,Undergraduate,10,Spontaneous,48.56,171,133.67,7,78,75,95,82.2,High
AUD_1424,1290,20,Female,Henan,Undergraduate,3,Reading,55.75,135,135.65,5,99,91,95,95.4,High
AUD_1425,1724,37,Female,Henan,Postgraduate,12,Spontaneous,82.83,95,108.56,7,86,56,85,76.7,High
AUD_1426,1164,28,Female,Shanghai,Undergraduate,9,Reading,52.05,53,150.36,8,50,92,95,76.1,High
AUD_1427,1004,44,Female,Zhejiang,Postgraduate,7,Spontaneous,63.85,51,152.33,5,93,63,91,83.4,High
AUD_1428,1850,38,Male,Guangdong,High School,8,Spontaneous,87.32,182,102.81,12,54,90,79,72.3,Medium
AUD_1429,1378,36,Male,Jiangsu,High School,10,Reading,51.6,95,137.96,9,97,98,60,86.2,High
AUD_1430,1077,39,Female,Guangdong,Postgraduate,6,Spontaneous,59.25,128,144.83,6,99,51,82,79.5,High
AUD_1431,1409,28,Female,Henan,High School,8,Spontaneous,60.91,196,106.76,4,51,79,95,72.6,Medium
AUD_1432,1573,33,Male,Shanghai,Undergraduate,13,Reading,36.85,108,170.5,3,96,98,89,94.50000000000001,High
AUD_1433,1131,38,Male,Henan,High School,5,Reading,71.58,121,133.45,2,71,66,55,64.7,Medium
AUD_1434,1600,20,Female,Henan,High School,9,Spontaneous,70.86,69,100.35,5,79,69,92,79.89999999999999,High
AUD_1435,1748,39,Male,Henan,Postgraduate,4,Reading,34.95,102,120.1,3,60,59,95,70.2,Medium
AUD_1436,1041,23,Male,Zhejiang,Undergraduate,14,Reading,20.93,156,132.93,13,78,73,88,79.5,High
AUD_1437,1088,31,Female,Henan,High School,10,Spontaneous,89.93,104,90.91,4,91,93,71,85.6,High
AUD_1438,1401,41,Female,Beijing,High School,9,Reading,60.71,170,92.87,2,52,61,88,65.5,Medium
AUD_1439,1295,35,Female,Hubei,Postgraduate,14,Spontaneous,32.67,64,95.0,14,94,76,68,80.80000000000001,High
AUD_1440,1839,34,Male,Sichuan,Postgraduate,14,Reading,39.85,50,138.43,7,62,64,71,65.3,Medium
AUD_1441,1294,21,Female,Zhejiang,Undergraduate,10,Spontaneous,63.25,144,120.25,5,52,58,80,62.2,Medium
AUD_1442,1615,40,Female,Shanghai,High School,4,Spontaneous,29.63,186,170.38,6,59,67,91,71.0,Medium
AUD_1443,1525,32,Male,Beijing,Postgraduate,5,Spontaneous,22.61,67,140.33,9,53,97,74,72.5,Medium
AUD_1444,1799,28,Female,Guangdong,Postgraduate,14,Reading,75.89,154,158.39,12,63,56,90,69.0,Medium
AUD_1445,1690,43,Male,Henan,Postgraduate,6,Spontaneous,70.11,114,151.84,5,72,77,99,81.6,High
AUD_1446,1636,20,Male,Jiangsu,Undergraduate,14,Reading,41.67,126,136.83,7,66,95,98,84.30000000000001,High
AUD_1447,1421,20,Male,Jiangsu,Postgraduate,11,Spontaneous,24.09,165,157.02,4,50,85,79,69.2,Medium
AUD_1448,1864,33,Male,Hubei,Undergraduate,14,Spontaneous,54.04,118,139.02,9,64,52,94,69.4,Medium
AUD_1449,1022,22,Male,Zhejiang,Undergraduate,14,Spontaneous,39.33,191,124.69,14,51,93,53,64.19999999999999,Medium
AUD_1450,1574,38,Male,Guangdong,High School,7,Reading,47.84,124,129.22,4,67,65,75,68.8,Medium
AUD_1451,1142,27,Female,Hubei,High School,8,Spontaneous,39.18,100,165.47,8,88,85,56,77.5,High
AUD_1452,1992,36,Female,Sichuan,Undergraduate,3,Spontaneous,32.27,64,140.69,8,71,53,89,71.0,Medium
AUD_1453,1664,42,Female,Sichuan,High School,6,Reading,47.09,118,123.96,4,77,84,97,85.1,High
AUD_1454,1144,21,Male,Hubei,High School,6,Spontaneous,87.54,64,106.18,4,79,58,61,67.3,Medium
AUD_1455,1224,36,Female,Shanghai,Postgraduate,12,Spontaneous,38.64,79,134.58,11,62,95,50,68.3,Medium
AUD_1456,1502,28,Male,Jiangsu,High School,10,Reading,43.52,127,112.72,11,52,61,55,55.6,Low
AUD_1457,1961,19,Female,Guangdong,Undergraduate,10,Reading,43.05,84,176.0,13,52,59,50,53.5,Low
AUD_1458,1973,27,Male,Zhejiang,High School,12,Reading,53.62,118,134.19,12,94,95,57,83.19999999999999,High
AUD_1459,1820,28,Female,Henan,Postgraduate,8,Spontaneous,79.05,189,90.81,9,75,93,93,85.8,High
AUD_1460,1615,42,Male,Beijing,Undergraduate,10,Reading,48.15,95,98.36,12,53,93,97,78.2,High
AUD_1461,1103,37,Female,Zhejiang,High School,11,Spontaneous,76.43,175,115.59,4,65,51,82,65.89999999999999,Medium
AUD_1462,1946,33,Male,Zhejiang,Undergraduate,7,Spontaneous,28.05,134,98.29,3,77,68,53,67.1,Medium
AUD_1463,1038,36,Female,Guangdong,High School,3,Reading,82.64,97,170.46,6,57,62,99,71.1,Medium
AUD_1464,1946,40,Male,Jiangsu,Postgraduate,3,Reading,32.97,116,166.89,12,89,91,89,89.60000000000001,High
AUD_1465,1197,41,Female,Guangdong,High School,4,Spontaneous,22.74,138,177.38,8,65,82,55,67.1,Medium
AUD_1466,1645,28,Female,Beijing,Undergraduate,4,Reading,31.08,101,153.58,9,80,50,94,75.2,High
AUD_1467,1578,31,Female,Hubei,Undergraduate,7,Reading,33.35,71,148.09,2,72,77,52,67.5,Medium
AUD_1468,1390,19,Male,Guangdong,Undergraduate,9,Spontaneous,55.6,148,173.11,13,51,89,64,66.3,Medium
AUD_1469,1178,40,Male,Shanghai,High School,9,Reading,51.5,180,175.18,3,58,55,55,56.2,Low
AUD_1470,1967,22,Male,Zhejiang,High School,6,Reading,70.11,137,168.97,14,76,52,55,62.5,Medium
AUD_1471,1553,44,Male,Jiangsu,High School,6,Reading,23.57,185,167.53,8,94,94,86,91.6,High
AUD_1472,1447,22,Male,Henan,Postgraduate,13,Spontaneous,54.84,167,150.45,10,71,74,76,73.4,Medium
AUD_1473,1499,36,Female,Sichuan,Postgraduate,12,Reading,43.27,88,90.14,4,93,93,91,92.39999999999999,High
AUD_1474,1014,38,Male,Beijing,Postgraduate,5,Reading,64.15,67,128.66,9,83,65,90,79.7,High
AUD_1475,1622,29,Female,Sichuan,Undergraduate,13,Spontaneous,23.06,154,147.21,11,58,92,95,79.3,High
AUD_1476,1668,35,Female,Zhejiang,Undergraduate,4,Spontaneous,22.45,180,139.24,4,82,53,54,64.9,Medium
AUD_1477,1288,21,Male,Guangdong,Undergraduate,5,Spontaneous,49.91,195,163.9,5,87,57,88,78.30000000000001,High
AUD_1478,1477,39,Female,Sichuan,Undergraduate,10,Spontaneous,76.79,129,163.7,3,83,88,66,79.4,High
AUD_1479,1230,34,Male,Shanghai,Undergraduate,3,Reading,66.98,166,143.88,10,84,65,72,74.7,Medium
AUD_1480,1922,27,Male,Guangdong,High School,6,Spontaneous,21.17,50,91.98,6,96,93,66,86.10000000000001,High
AUD_1481,1419,37,Male,Zhejiang,Undergraduate,9,Spontaneous,32.49,166,123.24,6,75,87,90,83.1,High
AUD_1482,1156,23,Female,Sichuan,High School,7,Reading,35.87,177,110.59,5,56,72,72,65.6,Medium
AUD_1483,1549,42,Male,Henan,Postgraduate,4,Spontaneous,49.61,75,120.49,14,94,55,88,80.5,High
AUD_1484,1440,31,Male,Hubei,Postgraduate,3,Spontaneous,61.07,61,145.56,6,97,92,82,91.0,High
AUD_1485,1096,28,Male,Beijing,Postgraduate,8,Reading,35.15,87,95.98,13,94,93,51,80.8,High
AUD_1486,1996,28,Female,Sichuan,Postgraduate,7,Spontaneous,46.78,134,92.0,2,76,65,59,67.60000000000001,Medium
AUD_1487,1410,35,Male,Henan,Postgraduate,5,Spontaneous,60.88,102,129.32,11,61,65,68,64.30000000000001,Medium
AUD_1488,1950,44,Female,Hubei,Undergraduate,13,Reading,46.84,62,161.42,11,66,72,89,74.7,Medium
AUD_1489,1288,40,Female,Hubei,Undergraduate,13,Reading,30.02,177,92.76,13,70,65,58,64.9,Medium
AUD_1490,1253,39,Male,Sichuan,Undergraduate,13,Reading,54.42,125,166.41,7,92,85,64,81.5,High
AUD_1491,1195,35,Female,Jiangsu,Postgraduate,11,Reading,42.68,62,124.55,12,71,61,92,74.3,Medium
AUD_1492,1597,41,Female,Sichuan,Postgraduate,5,Reading,80.49,195,100.64,5,75,86,73,77.69999999999999,High
AUD_1493,1833,40,Male,Zhejiang,High School,4,Reading,74.29,196,141.07,13,88,58,61,70.9,Medium
AUD_1494,1521,28,Male,Hubei,Undergraduate,7,Reading,33.32,196,175.71,5,62,67,71,66.2,Medium
AUD_1495,1516,38,Male,Beijing,Postgraduate,11,Reading,30.68,97,138.83,13,91,58,67,73.89999999999999,Medium
AUD_1496,1634,29,Female,Zhejiang,Postgraduate,10,Reading,44.34,120,151.8,14,91,97,51,80.8,High
AUD_1497,1841,22,Male,Shanghai,Postgraduate,8,Reading,48.85,141,163.48,6,94,70,64,77.8,High
AUD_1498,1864,40,Female,Guangdong,High School,5,Reading,85.24,196,161.94,2,72,50,91,71.1,Medium
AUD_1499,1117,26,Female,Sichuan,Postgraduate,8,Reading,41.11,135,96.58,5,79,72,88,79.6,High
AUD_1500,1805,44,Female,Jiangsu,High School,7,Spontaneous,80.73,132,156.69,11,66,54,58,60.0,Medium
AUD_1501,1908,42,Female,Beijing,High School,3,Reading,55.37,97,175.45,4,76,68,71,72.1,Medium
AUD_1502,1158,26,Female,Jiangsu,Undergraduate,7,Reading,81.99,78,153.06,6,69,84,66,72.6,Medium
AUD_1503,1814,39,Male,Jiangsu,Postgraduate,9,Reading,69.14,68,165.28,11,56,82,63,65.9,Medium
AUD_1504,1227,27,Male,Jiangsu,High School,11,Reading,69.59,148,133.7,6,53,95,80,73.7,Medium
AUD_1505,1876,39,Female,Sichuan,Postgraduate,14,Reading,56.32,96,118.72,9,98,67,90,86.3,High
AUD_1506,1215,36,Female,Beijing,Undergraduate,3,Spontaneous,78.82,138,150.86,2,80,89,56,75.5,High
AUD_1507,1947,18,Male,Beijing,Undergraduate,5,Spontaneous,37.81,109,134.3,4,79,63,96,79.3,High
AUD_1508,1695,24,Male,Hubei,High School,10,Spontaneous,83.51,197,170.58,6,80,69,84,77.9,High
AUD_1509,1014,21,Female,Jiangsu,Undergraduate,8,Spontaneous,64.57,196,177.69,12,53,62,83,64.69999999999999,Medium
AUD_1510,1156,18,Female,Hubei,Undergraduate,7,Reading,50.71,91,163.78,4,67,65,52,61.9,Medium
AUD_1511,1647,32,Male,Hubei,Undergraduate,12,Spontaneous,88.75,126,179.34,7,69,90,51,69.9,Medium
AUD_1512,1260,25,Male,Guangdong,Postgraduate,4,Spontaneous,80.34,125,121.35,11,89,80,94,87.8,High
AUD_1513,1156,29,Female,Sichuan,Postgraduate,5,Reading,74.04,192,170.62,14,89,88,76,84.8,High
AUD_1514,1046,39,Male,Sichuan,High School,14,Spontaneous,39.17,117,119.69,4,97,84,94,92.2,High
AUD_1515,1323,39,Male,Zhejiang,High School,4,Spontaneous,88.16,128,100.62,7,96,69,51,74.4,Medium
AUD_1516,1843,35,Female,Henan,Undergraduate,3,Reading,72.01,124,145.92,9,99,50,90,81.6,High
AUD_1517,1684,32,Female,Hubei,Undergraduate,9,Reading,62.37,136,130.95,5,72,89,54,71.7,Medium
AUD_1518,1129,34,Female,Sichuan,High School,5,Spontaneous,84.53,64,172.95,9,87,95,70,84.30000000000001,High
AUD_1519,1410,31,Male,Jiangsu,Undergraduate,9,Reading,31.35,139,134.3,8,58,62,56,58.599999999999994,Low
AUD_1520,1094,31,Female,Henan,High School,14,Spontaneous,29.73,56,173.49,12,65,56,74,65.0,Medium
AUD_1521,1626,35,Male,Shanghai,Postgraduate,9,Reading,59.46,62,97.08,12,70,94,94,84.4,High
AUD_1522,1754,37,Female,Jiangsu,Undergraduate,10,Spontaneous,23.97,62,164.75,14,58,71,50,59.5,Low
AUD_1523,1931,35,Female,Beijing,Undergraduate,3,Spontaneous,66.48,197,158.32,5,74,56,58,63.800000000000004,Medium
AUD_1524,1291,33,Male,Sichuan,Undergraduate,7,Spontaneous,36.85,59,154.8,4,98,69,51,75.2,High
AUD_1525,1793,18,Male,Henan,Postgraduate,12,Reading,28.33,173,121.96,6,85,86,52,75.39999999999999,High
AUD_1526,1810,40,Female,Sichuan,Postgraduate,11,Reading,48.66,175,160.54,6,96,85,93,91.80000000000001,High
AUD_1527,1282,44,Female,Zhejiang,Undergraduate,14,Spontaneous,52.62,76,133.5,8,92,53,86,78.5,High
AUD_1528,1068,28,Male,Hubei,High School,13,Reading,31.93,149,154.37,12,63,55,93,69.6,Medium
AUD_1529,1659,32,Female,Shanghai,Postgraduate,9,Reading,22.91,65,139.7,2,66,95,53,70.80000000000001,Medium
AUD_1530,1010,29,Male,Sichuan,Undergraduate,3,Spontaneous,48.98,108,104.17,10,77,52,70,67.4,Medium
AUD_1531,1253,25,Male,Zhejiang,Undergraduate,10,Reading,73.17,70,95.81,3,94,52,75,75.7,High
AUD_1532,1841,39,Female,Zhejiang,Postgraduate,5,Reading,81.19,65,122.96,10,90,52,93,79.5,High
AUD_1533,1871,37,Male,Shanghai,High School,6,Spontaneous,26.83,62,173.95,10,97,85,86,90.10000000000001,High
AUD_1534,1549,23,Male,Jiangsu,Undergraduate,6,Spontaneous,56.73,82,137.68,14,57,58,63,59.1,Low
AUD_1535,1133,20,Male,Jiangsu,High School,12,Reading,38.44,118,162.2,14,63,65,95,73.2,Medium
AUD_1536,1711,41,Female,Jiangsu,High School,14,Reading,46.22,101,141.84,4,64,65,59,62.8,Medium
AUD_1537,1022,43,Male,Guangdong,Postgraduate,10,Reading,85.34,114,176.21,8,88,61,75,76.0,High
AUD_1538,1814,30,Female,Hubei,Undergraduate,3,Spontaneous,44.65,93,123.25,4,74,87,59,73.4,Medium
AUD_1539,1345,30,Female,Henan,Undergraduate,10,Reading,45.57,128,95.13,9,60,69,86,70.5,Medium
AUD_1540,1301,19,Female,Hubei,High School,11,Reading,34.66,65,160.26,9,78,80,67,75.3,High
AUD_1541,1362,22,Male,Jiangsu,Postgraduate,11,Reading,87.2,67,153.49,14,52,79,76,67.3,Medium
AUD_1542,1395,34,Male,Shanghai,Postgraduate,7,Reading,51.95,66,137.48,4,88,70,66,76.0,High
AUD_1543,1217,23,Female,Guangdong,Postgraduate,6,Reading,59.93,101,119.38,6,71,52,59,61.7,Medium
AUD_1544,1140,19,Female,Hubei,High School,6,Reading,51.72,105,106.94,8,86,70,60,73.4,Medium
AUD_1545,1615,21,Male,Jiangsu,High School,11,Spontaneous,37.7,142,133.4,2,90,77,96,87.89999999999999,High
AUD_1546,1957,39,Female,Guangdong,Undergraduate,10,Spontaneous,76.73,58,149.96,4,69,77,73,72.6,Medium
AUD_1547,1209,43,Female,Henan,Postgraduate,12,Spontaneous,21.99,194,142.1,2,68,54,68,63.800000000000004,Medium
AUD_1548,1984,28,Male,Shanghai,High School,12,Reading,68.32,76,129.37,3,62,56,93,69.5,Medium
AUD_1549,1992,25,Female,Jiangsu,Postgraduate,14,Reading,61.6,86,138.57,8,76,54,65,66.1,Medium
AUD_1550,1622,29,Male,Henan,High School,9,Spontaneous,30.1,71,99.72,8,68,58,72,66.2,Medium
AUD_1551,1615,25,Male,Beijing,Undergraduate,14,Spontaneous,31.61,121,152.63,4,65,96,61,73.1,Medium
AUD_1552,1827,28,Female,Henan,Postgraduate,5,Spontaneous,66.15,148,156.08,14,51,70,68,61.800000000000004,Medium
AUD_1553,1682,39,Male,Sichuan,High School,6,Spontaneous,41.85,121,91.03,7,50,69,74,62.900000000000006,Medium
AUD_1554,1459,37,Male,Shanghai,Postgraduate,11,Spontaneous,38.6,172,114.35,14,52,87,52,62.5,Medium
AUD_1555,1355,25,Male,Henan,High School,10,Reading,24.14,140,98.29,7,73,89,62,74.5,Medium
AUD_1556,1323,25,Female,Henan,High School,14,Reading,73.65,85,179.84,3,93,86,70,84.0,High
AUD_1557,1132,43,Female,Zhejiang,High School,14,Reading,81.79,147,143.4,14,87,66,71,75.9,High
AUD_1558,1887,34,Female,Zhejiang,Postgraduate,3,Reading,77.39,91,131.92,10,51,91,96,76.5,High
AUD_1559,1804,37,Male,Henan,High School,5,Reading,52.62,160,131.67,14,65,77,78,72.5,Medium
AUD_1560,1839,37,Male,Henan,Undergraduate,14,Spontaneous,57.38,62,176.83,9,78,80,98,84.6,High
AUD_1561,1126,40,Female,Shanghai,Postgraduate,12,Spontaneous,36.96,128,149.39,3,86,82,92,86.6,High
AUD_1562,1105,33,Female,Zhejiang,Undergraduate,4,Reading,32.1,167,105.18,13,93,81,74,83.7,High
AUD_1563,1603,31,Male,Hubei,Undergraduate,4,Spontaneous,77.61,101,130.33,5,53,81,72,67.1,Medium
AUD_1564,1798,28,Female,Shanghai,Postgraduate,10,Reading,75.88,144,159.68,10,63,97,61,72.6,Medium
AUD_1565,1377,24,Female,Beijing,High School,8,Reading,74.42,161,128.1,5,66,72,98,77.4,High
AUD_1566,1904,33,Female,Shanghai,Undergraduate,14,Spontaneous,52.44,107,117.86,8,93,70,72,79.8,High
AUD_1567,1050,30,Female,Jiangsu,Postgraduate,14,Reading,80.52,136,179.21,6,94,74,54,76.0,High
AUD_1568,1028,44,Female,Jiangsu,High School,14,Reading,84.84,52,174.21,11,66,82,78,74.4,Medium
AUD_1569,1461,32,Male,Guangdong,Postgraduate,8,Reading,42.98,165,174.74,7,69,52,54,59.400000000000006,Low
AUD_1570,1295,41,Female,Zhejiang,Postgraduate,6,Spontaneous,35.73,65,101.85,2,96,55,88,81.30000000000001,High
AUD_1571,1296,33,Female,Henan,Postgraduate,3,Spontaneous,52.5,179,111.08,5,78,98,84,85.8,High
AUD_1572,1725,44,Male,Sichuan,High School,13,Reading,32.55,72,129.79,6,90,77,84,84.3,High
AUD_1573,1778,38,Male,Zhejiang,Undergraduate,9,Reading,81.88,147,164.89,7,75,51,66,65.1,Medium
AUD_1574,1406,40,Male,Hubei,Undergraduate,10,Spontaneous,43.66,59,156.31,7,91,81,79,84.4,High
AUD_1575,1768,41,Male,Shanghai,Postgraduate,4,Spontaneous,60.33,114,166.47,6,87,75,51,72.60000000000001,Medium
AUD_1576,1813,26,Female,Sichuan,Postgraduate,4,Spontaneous,61.63,71,172.87,4,66,54,64,61.8,Medium
AUD_1577,1612,20,Female,Sichuan,High School,3,Spontaneous,56.05,101,160.27,12,61,60,72,64.0,Medium
AUD_1578,1404,36,Female,Henan,Postgraduate,6,Reading,30.96,160,113.56,3,77,59,91,75.8,High
AUD_1579,1345,37,Female,Henan,Postgraduate,8,Reading,89.37,129,115.69,8,58,64,75,64.9,Medium
AUD_1580,1621,22,Male,Zhejiang,Postgraduate,7,Reading,32.08,182,121.72,2,81,67,60,70.5,Medium
AUD_1581,1419,27,Male,Sichuan,Undergraduate,6,Spontaneous,72.61,102,117.28,13,83,98,73,84.5,High
AUD_1582,1181,34,Female,Sichuan,Postgraduate,6,Spontaneous,75.4,72,112.42,13,65,63,58,62.3,Medium
AUD_1583,1982,32,Female,Jiangsu,Undergraduate,12,Reading,30.16,155,157.72,6,97,77,63,80.80000000000001,High
AUD_1584,1824,40,Female,Beijing,High School,9,Spontaneous,85.32,140,93.06,5,80,79,73,77.6,High
AUD_1585,1000,42,Female,Henan,High School,9,Reading,54.14,168,155.56,8,76,62,56,65.8,Medium
AUD_1586,1830,25,Male,Shanghai,Undergraduate,4,Spontaneous,64.02,187,164.12,3,78,69,59,69.60000000000001,Medium
AUD_1587,1949,32,Female,Zhejiang,Undergraduate,9,Reading,64.95,169,95.94,12,50,51,82,59.89999999999999,Low
AUD_1588,1566,38,Male,Henan,Undergraduate,4,Reading,55.35,142,95.57,14,76,74,82,77.2,High
AUD_1589,1370,31,Male,Jiangsu,Undergraduate,6,Reading,29.94,111,115.69,9,81,93,95,88.8,High
AUD_1590,1935,37,Male,Hubei,Postgraduate,3,Reading,72.62,131,108.75,10,60,92,76,74.39999999999999,Medium
AUD_1591,1910,24,Male,Henan,Undergraduate,7,Spontaneous,60.73,56,142.3,14,84,61,57,69.0,Medium
AUD_1592,1660,38,Female,Hubei,Undergraduate,3,Reading,28.31,149,150.79,13,51,74,63,61.5,Medium
AUD_1593,1430,40,Female,Guangdong,Undergraduate,6,Reading,69.02,123,147.07,11,95,53,56,70.7,Medium
AUD_1594,1968,29,Female,Sichuan,Postgraduate,11,Reading,69.19,187,122.16,2,50,91,67,67.39999999999999,Medium
AUD_1595,1308,34,Female,Sichuan,Postgraduate,14,Reading,58.39,106,134.86,6,55,61,75,62.8,Medium
AUD_1596,1136,34,Male,Zhejiang,Postgraduate,10,Spontaneous,26.34,79,147.6,5,56,56,90,66.2,Medium
AUD_1597,1201,27,Male,Beijing,High School,8,Reading,44.69,52,100.75,6,51,87,64,65.7,Medium
AUD_1598,1435,36,Male,Beijing,Postgraduate,10,Reading,23.56,63,110.66,10,51,89,82,71.7,Medium
AUD_1599,1312,31,Female,Zhejiang,Undergraduate,7,Spontaneous,53.43,126,170.14,13,96,81,60,80.7,High
AUD_1600,1116,28,Male,Zhejiang,Postgraduate,9,Reading,83.45,132,120.81,4,54,92,68,69.6,Medium
AUD_1601,1665,19,Male,Jiangsu,Postgraduate,10,Reading,20.16,187,162.1,2,62,55,91,68.6,Medium
AUD_1602,1936,35,Male,Hubei,Undergraduate,9,Reading,38.66,128,112.59,12,68,76,67,70.1,Medium
AUD_1603,1802,24,Male,Zhejiang,Postgraduate,6,Reading,75.99,87,93.75,4,68,84,71,73.7,Medium
AUD_1604,1574,29,Female,Hubei,High School,7,Spontaneous,20.69,191,135.04,5,96,70,85,84.9,High
AUD_1605,1243,43,Male,Henan,Postgraduate,12,Spontaneous,20.71,89,170.32,14,50,69,67,60.8,Medium
AUD_1606,1536,19,Male,Henan,High School,8,Spontaneous,62.76,189,163.74,14,84,68,67,74.1,Medium
AUD_1607,1601,44,Female,Guangdong,High School,14,Spontaneous,75.24,191,112.76,3,67,82,71,72.7,Medium
AUD_1608,1074,37,Female,Hubei,High School,13,Spontaneous,74.36,178,171.89,2,98,53,74,77.3,High
AUD_1609,1805,35,Female,Jiangsu,Undergraduate,8,Spontaneous,74.57,117,133.17,2,81,68,93,80.69999999999999,High
AUD_1610,1385,23,Male,Henan,Postgraduate,11,Reading,45.27,98,94.41,9,81,98,80,85.8,High
AUD_1611,1902,41,Male,Sichuan,High School,12,Reading,81.79,67,92.51,5,57,77,58,63.3,Medium
AUD_1612,1209,27,Male,Sichuan,High School,4,Reading,20.9,113,133.66,13,60,71,99,75.0,High
AUD_1613,1474,37,Male,Henan,Postgraduate,8,Reading,41.85,145,139.17,3,69,73,87,75.6,High
AUD_1614,1417,32,Female,Henan,Undergraduate,5,Spontaneous,43.6,77,97.19,11,57,95,68,71.69999999999999,Medium
AUD_1615,1346,22,Male,Henan,Undergraduate,4,Reading,31.59,74,173.0,4,77,79,74,76.7,High
AUD_1616,1528,37,Male,Hubei,High School,8,Reading,43.54,197,154.64,9,70,78,64,70.6,Medium
AUD_1617,1639,20,Female,Sichuan,Undergraduate,6,Spontaneous,61.01,79,162.12,7,87,59,54,68.7,Medium
AUD_1618,1938,22,Female,Sichuan,Postgraduate,7,Reading,56.42,151,142.56,9,87,81,60,77.10000000000001,High
AUD_1619,1954,42,Female,Shanghai,Undergraduate,7,Reading,42.36,166,149.72,11,55,58,62,58.0,Low
AUD_1620,1875,25,Male,Henan,Postgraduate,5,Spontaneous,72.45,155,124.91,6,51,74,83,67.5,Medium
AUD_1621,1762,25,Male,Guangdong,High School,14,Reading,70.04,123,151.14,4,59,65,57,60.2,Medium
AUD_1622,1178,25,Male,Henan,Postgraduate,6,Reading,39.65,118,178.04,7,91,64,74,77.8,High
AUD_1623,1181,29,Male,Jiangsu,High School,5,Spontaneous,42.63,57,148.29,11,58,97,76,75.1,High
AUD_1624,1663,41,Male,Jiangsu,Postgraduate,9,Reading,40.13,172,120.75,9,52,67,60,58.9,Low
AUD_1625,1024,40,Female,Sichuan,Postgraduate,3,Reading,29.02,146,115.67,6,51,72,67,62.099999999999994,Medium
AUD_1626,1966,25,Female,Henan,Undergraduate,8,Reading,72.69,150,176.7,6,85,91,59,79.0,High
AUD_1627,1179,28,Male,Beijing,Postgraduate,6,Reading,23.24,50,106.65,4,57,52,82,63.0,Medium
AUD_1628,1709,31,Male,Jiangsu,High School,3,Reading,30.54,144,162.56,4,58,56,85,65.5,Medium
AUD_1629,1500,25,Male,Henan,Postgraduate,3,Spontaneous,27.37,56,131.87,14,75,88,66,76.2,High
AUD_1630,1855,41,Male,Guangdong,High School,7,Reading,77.77,111,129.94,13,83,60,98,80.6,High
AUD_1631,1160,27,Male,Zhejiang,High School,7,Reading,23.08,160,157.28,9,97,73,54,76.9,High
AUD_1632,1176,24,Female,Henan,Postgraduate,12,Reading,66.52,136,103.32,12,79,84,72,78.39999999999999,High
AUD_1633,1284,34,Female,Guangdong,Undergraduate,9,Spontaneous,23.11,136,131.97,2,87,99,52,80.1,High
AUD_1634,1062,21,Female,Sichuan,Postgraduate,14,Spontaneous,75.05,172,93.23,5,57,74,88,71.4,Medium
AUD_1635,1661,30,Male,Sichuan,Postgraduate,6,Spontaneous,83.89,57,150.34,10,52,77,86,69.7,Medium
AUD_1636,1665,21,Male,Shanghai,Undergraduate,11,Reading,54.08,113,95.25,7,60,61,59,60.0,Medium
AUD_1637,1155,22,Female,Hubei,High School,6,Reading,76.32,185,97.86,7,74,72,76,74.0,Medium
AUD_1638,1881,43,Female,Jiangsu,Postgraduate,9,Reading,69.45,180,166.03,11,54,66,56,58.2,Low
AUD_1639,1468,39,Male,Hubei,Undergraduate,7,Reading,75.69,176,129.87,12,61,90,98,80.80000000000001,High
AUD_1640,1048,21,Female,Henan,Undergraduate,7,Reading,73.67,176,108.09,12,79,86,78,80.80000000000001,High
AUD_1641,1966,35,Female,Hubei,High School,8,Spontaneous,34.38,165,143.33,14,76,67,98,79.9,High
AUD_1642,1848,23,Male,Jiangsu,Undergraduate,10,Reading,54.97,98,136.74,8,92,58,88,80.6,High
AUD_1643,1083,41,Female,Jiangsu,High School,7,Reading,87.23,179,126.98,12,54,94,55,66.3,Medium
AUD_1644,1360,41,Female,Henan,Postgraduate,5,Spontaneous,44.05,176,171.49,8,69,84,58,70.19999999999999,Medium
AUD_1645,1688,40,Female,Sichuan,Undergraduate,8,Spontaneous,87.93,186,157.45,7,70,85,57,70.6,Medium
AUD_1646,1147,39,Male,Jiangsu,Postgraduate,14,Spontaneous,60.82,95,103.64,10,52,67,63,59.8,Low
AUD_1647,1629,19,Female,Beijing,Undergraduate,4,Spontaneous,52.31,114,141.37,9,90,69,87,82.8,High
AUD_1648,1341,40,Female,Beijing,Undergraduate,14,Spontaneous,66.04,139,97.99,13,99,70,58,78.0,High
AUD_1649,1475,28,Female,Zhejiang,Postgraduate,14,Reading,77.11,78,112.02,9,93,96,60,84.0,High
AUD_1650,1062,31,Male,Jiangsu,Undergraduate,10,Reading,47.59,82,171.89,3,53,69,60,59.900000000000006,Low
AUD_1651,1700,22,Male,Shanghai,Postgraduate,10,Reading,22.31,77,131.59,8,73,55,89,72.4,Medium
AUD_1652,1359,23,Female,Zhejiang,Postgraduate,5,Reading,69.62,144,170.29,13,56,58,84,65.0,Medium
AUD_1653,1560,27,Male,Sichuan,High School,14,Reading,86.93,132,104.94,2,73,92,60,74.8,Medium
AUD_1654,1326,25,Female,Jiangsu,Postgraduate,10,Spontaneous,63.75,161,108.48,11,60,78,85,72.9,Medium
AUD_1655,1768,31,Male,Beijing,High School,11,Reading,33.19,163,121.75,9,51,78,52,59.4,Low
AUD_1656,1735,41,Male,Shanghai,Postgraduate,7,Reading,37.38,78,122.97,14,93,62,94,84.0,High
AUD_1657,1140,20,Female,Henan,Undergraduate,7,Spontaneous,83.68,188,157.07,4,90,85,68,81.9,High
AUD_1658,1989,29,Female,Zhejiang,Postgraduate,8,Spontaneous,20.95,151,143.95,12,55,76,57,61.89999999999999,Medium
AUD_1659,1214,33,Female,Shanghai,Undergraduate,9,Reading,58.41,153,139.79,14,56,96,77,74.3,Medium
AUD_1660,1434,40,Male,Jiangsu,High School,5,Reading,31.11,97,144.21,10,87,98,50,79.2,High
AUD_1661,1890,34,Female,Guangdong,Undergraduate,7,Spontaneous,39.79,173,155.9,6,67,93,89,81.4,High
AUD_1662,1951,18,Male,Shanghai,Postgraduate,3,Reading,41.49,160,170.35,8,94,55,79,77.8,High
AUD_1663,1722,40,Male,Shanghai,Undergraduate,13,Spontaneous,35.35,73,127.33,8,58,88,90,76.6,High
AUD_1664,1317,27,Female,Sichuan,High School,12,Reading,75.46,72,162.26,10,77,81,87,81.2,High
AUD_1665,1031,42,Male,Beijing,Undergraduate,7,Spontaneous,43.25,65,134.56,3,68,98,60,74.6,Medium
AUD_1666,1669,40,Female,Henan,Undergraduate,6,Spontaneous,44.18,76,154.99,5,53,92,78,72.19999999999999,Medium
AUD_1667,1284,27,Male,Jiangsu,Postgraduate,3,Spontaneous,51.71,182,168.73,13,53,93,80,73.1,Medium
AUD_1668,1304,38,Female,Shanghai,Postgraduate,9,Reading,83.16,84,92.9,9,62,77,59,65.6,Medium
AUD_1669,1428,41,Male,Jiangsu,Undergraduate,3,Spontaneous,68.17,105,139.2,6,77,94,84,84.2,High
AUD_1670,1476,19,Male,Beijing,High School,10,Spontaneous,24.32,176,179.04,12,60,50,89,65.7,Medium
AUD_1671,1285,26,Female,Sichuan,Undergraduate,12,Reading,22.75,187,134.66,6,51,99,78,73.5,Medium
AUD_1672,1143,39,Male,Jiangsu,High School,14,Reading,59.65,87,167.79,4,55,92,86,75.39999999999999,High
AUD_1673,1423,30,Female,Hubei,High School,4,Reading,82.09,58,106.73,6,61,80,51,63.7,Medium
AUD_1674,1018,42,Male,Beijing,High School,12,Spontaneous,42.63,118,144.39,14,89,79,97,88.39999999999999,High
AUD_1675,1017,33,Male,Beijing,Undergraduate,14,Spontaneous,37.34,54,168.33,8,86,67,50,69.5,Medium
AUD_1676,1768,35,Male,Henan,High School,7,Spontaneous,72.37,133,128.84,5,73,78,81,76.9,High
AUD_1677,1589,36,Female,Zhejiang,Undergraduate,8,Reading,62.15,188,133.8,9,58,91,73,72.4,Medium
AUD_1678,1370,29,Female,Sichuan,High School,11,Reading,59.55,109,97.38,12,75,87,51,71.39999999999999,Medium
AUD_1679,1174,25,Female,Sichuan,High School,9,Spontaneous,30.45,184,93.8,7,53,72,52,58.4,Low
AUD_1680,1193,34,Female,Henan,Undergraduate,8,Reading,32.32,116,132.18,7,90,71,58,74.69999999999999,Medium
AUD_1681,1501,32,Female,Hubei,Postgraduate,7,Reading,39.73,118,165.91,7,93,51,98,81.9,High
AUD_1682,1987,27,Male,Jiangsu,Postgraduate,8,Spontaneous,34.48,126,173.82,5,53,54,73,59.300000000000004,Low
AUD_1683,1112,32,Male,Guangdong,Undergraduate,13,Spontaneous,88.0,193,149.28,4,98,91,61,84.8,High
AUD_1684,1113,32,Female,Hubei,Undergraduate,6,Reading,21.3,167,164.38,11,83,64,83,77.30000000000001,High
AUD_1685,1221,40,Male,Zhejiang,Postgraduate,3,Spontaneous,63.82,61,156.14,7,71,81,83,77.6,High
AUD_1686,1677,24,Male,Sichuan,Postgraduate,14,Reading,56.23,76,153.13,7,62,95,72,74.89999999999999,Medium
AUD_1687,1946,30,Male,Beijing,Postgraduate,11,Reading,42.63,134,159.21,3,64,55,68,62.5,Medium
AUD_1688,1830,34,Male,Sichuan,Undergraduate,13,Spontaneous,82.13,157,135.48,11,89,63,81,78.8,High
AUD_1689,1643,26,Female,Hubei,High School,7,Spontaneous,66.91,104,131.21,10,87,73,98,86.1,High
AUD_1690,1896,25,Male,Guangdong,Undergraduate,10,Reading,89.88,101,104.32,5,90,70,77,80.1,High
AUD_1691,1263,37,Female,Shanghai,Postgraduate,9,Reading,31.81,86,165.94,5,92,63,75,78.2,High
AUD_1692,1924,43,Female,Shanghai,High School,10,Spontaneous,26.15,162,94.02,11,93,61,98,84.9,High
AUD_1693,1054,44,Male,Henan,Undergraduate,3,Reading,29.76,169,114.07,14,51,53,94,64.5,Medium
AUD_1694,1870,38,Female,Sichuan,Postgraduate,11,Reading,38.85,64,136.79,13,51,93,61,66.6,Medium
AUD_1695,1642,35,Male,Sichuan,Undergraduate,3,Reading,49.18,133,177.44,12,92,70,92,85.4,High
AUD_1696,1799,30,Male,Zhejiang,High School,5,Reading,80.38,132,160.74,13,57,66,80,66.6,Medium
AUD_1697,1777,33,Male,Sichuan,Postgraduate,10,Reading,39.85,114,123.18,13,87,78,60,76.2,High
AUD_1698,1457,26,Female,Guangdong,Undergraduate,14,Spontaneous,84.07,52,154.26,9,67,65,89,73.0,Medium
AUD_1699,1978,29,Female,Sichuan,High School,13,Reading,52.4,154,173.82,4,78,67,99,81.0,High
AUD_1700,1877,29,Female,Jiangsu,High School,3,Reading,65.29,182,138.5,11,60,87,53,66.0,Medium
AUD_1701,1161,23,Male,Hubei,Undergraduate,3,Spontaneous,38.51,186,131.57,8,55,90,67,69.1,Medium
AUD_1702,1379,36,Male,Henan,High School,8,Spontaneous,30.92,178,139.77,8,58,93,78,74.5,Medium
AUD_1703,1992,24,Male,Guangdong,Postgraduate,7,Spontaneous,80.86,79,118.04,3,71,60,96,75.2,High
AUD_1704,1086,42,Female,Zhejiang,High School,13,Reading,27.67,120,171.66,4,95,81,88,88.69999999999999,High
AUD_1705,1054,20,Male,Jiangsu,Undergraduate,8,Reading,74.18,197,161.76,13,74,77,96,81.5,High
AUD_1706,1475,33,Male,Jiangsu,Postgraduate,5,Spontaneous,60.67,142,153.49,5,80,65,80,75.5,High
AUD_1707,1799,35,Female,Hubei,High School,12,Spontaneous,80.28,76,143.02,3,70,83,77,76.0,High
AUD_1708,1177,33,Female,Shanghai,High School,14,Spontaneous,70.25,112,177.25,10,87,99,76,87.3,High
AUD_1709,1390,40,Female,Guangdong,Postgraduate,12,Spontaneous,39.72,130,116.79,11,68,79,79,74.60000000000001,Medium
AUD_1710,1348,24,Male,Hubei,Postgraduate,8,Spontaneous,60.21,80,115.48,12,59,87,98,79.1,High
AUD_1711,1007,21,Male,Jiangsu,High School,4,Reading,20.92,196,111.79,7,95,71,91,86.6,High
AUD_1712,1832,44,Male,Zhejiang,Postgraduate,10,Spontaneous,53.27,163,156.76,2,86,54,60,68.6,Medium
AUD_1713,1312,42,Female,Hubei,Undergraduate,14,Reading,26.02,151,161.76,2,61,58,63,60.699999999999996,Medium
AUD_1714,1758,25,Female,Shanghai,High School,8,Reading,50.03,142,143.74,9,68,62,53,61.699999999999996,Medium
AUD_1715,1834,30,Female,Jiangsu,Undergraduate,6,Spontaneous,27.67,184,148.68,12,51,88,85,72.3,Medium
AUD_1716,1983,30,Female,Hubei,High School,6,Spontaneous,86.88,120,121.41,7,64,72,50,62.2,Medium
AUD_1717,1982,34,Male,Guangdong,Undergraduate,13,Spontaneous,56.61,135,93.58,14,87,76,93,85.5,High
AUD_1718,1442,34,Male,Shanghai,Undergraduate,9,Spontaneous,83.93,185,112.83,11,57,81,88,73.5,Medium
AUD_1719,1766,22,Male,Guangdong,Postgraduate,5,Spontaneous,21.57,77,142.59,13,95,80,86,87.8,High
AUD_1720,1327,23,Male,Guangdong,High School,13,Reading,64.64,131,163.16,8,84,82,82,82.8,High
AUD_1721,1053,36,Male,Guangdong,Postgraduate,5,Spontaneous,41.49,144,159.95,7,87,91,70,83.10000000000001,High
AUD_1722,1760,30,Male,Hubei,Postgraduate,8,Spontaneous,50.23,66,106.15,3,92,75,73,81.2,High
AUD_1723,1238,42,Male,Shanghai,High School,11,Reading,81.12,188,94.63,4,79,67,89,78.4,High
AUD_1724,1228,43,Male,Hubei,Undergraduate,3,Spontaneous,88.6,192,166.55,9,58,61,99,71.2,Medium
AUD_1725,1578,31,Female,Hubei,High School,7,Spontaneous,37.25,144,96.8,5,79,52,62,65.8,Medium
AUD_1726,1050,39,Female,Hubei,High School,3,Spontaneous,86.38,170,125.4,14,98,54,98,84.80000000000001,High
AUD_1727,1608,21,Male,Jiangsu,High School,3,Reading,68.21,55,98.48,9,68,63,83,71.0,Medium
AUD_1728,1603,24,Female,Sichuan,Postgraduate,5,Spontaneous,86.6,61,140.76,4,78,96,87,86.1,High
AUD_1729,1263,25,Male,Beijing,High School,5,Spontaneous,59.37,136,122.7,3,51,61,78,62.1,Medium
AUD_1730,1417,42,Male,Jiangsu,High School,6,Spontaneous,87.25,152,108.22,8,77,53,85,72.2,Medium
AUD_1731,1802,30,Female,Shanghai,High School,5,Spontaneous,82.47,153,143.57,2,57,65,89,69.0,Medium
AUD_1732,1095,44,Male,Beijing,Undergraduate,8,Reading,29.0,84,122.71,12,74,60,96,76.4,High
AUD_1733,1087,23,Male,Beijing,Undergraduate,14,Spontaneous,41.76,116,105.01,4,59,85,54,65.3,Medium
AUD_1734,1077,23,Male,Beijing,Undergraduate,6,Reading,37.01,155,153.01,3,71,87,69,75.2,High
AUD_1735,1287,41,Male,Sichuan,Undergraduate,10,Spontaneous,60.05,141,165.31,6,84,97,78,86.1,High
AUD_1736,1119,38,Male,Hubei,Postgraduate,3,Spontaneous,76.2,112,114.64,3,91,51,60,69.69999999999999,Medium
AUD_1737,1813,20,Male,Henan,Postgraduate,10,Spontaneous,73.16,132,106.78,11,73,62,57,64.89999999999999,Medium
AUD_1738,1490,20,Male,Zhejiang,High School,13,Reading,70.87,131,96.77,6,75,57,77,70.19999999999999,Medium
AUD_1739,1911,30,Female,Shanghai,Postgraduate,3,Spontaneous,46.27,80,137.51,14,80,93,98,89.3,High
AUD_1740,1451,39,Female,Henan,Undergraduate,13,Spontaneous,29.77,86,164.82,4,72,70,90,76.8,High
AUD_1741,1499,19,Male,Sichuan,High School,3,Reading,34.74,182,112.57,10,51,75,67,63.0,Medium
AUD_1742,1164,33,Female,Sichuan,High School,9,Spontaneous,71.92,164,131.46,11,88,87,79,85.0,High
AUD_1743,1181,39,Male,Zhejiang,Undergraduate,3,Spontaneous,30.33,170,104.47,10,82,84,63,76.9,High
AUD_1744,1468,23,Male,Beijing,Undergraduate,11,Spontaneous,35.61,181,126.38,9,73,64,58,65.80000000000001,Medium
AUD_1745,1909,25,Male,Hubei,Undergraduate,10,Spontaneous,49.72,167,91.39,14,61,89,59,68.8,Medium
AUD_1746,1734,40,Male,Zhejiang,Postgraduate,3,Reading,25.05,87,171.97,6,86,79,74,80.3,High
AUD_1747,1822,25,Female,Henan,High School,4,Reading,34.89,159,150.89,11,58,51,76,61.3,Medium
AUD_1748,1943,42,Female,Henan,Undergraduate,4,Reading,30.48,196,119.95,12,93,65,51,72.0,Medium
AUD_1749,1977,23,Female,Zhejiang,High School,4,Spontaneous,86.59,75,169.31,8,92,62,52,71.0,Medium
AUD_1750,1006,31,Female,Sichuan,High School,8,Spontaneous,33.41,176,106.46,3,93,50,78,75.6,High
AUD_1751,1329,20,Male,Shanghai,Postgraduate,6,Spontaneous,80.32,101,97.09,4,52,92,86,74.2,Medium
AUD_1752,1774,27,Female,Guangdong,High School,10,Spontaneous,28.04,167,174.84,13,93,77,76,83.1,High
AUD_1753,1672,20,Male,Hubei,Undergraduate,3,Reading,80.88,110,117.81,12,72,50,53,59.699999999999996,Low
AUD_1754,1150,44,Male,Henan,Undergraduate,12,Spontaneous,61.96,199,174.24,3,73,89,84,81.10000000000001,High
AUD_1755,1084,29,Female,Henan,High School,6,Reading,79.48,194,147.39,11,82,83,76,80.5,High
AUD_1756,1146,34,Male,Zhejiang,High School,12,Spontaneous,80.71,188,178.2,12,79,62,68,70.6,Medium
AUD_1757,1623,44,Female,Hubei,Postgraduate,13,Spontaneous,61.75,160,157.81,2,87,51,59,67.8,Medium
AUD_1758,1380,22,Female,Zhejiang,Undergraduate,7,Reading,84.24,98,99.49,4,92,53,75,75.2,High
AUD_1759,1914,37,Female,Beijing,Undergraduate,11,Spontaneous,60.98,156,166.7,5,51,74,56,59.400000000000006,Low
AUD_1760,1547,42,Female,Hubei,High School,7,Reading,69.88,142,103.31,13,89,83,76,83.3,High
AUD_1761,1284,26,Female,Beijing,High School,13,Reading,49.13,173,152.3,10,71,62,79,70.7,Medium
AUD_1762,1699,38,Male,Henan,High School,5,Spontaneous,83.98,110,135.04,13,60,85,61,67.8,Medium
AUD_1763,1081,43,Female,Sichuan,Undergraduate,13,Reading,77.69,189,153.7,3,61,81,89,75.4,High
AUD_1764,1513,37,Female,Beijing,High School,6,Reading,31.67,190,158.85,10,68,70,54,64.4,Medium
AUD_1765,1896,24,Male,Hubei,Postgraduate,12,Spontaneous,60.35,107,162.33,2,69,75,62,68.7,Medium
AUD_1766,1814,39,Female,Jiangsu,Postgraduate,9,Reading,82.78,60,165.15,10,58,64,90,69.4,Medium
AUD_1767,1708,21,Female,Hubei,High School,3,Reading,75.51,188,166.25,7,92,78,53,76.1,High
AUD_1768,1915,30,Male,Zhejiang,Postgraduate,13,Spontaneous,87.38,171,127.13,9,67,75,51,64.6,Medium
AUD_1769,1522,30,Male,Beijing,Postgraduate,8,Reading,36.19,154,170.03,4,90,70,86,82.8,High
AUD_1770,1745,27,Female,Shanghai,Postgraduate,10,Spontaneous,45.72,85,154.76,9,96,61,83,81.6,High
AUD_1771,1385,35,Male,Jiangsu,Postgraduate,3,Reading,55.5,179,165.51,12,67,61,99,74.8,Medium
AUD_1772,1706,34,Female,Sichuan,Postgraduate,10,Spontaneous,36.29,136,179.03,10,89,54,55,68.3,Medium
AUD_1773,1470,37,Male,Guangdong,Undergraduate,9,Spontaneous,47.58,110,100.48,8,85,91,75,83.8,High
AUD_1774,1118,37,Female,Zhejiang,High School,3,Spontaneous,57.63,127,123.35,5,76,75,60,70.9,Medium
AUD_1775,1395,30,Female,Zhejiang,Postgraduate,11,Spontaneous,33.39,98,162.59,7,62,81,91,76.4,High
AUD_1776,1531,34,Female,Shanghai,High School,13,Spontaneous,37.97,189,97.77,7,96,51,50,68.7,Medium
AUD_1777,1260,39,Male,Guangdong,Postgraduate,5,Reading,28.74,55,138.67,3,57,57,83,64.8,Medium
AUD_1778,1804,21,Female,Henan,Undergraduate,4,Spontaneous,69.94,93,167.26,3,97,76,70,82.60000000000001,High
AUD_1779,1933,18,Male,Guangdong,Undergraduate,9,Spontaneous,45.31,72,91.71,12,92,86,59,80.30000000000001,High
AUD_1780,1255,18,Female,Sichuan,Postgraduate,13,Reading,35.42,164,174.56,6,72,57,54,62.099999999999994,Medium
AUD_1781,1733,32,Female,Sichuan,Postgraduate,5,Spontaneous,55.51,147,178.03,2,62,73,75,69.2,Medium
AUD_1782,1904,30,Female,Jiangsu,Postgraduate,3,Reading,24.78,157,119.01,6,56,62,93,68.9,Medium
AUD_1783,1225,34,Female,Henan,Undergraduate,12,Reading,84.64,145,159.01,11,99,78,68,83.4,High
AUD_1784,1052,41,Female,Zhejiang,Undergraduate,5,Spontaneous,40.61,75,101.45,4,89,62,70,75.2,High
AUD_1785,1939,43,Male,Beijing,High School,8,Reading,82.05,184,159.56,4,51,72,83,66.9,Medium
AUD_1786,1866,25,Male,Sichuan,Undergraduate,5,Reading,54.83,82,133.34,9,52,96,78,73.0,Medium
AUD_1787,1499,35,Male,Shanghai,Postgraduate,7,Reading,79.51,131,167.42,12,91,64,87,81.69999999999999,High
AUD_1788,1505,44,Female,Shanghai,High School,11,Spontaneous,37.29,197,109.13,4,88,73,64,76.3,High
AUD_1789,1853,30,Female,Shanghai,Undergraduate,9,Reading,32.27,144,150.54,4,72,92,89,83.1,High
AUD_1790,1363,40,Male,Hubei,Undergraduate,4,Spontaneous,79.46,178,160.75,2,56,72,65,63.5,Medium
AUD_1791,1279,31,Female,Henan,Postgraduate,3,Spontaneous,34.9,56,108.22,9,53,59,67,59.0,Low
AUD_1792,1592,25,Female,Henan,High School,9,Reading,72.23,173,163.65,14,57,87,98,78.3,High
AUD_1793,1713,25,Female,Sichuan,Undergraduate,6,Spontaneous,44.12,107,176.22,11,81,54,50,63.599999999999994,Medium
AUD_1794,1157,44,Male,Sichuan,Undergraduate,13,Reading,72.37,135,145.45,11,68,54,60,61.400000000000006,Medium
AUD_1795,1631,43,Male,Shanghai,Postgraduate,9,Reading,83.54,83,160.64,7,61,80,85,73.9,Medium
AUD_1796,1058,32,Male,Henan,High School,8,Spontaneous,88.71,100,137.93,12,59,89,81,74.6,Medium
AUD_1797,1726,44,Male,Henan,High School,9,Spontaneous,45.19,169,143.83,9,63,50,77,63.3,Medium
AUD_1798,1127,30,Male,Sichuan,High School,6,Spontaneous,45.73,187,91.2,4,76,51,55,62.2,Medium
AUD_1799,1735,24,Female,Hubei,High School,5,Reading,88.7,160,137.19,12,93,98,56,83.39999999999999,High
AUD_1800,1720,22,Female,Beijing,Postgraduate,14,Reading,80.31,155,141.8,7,70,78,89,78.1,High
AUD_1801,1881,34,Female,Beijing,Undergraduate,7,Reading,23.16,75,150.3,13,69,56,73,66.30000000000001,Medium
AUD_1802,1114,42,Female,Jiangsu,Undergraduate,5,Spontaneous,60.14,81,105.25,3,53,78,59,62.3,Medium
AUD_1803,1208,33,Male,Henan,High School,5,Reading,32.69,173,111.72,4,68,58,79,68.3,Medium
AUD_1804,1525,40,Male,Zhejiang,High School,6,Reading,89.58,61,158.04,14,78,85,66,76.5,High
AUD_1805,1520,19,Female,Beijing,High School,10,Reading,29.72,136,105.09,5,56,56,93,67.1,Medium
AUD_1806,1551,39,Male,Jiangsu,Undergraduate,4,Reading,59.15,127,127.44,10,82,77,57,73.0,Medium
AUD_1807,1961,35,Female,Guangdong,Undergraduate,6,Spontaneous,66.56,83,112.54,13,57,59,61,58.8,Low
AUD_1808,1236,34,Female,Zhejiang,High School,13,Reading,85.59,119,139.07,5,60,65,75,66.0,Medium
AUD_1809,1280,24,Female,Henan,Postgraduate,5,Spontaneous,79.31,57,178.82,8,82,59,66,70.3,Medium
AUD_1810,1358,30,Female,Beijing,Undergraduate,9,Reading,37.2,130,166.68,13,74,88,84,81.2,High
AUD_1811,1200,35,Male,Hubei,Undergraduate,4,Reading,60.08,75,114.25,9,82,75,95,83.80000000000001,High
AUD_1812,1757,31,Female,Guangdong,High School,3,Reading,86.75,106,123.18,6,85,83,93,86.8,High
AUD_1813,1277,35,Male,Jiangsu,Postgraduate,12,Spontaneous,71.5,184,172.68,3,75,83,54,71.1,Medium
AUD_1814,1234,30,Female,Beijing,High School,3,Spontaneous,68.18,75,170.85,12,85,89,94,88.9,High
AUD_1815,1493,28,Female,Henan,High School,8,Spontaneous,72.84,163,104.45,9,60,63,60,60.9,Medium
AUD_1816,1003,38,Female,Beijing,Postgraduate,5,Reading,42.58,167,164.63,6,79,67,65,71.2,Medium
AUD_1817,1665,38,Female,Sichuan,Postgraduate,9,Reading,71.05,165,116.78,6,82,50,91,75.10000000000001,High
AUD_1818,1441,33,Male,Guangdong,Postgraduate,10,Spontaneous,36.3,96,138.94,8,59,66,79,67.10000000000001,Medium
AUD_1819,1028,40,Female,Beijing,Undergraduate,7,Reading,49.97,151,90.46,7,78,98,89,87.3,High
AUD_1820,1108,34,Male,Shanghai,High School,7,Reading,82.3,173,179.87,4,74,71,55,67.4,Medium
AUD_1821,1609,25,Female,Hubei,Undergraduate,14,Spontaneous,21.33,73,158.5,8,81,86,69,78.9,High
AUD_1822,1726,36,Female,Sichuan,Postgraduate,4,Reading,49.0,79,111.76,13,53,65,69,61.400000000000006,Medium
AUD_1823,1804,37,Female,Sichuan,Undergraduate,10,Reading,38.68,103,151.54,2,88,56,73,73.9,Medium
AUD_1824,1074,32,Male,Beijing,Postgraduate,12,Reading,33.9,116,116.4,5,83,64,76,75.2,High
AUD_1825,1837,26,Female,Hubei,Postgraduate,3,Spontaneous,78.7,81,98.05,5,71,70,52,65.0,Medium
AUD_1826,1145,37,Female,Sichuan,High School,12,Reading,68.75,57,128.28,7,62,51,73,62.0,Medium
AUD_1827,1127,27,Female,Zhejiang,High School,11,Spontaneous,27.88,95,145.23,7,85,97,59,80.8,High
AUD_1828,1852,29,Female,Guangdong,High School,3,Reading,54.61,129,98.08,11,55,74,74,66.4,Medium
AUD_1829,1041,38,Female,Zhejiang,Undergraduate,3,Spontaneous,52.68,84,136.66,9,66,58,77,66.89999999999999,Medium
AUD_1830,1355,40,Male,Jiangsu,High School,3,Spontaneous,29.98,138,136.34,13,75,69,67,70.8,Medium
AUD_1831,1040,37,Male,Zhejiang,Postgraduate,9,Spontaneous,75.98,128,146.58,2,73,99,91,86.2,High
AUD_1832,1933,18,Female,Hubei,High School,6,Spontaneous,45.67,185,112.02,14,58,59,94,69.10000000000001,Medium
AUD_1833,1033,42,Female,Shanghai,Undergraduate,14,Reading,73.34,83,91.86,8,51,70,63,60.300000000000004,Medium
AUD_1834,1016,37,Male,Sichuan,High School,9,Spontaneous,33.44,74,119.24,5,69,53,50,58.5,Low
AUD_1835,1676,26,Female,Hubei,High School,7,Reading,42.06,162,125.87,14,76,79,69,74.8,Medium
AUD_1836,1152,39,Male,Sichuan,High School,14,Reading,26.66,132,147.22,7,55,83,96,75.69999999999999,High
AUD_1837,1997,32,Female,Henan,Undergraduate,9,Spontaneous,30.04,92,173.72,11,99,79,74,85.5,High
AUD_1838,1377,18,Female,Shanghai,Postgraduate,12,Reading,81.82,175,108.3,10,76,63,61,67.6,Medium
AUD_1839,1587,29,Male,Sichuan,Postgraduate,9,Reading,27.64,62,151.86,4,73,71,97,79.6,High
AUD_1840,1598,20,Female,Zhejiang,Postgraduate,6,Reading,26.7,174,98.77,9,64,50,88,67.0,Medium
AUD_1841,1628,28,Male,Henan,High School,4,Reading,85.83,125,107.16,4,97,57,95,84.4,High
AUD_1842,1873,19,Male,Henan,High School,10,Spontaneous,65.21,136,135.82,7,82,60,58,68.2,Medium
AUD_1843,1341,33,Male,Jiangsu,Undergraduate,4,Reading,27.06,153,153.75,3,91,50,58,68.8,Medium
AUD_1844,1980,26,Female,Henan,Postgraduate,11,Reading,88.02,179,167.27,10,59,54,91,67.1,Medium
AUD_1845,1026,32,Male,Henan,High School,7,Reading,30.3,89,156.95,14,70,94,90,83.2,High
AUD_1846,1824,29,Male,Beijing,High School,11,Reading,73.64,72,91.38,3,55,98,74,73.6,Medium
AUD_1847,1286,18,Female,Shanghai,High School,11,Reading,22.44,118,151.55,13,79,59,79,73.0,Medium
AUD_1848,1645,30,Female,Zhejiang,Undergraduate,10,Spontaneous,63.72,83,164.22,6,72,88,97,84.3,High
AUD_1849,1730,31,Female,Hubei,Postgraduate,10,Reading,58.27,104,137.3,7,85,62,89,79.3,High
AUD_1850,1167,42,Female,Zhejiang,Undergraduate,6,Spontaneous,34.56,155,176.9,5,95,70,77,82.1,High
AUD_1851,1609,42,Female,Zhejiang,Postgraduate,6,Reading,65.02,53,90.39,13,98,85,51,80.0,High
AUD_1852,1267,25,Female,Beijing,Postgraduate,4,Spontaneous,63.19,119,163.68,8,52,94,74,71.2,Medium
AUD_1853,1748,25,Male,Guangdong,High School,6,Reading,75.88,96,120.13,14,75,82,67,74.69999999999999,Medium
AUD_1854,1820,44,Female,Sichuan,High School,6,Reading,81.31,163,148.54,8,83,92,73,82.69999999999999,High
AUD_1855,1454,29,Male,Sichuan,High School,8,Spontaneous,55.71,166,152.41,13,79,77,67,74.8,Medium
AUD_1856,1905,18,Female,Hubei,High School,5,Spontaneous,54.32,167,117.56,8,67,58,76,67.0,Medium
AUD_1857,1684,28,Male,Henan,High School,4,Spontaneous,63.51,56,179.59,12,66,94,93,82.5,High
AUD_1858,1400,25,Male,Jiangsu,Postgraduate,10,Reading,71.04,162,99.29,8,94,60,84,80.8,High
AUD_1859,1921,27,Female,Hubei,High School,4,Spontaneous,44.93,147,104.13,14,91,89,83,88.0,High
AUD_1860,1980,36,Female,Guangdong,High School,10,Spontaneous,55.32,78,170.3,11,70,78,87,77.5,High
AUD_1861,1475,28,Male,Sichuan,Undergraduate,9,Spontaneous,60.96,164,100.73,12,73,56,55,62.5,Medium
AUD_1862,1701,24,Female,Jiangsu,Undergraduate,5,Reading,89.19,189,124.32,11,53,76,98,73.4,Medium
AUD_1863,1633,28,Female,Hubei,Postgraduate,8,Reading,61.14,194,155.98,10,98,71,65,80.0,High
AUD_1864,1557,34,Male,Jiangsu,Postgraduate,8,Reading,35.69,86,161.23,3,97,80,72,84.4,High
AUD_1865,1575,18,Male,Zhejiang,Undergraduate,12,Spontaneous,61.16,83,175.92,6,74,79,77,76.39999999999999,High
AUD_1866,1129,43,Male,Shanghai,Undergraduate,7,Reading,77.36,183,161.06,11,73,77,62,70.89999999999999,Medium
AUD_1867,1821,38,Female,Zhejiang,High School,10,Reading,80.02,145,166.01,10,95,69,61,77.0,High
AUD_1868,1362,38,Female,Beijing,High School,13,Reading,76.02,122,175.44,13,76,64,60,67.6,Medium
AUD_1869,1704,25,Female,Henan,Postgraduate,14,Reading,82.17,171,139.83,14,80,64,96,80.0,High
AUD_1870,1818,40,Female,Sichuan,Undergraduate,7,Spontaneous,43.43,199,120.91,12,96,61,98,86.1,High
AUD_1871,1692,41,Male,Jiangsu,Postgraduate,9,Reading,55.53,59,158.55,12,84,66,71,74.7,Medium
AUD_1872,1291,23,Female,Hubei,High School,8,Spontaneous,74.57,78,104.72,3,69,72,80,73.2,Medium
AUD_1873,1370,39,Male,Henan,Postgraduate,13,Spontaneous,38.51,188,96.14,4,65,55,76,65.3,Medium
AUD_1874,1793,35,Female,Shanghai,Postgraduate,9,Spontaneous,46.01,141,160.68,8,80,94,76,83.0,High
AUD_1875,1028,23,Female,Hubei,Postgraduate,11,Spontaneous,78.18,105,175.56,10,56,65,89,68.60000000000001,Medium
AUD_1876,1148,22,Male,Sichuan,High School,5,Spontaneous,73.91,134,129.82,4,67,76,75,72.1,Medium
AUD_1877,1778,30,Female,Jiangsu,Postgraduate,12,Spontaneous,87.98,144,104.5,11,57,72,56,61.2,Medium
AUD_1878,1295,36,Female,Jiangsu,High School,9,Reading,89.72,107,134.73,9,76,50,60,63.400000000000006,Medium
AUD_1879,1010,39,Male,Zhejiang,Undergraduate,12,Spontaneous,36.85,101,125.4,12,63,94,71,74.7,Medium
AUD_1880,1511,25,Female,Shanghai,Postgraduate,5,Reading,83.03,110,123.52,9,67,56,89,70.3,Medium
AUD_1881,1675,26,Male,Shanghai,Postgraduate,4,Spontaneous,26.62,66,146.53,13,50,94,68,68.6,Medium
AUD_1882,1112,34,Male,Sichuan,High School,14,Reading,69.69,79,105.73,5,80,88,87,84.5,High
AUD_1883,1186,20,Male,Jiangsu,Postgraduate,9,Spontaneous,35.41,121,124.24,12,69,89,69,75.0,High
AUD_1884,1806,36,Male,Henan,High School,6,Reading,41.02,86,168.18,14,55,99,68,72.1,Medium
AUD_1885,1743,28,Female,Shanghai,Postgraduate,3,Reading,86.24,182,155.67,7,94,98,68,87.4,High
AUD_1886,1226,41,Female,Shanghai,Undergraduate,8,Spontaneous,38.42,129,95.0,12,50,97,85,74.6,Medium
AUD_1887,1309,34,Female,Hubei,Undergraduate,13,Spontaneous,67.12,178,136.25,13,68,98,96,85.4,High
AUD_1888,1097,38,Male,Sichuan,Undergraduate,8,Spontaneous,32.47,186,98.22,9,88,89,76,84.7,High
AUD_1889,1054,36,Female,Zhejiang,Postgraduate,8,Spontaneous,26.54,120,176.17,13,76,88,66,76.6,High
AUD_1890,1622,19,Female,Hubei,Postgraduate,4,Reading,43.75,156,112.02,10,65,67,67,66.19999999999999,Medium
AUD_1891,1663,25,Female,Hubei,Undergraduate,3,Reading,63.69,182,173.94,3,63,85,69,71.4,Medium
AUD_1892,1757,36,Female,Guangdong,Undergraduate,5,Spontaneous,37.36,170,165.06,2,83,71,93,82.4,High
AUD_1893,1405,24,Male,Beijing,High School,14,Spontaneous,41.01,124,139.62,6,56,51,91,65.0,Medium
AUD_1894,1068,44,Male,Guangdong,High School,4,Reading,69.61,117,120.27,11,69,97,90,83.7,High
AUD_1895,1311,34,Female,Shanghai,Undergraduate,8,Spontaneous,27.2,187,167.22,4,80,75,57,71.6,Medium
AUD_1896,1288,23,Male,Jiangsu,Undergraduate,14,Reading,51.28,147,103.75,12,71,99,89,84.8,High
AUD_1897,1761,36,Female,Beijing,Postgraduate,8,Spontaneous,85.92,181,106.2,14,69,81,60,69.9,Medium
AUD_1898,1547,41,Female,Beijing,Undergraduate,7,Spontaneous,47.79,101,110.23,7,64,72,79,70.9,Medium
AUD_1899,1750,23,Female,Jiangsu,High School,12,Reading,50.39,123,143.79,13,74,89,61,74.6,Medium
AUD_1900,1147,19,Male,Beijing,High School,12,Reading,71.67,67,118.29,12,95,95,72,88.1,High
AUD_1901,1466,23,Female,Jiangsu,High School,7,Spontaneous,74.53,125,179.03,2,50,67,55,56.599999999999994,Low
AUD_1902,1738,40,Male,Beijing,High School,11,Reading,73.87,157,107.56,13,66,68,84,72.0,Medium
AUD_1903,1243,22,Male,Hubei,High School,7,Spontaneous,89.85,109,162.5,12,65,73,64,67.1,Medium
AUD_1904,1490,36,Female,Henan,High School,12,Reading,25.0,86,98.63,5,86,53,87,76.39999999999999,High
AUD_1905,1848,37,Male,Sichuan,Undergraduate,8,Spontaneous,88.76,126,121.81,7,70,95,77,79.6,High
AUD_1906,1957,21,Male,Sichuan,High School,13,Spontaneous,86.51,195,111.94,3,76,51,56,62.5,Medium
AUD_1907,1506,39,Female,Guangdong,High School,6,Spontaneous,79.65,175,177.92,12,84,79,55,73.8,Medium
AUD_1908,1364,43,Male,Hubei,High School,12,Reading,51.79,78,92.32,12,73,98,76,81.4,High
AUD_1909,1481,34,Male,Beijing,High School,3,Reading,80.96,157,154.95,9,51,87,51,61.8,Medium
AUD_1910,1200,28,Female,Zhejiang,Undergraduate,6,Reading,35.46,79,112.29,5,95,80,55,78.5,High
AUD_1911,1153,21,Female,Jiangsu,Postgraduate,4,Reading,75.42,168,163.01,3,74,89,81,80.6,High
AUD_1912,1449,43,Male,Hubei,Postgraduate,12,Spontaneous,32.97,151,118.01,2,68,65,78,70.1,Medium
AUD_1913,1500,30,Female,Beijing,Postgraduate,5,Reading,77.08,56,106.86,9,94,82,83,87.1,High
AUD_1914,1072,37,Female,Sichuan,Postgraduate,9,Reading,63.02,123,152.37,11,62,99,50,69.5,Medium
AUD_1915,1712,43,Male,Sichuan,High School,9,Reading,26.86,86,113.18,2,78,52,64,66.0,Medium
AUD_1916,1295,34,Male,Jiangsu,Postgraduate,3,Spontaneous,82.67,76,133.7,8,81,67,59,70.2,Medium
AUD_1917,1016,26,Female,Zhejiang,Postgraduate,10,Reading,60.46,70,101.84,8,55,59,59,57.400000000000006,Low
AUD_1918,1640,21,Male,Beijing,Undergraduate,9,Reading,65.94,92,155.21,14,58,51,59,56.2,Low
AUD_1919,1216,40,Female,Beijing,Undergraduate,3,Spontaneous,39.85,100,126.62,7,50,79,86,69.5,Medium
AUD_1920,1060,31,Female,Zhejiang,Undergraduate,10,Spontaneous,81.01,142,102.65,9,73,79,81,77.2,High
AUD_1921,1938,36,Male,Zhejiang,High School,4,Spontaneous,58.16,120,156.74,11,59,74,85,71.3,Medium
AUD_1922,1615,43,Male,Zhejiang,High School,10,Spontaneous,49.48,62,99.3,2,84,92,74,83.4,High
AUD_1923,1041,20,Female,Sichuan,High School,5,Spontaneous,57.4,158,141.73,13,55,73,64,63.099999999999994,Medium
AUD_1924,1024,31,Female,Jiangsu,Undergraduate,12,Spontaneous,69.23,163,144.67,2,97,84,58,81.4,High
AUD_1925,1038,25,Female,Hubei,Postgraduate,9,Spontaneous,68.65,174,173.73,14,69,59,65,64.8,Medium
AUD_1926,1802,41,Female,Henan,Undergraduate,8,Reading,45.03,154,103.59,2,87,97,90,90.9,High
AUD_1927,1130,44,Male,Zhejiang,High School,7,Spontaneous,46.97,190,148.8,7,61,79,68,68.5,Medium
AUD_1928,1497,18,Female,Jiangsu,Undergraduate,13,Spontaneous,59.36,86,124.27,8,52,75,95,71.8,Medium
AUD_1929,1228,27,Male,Guangdong,Postgraduate,12,Spontaneous,84.71,189,126.07,11,67,84,93,79.9,High
AUD_1930,1107,35,Male,Beijing,High School,13,Spontaneous,72.18,67,135.16,10,70,73,61,68.2,Medium
AUD_1931,1171,33,Female,Beijing,Postgraduate,4,Spontaneous,47.33,171,111.04,11,84,69,84,79.5,High
AUD_1932,1434,25,Male,Henan,Postgraduate,4,Reading,43.59,134,131.51,6,86,88,92,88.39999999999999,High
AUD_1933,1477,18,Male,Henan,High School,14,Reading,56.65,166,151.82,2,68,98,54,72.8,Medium
AUD_1934,1101,29,Female,Shanghai,Postgraduate,3,Reading,80.9,167,131.14,10,74,89,87,82.39999999999999,High
AUD_1935,1865,25,Male,Guangdong,Undergraduate,11,Reading,20.61,111,93.83,6,67,84,55,68.5,Medium
AUD_1936,1523,41,Male,Hubei,Postgraduate,13,Reading,69.73,73,113.2,7,89,88,63,80.9,High
AUD_1937,1274,33,Female,Henan,Postgraduate,10,Reading,40.62,109,121.63,10,79,59,97,78.39999999999999,High
AUD_1938,1612,35,Female,Zhejiang,Postgraduate,10,Reading,34.59,194,121.92,3,91,76,61,77.5,High
AUD_1939,1043,21,Female,Zhejiang,Undergraduate,3,Spontaneous,20.85,155,97.29,4,91,64,99,85.3,High
AUD_1940,1954,23,Female,Hubei,Postgraduate,7,Spontaneous,82.76,109,130.46,8,83,64,71,73.7,Medium
AUD_1941,1816,29,Female,Sichuan,Postgraduate,14,Spontaneous,83.86,58,152.28,4,59,86,94,77.60000000000001,High
AUD_1942,1956,44,Female,Guangdong,Undergraduate,8,Spontaneous,24.3,192,94.38,3,71,84,90,80.6,High
AUD_1943,1016,26,Female,Zhejiang,High School,4,Spontaneous,56.53,126,157.58,8,99,52,99,84.9,High
AUD_1944,1329,32,Male,Henan,High School,12,Spontaneous,30.68,130,175.96,9,53,78,53,60.5,Medium
AUD_1945,1568,33,Male,Shanghai,High School,7,Reading,73.11,175,90.84,10,52,53,92,64.3,Medium
AUD_1946,1822,41,Female,Jiangsu,Postgraduate,8,Spontaneous,66.58,186,107.43,3,98,96,67,88.1,High
AUD_1947,1496,29,Male,Beijing,High School,11,Spontaneous,40.8,105,138.91,14,98,65,80,82.7,High
AUD_1948,1814,41,Male,Guangdong,Undergraduate,12,Spontaneous,28.19,143,109.62,3,77,54,84,72.2,Medium
AUD_1949,1011,40,Female,Beijing,Postgraduate,3,Reading,78.19,176,158.82,12,71,70,53,65.30000000000001,Medium
AUD_1950,1317,31,Male,Jiangsu,Postgraduate,12,Reading,67.2,85,118.09,8,61,89,58,68.5,Medium
AUD_1951,1591,30,Female,Guangdong,Postgraduate,5,Reading,20.48,177,116.43,5,98,91,94,94.7,High
AUD_1952,1215,42,Male,Henan,High School,14,Spontaneous,63.95,69,90.08,6,62,70,64,65.0,Medium
AUD_1953,1338,19,Female,Jiangsu,High School,11,Spontaneous,76.72,104,114.31,2,90,51,91,78.6,High
AUD_1954,1775,20,Male,Zhejiang,High School,3,Spontaneous,61.35,109,109.59,7,82,63,70,72.7,Medium
AUD_1955,1990,43,Male,Hubei,Postgraduate,3,Reading,49.73,178,120.89,11,96,54,81,78.9,High
AUD_1956,1660,41,Male,Zhejiang,Undergraduate,3,Reading,60.87,94,103.29,14,68,56,58,61.4,Medium
AUD_1957,1080,39,Female,Henan,Postgraduate,9,Spontaneous,63.38,73,143.52,9,90,60,97,83.1,High
AUD_1958,1726,27,Male,Hubei,Undergraduate,7,Reading,64.8,53,111.49,12,66,84,81,75.9,High
AUD_1959,1484,26,Male,Zhejiang,Postgraduate,8,Spontaneous,87.69,140,164.86,2,96,79,65,81.60000000000001,High
AUD_1960,1373,43,Female,Jiangsu,Undergraduate,10,Reading,32.51,156,115.61,3,83,93,94,89.3,High
AUD_1961,1975,37,Female,Jiangsu,Postgraduate,4,Reading,63.62,62,108.98,8,53,95,54,65.9,Medium
AUD_1962,1709,25,Male,Jiangsu,Postgraduate,4,Reading,33.16,198,95.11,3,88,50,91,77.5,High
AUD_1963,1199,27,Male,Beijing,Undergraduate,5,Spontaneous,34.7,150,156.59,10,57,65,80,66.3,Medium
AUD_1964,1536,36,Male,Henan,Undergraduate,5,Reading,66.85,144,135.74,7,82,96,74,83.8,High
AUD_1965,1465,20,Male,Jiangsu,Undergraduate,5,Spontaneous,84.12,106,100.24,13,50,50,50,50.0,Low
AUD_1966,1088,41,Female,Zhejiang,Undergraduate,6,Spontaneous,31.13,120,109.92,13,54,71,52,58.50000000000001,Low
AUD_1967,1267,22,Male,Shanghai,Undergraduate,5,Spontaneous,87.37,149,179.88,6,81,62,70,72.0,Medium
AUD_1968,1654,20,Male,Henan,Undergraduate,4,Reading,42.36,156,162.54,8,89,76,77,81.5,High
AUD_1969,1570,43,Female,Jiangsu,Undergraduate,11,Reading,47.39,139,121.49,11,50,64,52,54.800000000000004,Low
AUD_1970,1921,44,Male,Shanghai,Undergraduate,8,Reading,30.76,157,138.83,9,84,66,91,80.7,High
AUD_1971,1488,33,Male,Hubei,Postgraduate,5,Spontaneous,63.11,179,127.44,14,71,58,81,70.1,Medium
AUD_1972,1876,34,Male,Zhejiang,Undergraduate,11,Reading,61.75,92,93.28,10,78,54,81,71.7,Medium
AUD_1973,1537,32,Female,Jiangsu,Undergraduate,6,Reading,50.96,92,160.08,7,66,72,98,77.4,High
AUD_1974,1046,20,Female,Beijing,Postgraduate,6,Spontaneous,53.33,112,154.53,6,79,93,79,83.2,High
AUD_1975,1287,29,Male,Beijing,Postgraduate,10,Spontaneous,63.61,122,126.79,8,84,98,99,92.7,High
AUD_1976,1777,26,Male,Hubei,High School,9,Spontaneous,60.84,166,166.13,3,50,92,62,66.19999999999999,Medium
AUD_1977,1015,38,Female,Shanghai,High School,9,Reading,46.2,97,138.13,9,53,60,83,64.1,Medium
AUD_1978,1710,29,Male,Sichuan,Undergraduate,12,Reading,81.89,54,95.87,13,58,73,97,74.2,Medium
AUD_1979,1400,43,Male,Beijing,Undergraduate,9,Spontaneous,66.74,125,113.35,5,94,57,53,70.6,Medium
AUD_1980,1918,32,Female,Henan,High School,12,Reading,34.38,84,131.56,2,81,96,67,81.3,High
AUD_1981,1793,19,Female,Beijing,High School,13,Spontaneous,42.39,142,99.31,4,54,83,81,70.8,Medium
AUD_1982,1980,40,Female,Beijing,Undergraduate,7,Reading,75.15,193,141.4,14,63,91,63,71.4,Medium
AUD_1983,1085,35,Male,Zhejiang,High School,9,Spontaneous,27.32,132,100.85,10,75,80,81,78.3,High
AUD_1984,1249,37,Male,Beijing,Undergraduate,6,Reading,72.52,109,108.05,5,72,71,55,66.6,Medium
AUD_1985,1390,29,Male,Guangdong,Postgraduate,10,Spontaneous,45.12,156,170.46,11,95,63,92,84.5,High
AUD_1986,1781,40,Male,Jiangsu,Postgraduate,11,Spontaneous,58.62,166,179.98,11,71,54,66,64.4,Medium
AUD_1987,1334,21,Female,Hubei,High School,14,Spontaneous,39.64,100,139.52,12,76,66,57,67.3,Medium
AUD_1988,1628,40,Male,Beijing,Postgraduate,5,Reading,89.05,176,145.77,4,74,67,84,74.9,Medium
AUD_1989,1518,33,Male,Sichuan,Postgraduate,9,Reading,83.41,140,161.77,5,85,68,73,76.3,High
AUD_1990,1136,40,Female,Henan,Postgraduate,14,Reading,84.99,131,152.65,4,53,56,52,53.6,Low
AUD_1991,1882,33,Female,Sichuan,Postgraduate,12,Spontaneous,32.93,108,106.42,4,81,75,66,74.7,Medium
AUD_1992,1687,18,Male,Beijing,Undergraduate,11,Spontaneous,78.92,113,127.05,3,58,74,85,70.9,Medium
AUD_1993,1839,39,Female,Beijing,Undergraduate,3,Spontaneous,57.48,154,138.16,7,51,67,89,67.2,Medium
AUD_1994,1497,42,Female,Guangdong,High School,4,Spontaneous,69.55,190,122.37,14,91,93,66,84.1,High
AUD_1995,1826,19,Male,Beijing,Postgraduate,9,Spontaneous,35.23,119,105.85,11,99,64,79,82.5,High
AUD_1996,1726,20,Male,Beijing,Postgraduate,4,Spontaneous,69.84,180,156.25,7,88,78,74,80.8,High
AUD_1997,1476,43,Male,Jiangsu,Postgraduate,9,Spontaneous,84.0,61,107.9,11,95,95,71,87.8,High
AUD_1998,1593,38,Male,Sichuan,High School,3,Spontaneous,38.72,90,113.44,5,74,91,86,82.7,High
AUD_1999,1222,42,Female,Guangdong,Undergraduate,5,Spontaneous,36.34,154,115.79,9,96,98,60,85.80000000000001,High
AUD_2000,1989,37,Female,Sichuan,Postgraduate,7,Reading,27.31,114,104.56,7,59,50,61,56.900000000000006,Low
AUD_2001,1371,34,Male,Guangdong,Undergraduate,14,Spontaneous,38.68,112,166.46,13,86,53,70,71.3,Medium
AUD_2002,1934,37,Male,Sichuan,High School,13,Reading,57.51,57,144.96,9,74,58,64,66.2,Medium
AUD_2003,1994,39,Female,Beijing,Undergraduate,8,Spontaneous,78.29,60,165.13,7,89,85,61,79.4,High
AUD_2004,1401,38,Male,Sichuan,Postgraduate,11,Reading,39.52,66,134.44,14,78,81,71,76.8,High
AUD_2005,1442,18,Male,Sichuan,Undergraduate,11,Spontaneous,63.48,173,136.76,10,86,73,88,82.69999999999999,High
AUD_2006,1489,37,Male,Guangdong,Undergraduate,5,Reading,53.57,144,145.45,4,54,86,84,72.60000000000001,Medium
AUD_2007,1614,23,Male,Hubei,High School,10,Spontaneous,40.2,164,123.38,4,63,67,91,72.6,Medium
AUD_2008,1272,32,Female,Shanghai,High School,6,Spontaneous,55.73,172,134.69,3,82,64,65,71.5,Medium
AUD_2009,1525,43,Male,Guangdong,High School,9,Spontaneous,31.76,136,139.22,11,76,69,82,75.7,High
AUD_2010,1158,43,Female,Guangdong,High School,8,Reading,64.77,105,175.82,7,54,89,92,75.89999999999999,High
AUD_2011,1151,31,Male,Guangdong,Undergraduate,10,Spontaneous,28.1,143,169.46,8,93,51,98,81.9,High
AUD_2012,1994,37,Male,Zhejiang,Undergraduate,8,Reading,71.17,147,101.63,8,64,74,63,66.69999999999999,Medium
AUD_2013,1619,32,Female,Hubei,High School,6,Reading,32.44,68,93.72,6,52,62,67,59.5,Low
AUD_2014,1187,31,Male,Zhejiang,High School,4,Reading,89.87,106,151.23,7,50,76,93,70.69999999999999,Medium
AUD_2015,1812,42,Female,Zhejiang,Postgraduate,9,Reading,77.66,65,94.43,8,73,62,65,67.3,Medium
AUD_2016,1097,38,Male,Guangdong,Postgraduate,13,Reading,44.07,94,95.43,12,61,77,89,74.2,Medium
AUD_2017,1130,41,Male,Shanghai,High School,13,Spontaneous,49.83,162,104.33,3,94,95,52,81.69999999999999,High
AUD_2018,1804,42,Male,Guangdong,Undergraduate,6,Reading,38.14,170,121.65,11,63,64,92,72.0,Medium
AUD_2019,1170,43,Male,Beijing,High School,11,Reading,73.7,152,129.15,13,91,78,75,82.3,High
AUD_2020,1935,22,Male,Shanghai,Undergraduate,11,Reading,46.65,176,136.74,8,69,70,64,67.8,Medium
AUD_2021,1985,23,Female,Zhejiang,Undergraduate,9,Reading,72.86,93,179.31,2,63,93,85,78.6,High
AUD_2022,1182,34,Female,Henan,Postgraduate,7,Spontaneous,21.29,158,124.67,7,63,80,76,72.0,Medium
AUD_2023,1982,28,Male,Sichuan,High School,5,Spontaneous,29.49,158,111.85,9,94,72,97,88.3,High
AUD_2024,1363,33,Male,Sichuan,High School,5,Spontaneous,45.55,159,141.77,14,84,86,66,79.2,High
AUD_2025,1038,29,Female,Hubei,Undergraduate,11,Reading,27.62,160,109.36,2,68,52,63,61.7,Medium
AUD_2026,1526,32,Female,Henan,High School,11,Reading,62.08,179,174.65,2,69,99,51,72.6,Medium
AUD_2027,1887,40,Male,Jiangsu,Postgraduate,14,Reading,23.56,183,113.33,7,91,84,76,84.39999999999999,High
AUD_2028,1496,21,Male,Hubei,Postgraduate,13,Spontaneous,80.18,58,179.09,6,93,63,96,84.9,High
AUD_2029,1515,44,Female,Shanghai,High School,6,Reading,73.29,64,127.68,4,72,51,73,66.0,Medium
AUD_2030,1348,35,Male,Zhejiang,High School,13,Spontaneous,35.14,107,163.14,11,83,99,89,89.60000000000001,High
AUD_2031,1981,38,Female,Shanghai,Postgraduate,3,Reading,53.87,51,148.35,14,50,62,94,66.8,Medium
AUD_2032,1920,20,Male,Shanghai,High School,12,Reading,51.63,180,174.01,11,53,51,84,61.7,Medium
AUD_2033,1396,39,Female,Sichuan,Undergraduate,7,Spontaneous,70.74,104,146.29,8,89,61,53,69.80000000000001,Medium
AUD_2034,1721,25,Female,Guangdong,High School,10,Reading,48.11,102,142.31,8,66,76,75,71.7,Medium
AUD_2035,1160,40,Male,Beijing,Undergraduate,12,Spontaneous,22.31,143,148.76,8,75,83,85,80.4,High
AUD_2036,1015,20,Female,Jiangsu,High School,6,Reading,39.16,121,160.78,7,63,89,53,67.80000000000001,Medium
AUD_2037,1492,25,Male,Zhejiang,High School,12,Spontaneous,52.63,89,170.9,5,95,54,83,79.1,High
AUD_2038,1425,35,Male,Shanghai,Postgraduate,12,Reading,88.21,88,114.01,10,81,74,62,73.19999999999999,Medium
AUD_2039,1107,27,Male,Jiangsu,Undergraduate,6,Reading,81.68,190,108.08,13,85,60,89,78.7,High
AUD_2040,1893,42,Male,Shanghai,Postgraduate,14,Reading,32.7,153,93.09,10,69,62,90,73.2,Medium
AUD_2041,1449,37,Female,Henan,High School,11,Reading,70.63,154,123.31,8,65,77,50,64.1,Medium
AUD_2042,1310,34,Male,Sichuan,Postgraduate,11,Reading,85.58,104,166.16,8,68,70,50,63.2,Medium
AUD_2043,1738,25,Male,Beijing,High School,9,Spontaneous,20.62,191,96.29,9,94,98,58,84.4,High
AUD_2044,1169,40,Male,Sichuan,High School,12,Spontaneous,70.47,114,138.47,12,88,97,60,82.3,High
AUD_2045,1545,28,Male,Jiangsu,High School,10,Reading,52.15,73,152.53,6,73,75,65,71.2,Medium
AUD_2046,1413,22,Female,Zhejiang,Undergraduate,14,Spontaneous,67.62,164,165.32,12,63,76,78,71.4,Medium
AUD_2047,1250,43,Male,Shanghai,Undergraduate,14,Spontaneous,62.39,162,142.51,10,78,75,85,79.2,High
AUD_2048,1758,30,Female,Beijing,Undergraduate,6,Spontaneous,88.93,71,106.77,7,91,64,64,74.8,Medium
AUD_2049,1780,38,Female,Henan,Postgraduate,10,Spontaneous,40.22,127,176.81,8,63,99,88,81.30000000000001,High
AUD_2050,1140,40,Female,Sichuan,High School,8,Reading,75.03,94,98.52,13,60,55,51,55.8,Low
AUD_2051,1273,22,Male,Henan,Postgraduate,5,Spontaneous,36.42,185,159.21,8,60,53,59,57.599999999999994,Low
AUD_2052,1415,41,Male,Jiangsu,Postgraduate,9,Spontaneous,50.49,113,97.79,10,96,53,98,83.7,High
AUD_2053,1607,44,Male,Sichuan,High School,5,Reading,88.28,146,102.91,8,89,79,60,77.3,High
AUD_2054,1738,30,Male,Shanghai,Postgraduate,13,Reading,73.63,164,170.84,4,73,62,79,71.5,Medium
AUD_2055,1890,23,Female,Shanghai,High School,9,Reading,42.11,70,157.78,7,71,58,72,67.39999999999999,Medium
AUD_2056,1038,22,Female,Henan,High School,7,Reading,63.36,154,122.9,7,98,91,71,87.8,High
AUD_2057,1813,26,Male,Zhejiang,High School,6,Reading,23.48,94,147.49,12,70,63,91,74.2,Medium
AUD_2058,1028,44,Male,Beijing,High School,5,Reading,38.65,93,131.15,13,55,77,85,70.6,Medium
AUD_2059,1957,33,Male,Guangdong,Postgraduate,10,Reading,70.29,90,95.99,8,63,89,78,75.30000000000001,High
AUD_2060,1476,19,Male,Sichuan,Postgraduate,6,Reading,59.91,145,154.9,7,58,52,94,67.0,Medium
AUD_2061,1317,18,Male,Shanghai,Postgraduate,10,Spontaneous,52.88,188,158.69,5,84,90,81,84.9,High
AUD_2062,1244,25,Male,Jiangsu,Undergraduate,12,Reading,68.36,150,169.41,7,93,78,82,85.2,High
AUD_2063,1747,36,Male,Sichuan,Postgraduate,5,Spontaneous,47.89,164,138.66,4,85,82,88,85.0,High
AUD_2064,1696,28,Female,Zhejiang,Postgraduate,12,Reading,21.83,67,150.58,2,74,64,58,66.19999999999999,Medium
AUD_2065,1271,29,Female,Zhejiang,Undergraduate,11,Reading,50.87,188,129.42,2,64,96,50,69.4,Medium
AUD_2066,1439,29,Female,Shanghai,High School,8,Spontaneous,83.15,76,118.7,6,94,88,67,84.1,High
AUD_2067,1747,24,Female,Shanghai,High School,7,Reading,79.96,151,127.05,12,77,64,99,79.7,High
AUD_2068,1238,43,Male,Henan,High School,7,Reading,48.63,78,172.06,14,99,56,97,85.5,High
AUD_2069,1376,30,Male,Shanghai,Undergraduate,5,Spontaneous,21.56,198,104.78,9,63,94,71,74.7,Medium
AUD_2070,1265,44,Male,Henan,Postgraduate,4,Spontaneous,64.54,78,112.36,4,62,61,97,72.2,Medium
AUD_2071,1925,25,Male,Hubei,Postgraduate,8,Spontaneous,71.88,186,144.56,14,90,99,86,91.5,High
AUD_2072,1920,39,Male,Guangdong,Postgraduate,13,Spontaneous,40.6,151,100.47,3,80,88,63,77.3,High
AUD_2073,1358,43,Female,Shanghai,Postgraduate,3,Spontaneous,53.37,140,170.27,9,54,56,71,59.7,Low
AUD_2074,1339,26,Male,Sichuan,Undergraduate,9,Spontaneous,89.43,54,94.25,10,68,96,82,80.6,High
AUD_2075,1388,24,Female,Sichuan,Postgraduate,7,Reading,60.34,146,157.98,10,57,90,55,66.3,Medium
AUD_2076,1576,43,Male,Henan,High School,6,Reading,44.58,64,123.64,3,62,55,76,64.1,Medium
AUD_2077,1989,38,Female,Hubei,Undergraduate,11,Reading,63.92,54,94.6,13,90,75,55,75.0,High
AUD_2078,1688,41,Male,Hubei,Undergraduate,12,Reading,32.6,197,165.86,9,66,58,93,71.69999999999999,Medium
AUD_2079,1002,32,Female,Beijing,High School,3,Reading,33.95,150,147.64,3,81,73,99,84.0,High
AUD_2080,1428,19,Male,Jiangsu,High School,13,Spontaneous,84.74,130,90.8,8,54,79,90,72.3,Medium
AUD_2081,1141,40,Male,Shanghai,Postgraduate,6,Spontaneous,36.74,163,114.08,9,58,65,65,62.2,Medium
AUD_2082,1375,37,Male,Henan,High School,5,Reading,41.76,53,121.68,2,92,97,96,94.7,High
AUD_2083,1669,42,Male,Sichuan,Undergraduate,8,Spontaneous,58.06,83,119.03,9,83,76,51,71.3,Medium
AUD_2084,1323,29,Female,Hubei,Undergraduate,7,Reading,82.98,89,134.85,4,94,82,86,88.0,High
AUD_2085,1145,18,Male,Sichuan,Undergraduate,9,Spontaneous,74.7,199,137.41,14,50,72,78,65.0,Medium
AUD_2086,1957,40,Female,Sichuan,Postgraduate,3,Reading,23.06,176,125.71,2,89,94,72,85.39999999999999,High
AUD_2087,1292,39,Male,Hubei,Postgraduate,7,Reading,68.51,191,119.86,8,64,68,70,67.0,Medium
AUD_2088,1664,25,Female,Guangdong,High School,4,Reading,55.28,185,135.4,11,81,85,62,76.5,High
AUD_2089,1431,22,Male,Hubei,Postgraduate,4,Spontaneous,53.29,177,93.03,4,83,68,50,68.6,Medium
AUD_2090,1704,32,Male,Hubei,Postgraduate,13,Spontaneous,68.41,116,148.07,9,84,71,78,78.30000000000001,High
AUD_2091,1948,18,Female,Jiangsu,Undergraduate,13,Reading,33.74,163,144.54,10,98,91,97,95.6,High
AUD_2092,1974,18,Male,Henan,Undergraduate,4,Spontaneous,88.7,168,115.13,3,99,94,56,84.6,High
AUD_2093,1584,42,Male,Henan,High School,11,Reading,65.17,143,106.16,2,77,82,80,79.4,High
AUD_2094,1398,27,Female,Hubei,Undergraduate,12,Reading,45.6,61,96.57,9,66,94,94,82.8,High
AUD_2095,1816,39,Male,Zhejiang,Postgraduate,5,Spontaneous,62.01,101,142.86,11,95,59,71,77.0,High
AUD_2096,1888,27,Female,Henan,High School,6,Reading,35.15,51,141.2,7,60,96,65,72.3,Medium
AUD_2097,1343,38,Male,Henan,High School,7,Reading,64.37,50,138.0,11,72,81,77,76.2,High
AUD_2098,1963,32,Female,Henan,Undergraduate,6,Reading,21.98,104,178.71,2,75,64,93,77.1,High
AUD_2099,1139,34,Female,Hubei,Undergraduate,6,Spontaneous,43.88,153,137.84,4,95,88,88,90.80000000000001,High
AUD_2100,1186,39,Female,Sichuan,Undergraduate,7,Reading,72.33,148,154.96,10,54,95,74,72.3,Medium
AUD_2101,1804,23,Female,Shanghai,High School,12,Reading,76.56,117,100.16,10,75,57,63,66.0,Medium
AUD_2102,1060,20,Male,Sichuan,Undergraduate,11,Reading,37.7,131,116.91,7,55,74,99,73.9,Medium
AUD_2103,1996,30,Male,Jiangsu,Postgraduate,14,Reading,57.76,189,114.79,4,92,67,70,77.9,High
AUD_2104,1938,33,Female,Zhejiang,High School,11,Spontaneous,56.99,99,141.84,9,83,64,68,72.80000000000001,Medium
AUD_2105,1379,25,Male,Hubei,Undergraduate,8,Reading,49.5,70,119.77,7,91,75,62,77.5,High
AUD_2106,1709,32,Male,Guangdong,Postgraduate,13,Reading,35.99,59,147.7,2,62,90,51,67.1,Medium
AUD_2107,1806,34,Male,Beijing,Postgraduate,14,Spontaneous,69.23,134,152.11,7,74,93,85,83.0,High
AUD_2108,1439,34,Female,Hubei,Undergraduate,5,Spontaneous,37.67,153,93.03,14,51,70,63,60.300000000000004,Medium
AUD_2109,1318,39,Male,Shanghai,Postgraduate,8,Spontaneous,83.77,138,147.58,6,63,71,83,71.4,Medium
AUD_2110,1301,43,Male,Beijing,High School,12,Spontaneous,57.0,163,100.51,9,66,95,67,75.0,High
AUD_2111,1343,30,Female,Guangdong,High School,6,Spontaneous,80.93,164,131.86,14,90,83,73,82.8,High
AUD_2112,1010,34,Male,Jiangsu,Postgraduate,5,Spontaneous,40.35,63,155.39,3,89,86,79,85.10000000000001,High
AUD_2113,1061,23,Female,Jiangsu,High School,8,Reading,76.5,153,153.3,13,89,86,68,81.80000000000001,High
AUD_2114,1844,34,Female,Guangdong,Undergraduate,13,Reading,27.96,131,116.98,8,88,63,85,79.6,High
AUD_2115,1225,33,Female,Sichuan,Postgraduate,8,Spontaneous,73.68,79,114.51,7,74,53,70,66.5,Medium
AUD_2116,1152,31,Male,Guangdong,High School,4,Reading,47.09,63,129.62,2,76,73,68,72.69999999999999,Medium
AUD_2117,1710,30,Male,Henan,Undergraduate,11,Spontaneous,52.9,159,106.98,13,97,51,75,76.6,High
AUD_2118,1563,23,Female,Henan,Undergraduate,10,Reading,31.68,194,177.72,9,73,50,84,69.4,Medium
AUD_2119,1771,20,Female,Hubei,High School,8,Spontaneous,21.3,111,121.04,7,98,51,89,81.2,High
AUD_2120,1570,31,Female,Shanghai,Postgraduate,3,Spontaneous,66.63,159,173.07,14,82,62,53,67.30000000000001,Medium
AUD_2121,1583,31,Female,Henan,Undergraduate,14,Reading,61.14,199,171.74,4,76,76,70,74.2,Medium
AUD_2122,1659,32,Female,Zhejiang,Undergraduate,4,Spontaneous,63.57,102,122.84,6,94,66,52,73.0,Medium
AUD_2123,1860,25,Female,Hubei,Undergraduate,6,Reading,37.85,125,112.87,8,80,94,54,76.4,High
AUD_2124,1574,32,Male,Hubei,Undergraduate,9,Spontaneous,36.75,104,159.38,10,97,66,92,86.2,High
AUD_2125,1309,39,Female,Hubei,Postgraduate,11,Spontaneous,78.12,71,110.64,5,87,54,78,74.4,Medium
AUD_2126,1884,44,Female,Beijing,High School,12,Reading,73.29,152,136.91,13,64,73,68,67.9,Medium
AUD_2127,1242,30,Female,Beijing,High School,7,Spontaneous,43.58,94,99.96,3,93,57,66,74.1,Medium
AUD_2128,1492,34,Male,Jiangsu,High School,12,Reading,64.65,168,124.73,4,89,93,83,88.4,High
AUD_2129,1365,38,Male,Hubei,Undergraduate,4,Reading,77.97,57,97.03,8,50,58,69,58.099999999999994,Low
AUD_2130,1329,41,Male,Sichuan,Postgraduate,13,Reading,82.22,114,115.51,9,60,67,77,67.19999999999999,Medium
AUD_2131,1106,20,Male,Henan,High School,13,Reading,20.41,54,149.88,6,64,65,58,62.5,Medium
AUD_2132,1225,23,Female,Jiangsu,Postgraduate,13,Reading,76.94,94,179.22,4,82,81,52,72.7,Medium
AUD_2133,1824,22,Male,Shanghai,High School,3,Spontaneous,44.53,95,112.93,2,97,89,59,83.2,High
AUD_2134,1217,39,Female,Guangdong,Undergraduate,12,Spontaneous,70.29,194,132.6,11,81,88,70,79.8,High
AUD_2135,1936,43,Female,Beijing,High School,3,Reading,46.0,128,130.32,14,74,90,90,83.6,High
AUD_2136,1752,34,Female,Hubei,Undergraduate,7,Spontaneous,62.44,197,106.57,2,88,93,53,79.0,High
AUD_2137,1505,40,Female,Shanghai,Undergraduate,9,Reading,65.27,115,144.91,12,82,95,71,82.60000000000001,High
AUD_2138,1258,42,Female,Jiangsu,High School,11,Spontaneous,48.35,53,155.22,3,78,81,56,72.3,Medium
AUD_2139,1887,19,Female,Jiangsu,Postgraduate,11,Reading,55.89,137,103.25,6,83,91,61,78.8,High
AUD_2140,1773,43,Male,Beijing,Undergraduate,10,Spontaneous,70.84,104,158.14,4,57,97,60,69.9,Medium
AUD_2141,1516,32,Male,Jiangsu,Postgraduate,3,Reading,53.34,108,153.01,14,60,51,71,60.599999999999994,Medium
AUD_2142,1772,22,Male,Sichuan,High School,7,Spontaneous,20.98,51,107.76,8,62,87,78,74.3,Medium
AUD_2143,1053,43,Male,Jiangsu,Undergraduate,8,Reading,20.9,95,148.41,3,54,92,76,72.0,Medium
AUD_2144,1046,37,Male,Zhejiang,Postgraduate,8,Reading,66.29,51,125.43,3,99,53,96,84.3,High
AUD_2145,1726,23,Female,Henan,Undergraduate,6,Spontaneous,79.31,178,151.3,4,68,54,69,64.10000000000001,Medium
AUD_2146,1688,23,Male,Guangdong,High School,3,Reading,74.97,62,134.65,14,70,86,63,72.69999999999999,Medium
AUD_2147,1520,44,Male,Jiangsu,Undergraduate,5,Reading,41.73,119,94.33,13,52,98,56,67.0,Medium
AUD_2148,1098,35,Male,Henan,High School,12,Spontaneous,52.98,71,160.83,2,75,86,64,75.0,High
AUD_2149,1019,35,Female,Henan,Postgraduate,6,Spontaneous,36.39,66,140.0,3,82,75,95,83.80000000000001,High
AUD_2150,1889,21,Female,Zhejiang,Undergraduate,6,Reading,89.24,135,155.23,6,79,92,77,82.3,High
AUD_2151,1752,34,Female,Shanghai,Postgraduate,6,Reading,38.24,119,101.35,4,71,58,92,73.39999999999999,Medium
AUD_2152,1572,42,Male,Jiangsu,High School,7,Reading,49.14,165,154.91,12,54,64,59,58.5,Low
AUD_2153,1890,31,Male,Sichuan,High School,13,Reading,67.68,52,127.23,11,68,73,52,64.7,Medium
AUD_2154,1489,31,Male,Shanghai,Postgraduate,11,Spontaneous,81.32,159,161.93,7,58,73,61,63.400000000000006,Medium
AUD_2155,1418,30,Male,Henan,Postgraduate,6,Reading,23.6,130,143.92,3,73,84,62,73.0,Medium
AUD_2156,1689,24,Male,Henan,High School,11,Reading,41.07,150,121.94,9,88,97,88,90.69999999999999,High
AUD_2157,1849,29,Female,Hubei,Postgraduate,11,Spontaneous,59.83,84,108.17,5,61,90,93,79.30000000000001,High
AUD_2158,1061,40,Male,Jiangsu,High School,3,Spontaneous,63.28,184,163.43,4,95,74,83,85.1,High
AUD_2159,1144,32,Female,Beijing,Postgraduate,7,Reading,24.9,99,140.42,6,97,75,50,76.30000000000001,High
AUD_2160,1215,36,Male,Zhejiang,High School,11,Spontaneous,66.49,59,178.87,9,94,72,87,85.3,High
AUD_2161,1002,28,Female,Zhejiang,High School,6,Spontaneous,56.96,68,123.61,10,76,55,74,69.10000000000001,Medium
AUD_2162,1159,32,Female,Beijing,Undergraduate,7,Spontaneous,77.93,72,151.71,2,99,90,68,87.0,High
AUD_2163,1738,29,Female,Guangdong,High School,6,Reading,35.55,144,146.05,5,91,76,74,81.4,High
AUD_2164,1997,20,Female,Henan,High School,4,Reading,33.65,113,147.38,7,70,68,55,64.9,Medium
AUD_2165,1780,34,Male,Hubei,Undergraduate,12,Reading,75.53,145,156.33,7,87,80,94,87.0,High
AUD_2166,1119,20,Male,Sichuan,Undergraduate,4,Spontaneous,69.27,146,102.52,14,84,87,53,75.6,High
AUD_2167,1892,36,Male,Zhejiang,Postgraduate,4,Reading,75.42,58,139.47,10,81,92,75,82.5,High
AUD_2168,1088,37,Female,Shanghai,Postgraduate,3,Reading,74.74,174,135.82,2,85,81,75,80.8,High
AUD_2169,1328,21,Male,Henan,High School,5,Reading,27.28,67,120.83,14,82,51,75,70.6,Medium
AUD_2170,1579,20,Male,Sichuan,Postgraduate,13,Spontaneous,39.5,131,129.25,6,92,67,63,75.80000000000001,High
AUD_2171,1909,43,Male,Zhejiang,Postgraduate,12,Reading,38.21,78,136.69,11,66,77,81,73.8,Medium
AUD_2172,1356,33,Male,Hubei,High School,3,Reading,85.42,165,118.88,2,54,56,97,67.5,Medium
AUD_2173,1609,29,Female,Guangdong,Undergraduate,6,Reading,54.12,132,116.38,7,93,72,77,81.89999999999999,High
AUD_2174,1266,25,Female,Hubei,Undergraduate,3,Reading,27.77,110,156.44,10,69,85,51,68.4,Medium
AUD_2175,1616,41,Male,Shanghai,High School,6,Spontaneous,40.27,182,96.02,5,72,73,90,77.7,High
AUD_2176,1951,34,Male,Hubei,High School,5,Reading,81.03,154,118.17,11,88,77,94,86.5,High
AUD_2177,1322,24,Male,Sichuan,High School,11,Reading,79.29,163,148.83,11,53,74,70,64.4,Medium
AUD_2178,1634,28,Female,Henan,High School,3,Spontaneous,83.02,118,108.79,10,75,88,95,84.9,High
AUD_2179,1987,35,Female,Shanghai,High School,10,Spontaneous,47.2,167,141.5,4,79,98,63,79.9,High
AUD_2180,1540,18,Female,Henan,High School,13,Spontaneous,64.89,64,117.19,12,97,53,86,80.5,High
AUD_2181,1648,20,Male,Beijing,Postgraduate,11,Spontaneous,39.47,139,165.9,8,96,94,51,81.9,High
AUD_2182,1194,21,Female,Jiangsu,Postgraduate,14,Spontaneous,32.66,137,121.5,6,95,68,54,74.6,Medium
AUD_2183,1920,30,Female,Beijing,Postgraduate,9,Reading,21.53,132,110.66,11,78,53,87,73.2,Medium
AUD_2184,1737,23,Female,Sichuan,Undergraduate,3,Spontaneous,35.64,69,137.71,2,83,62,51,67.1,Medium
AUD_2185,1331,43,Female,Jiangsu,High School,6,Spontaneous,62.31,156,102.21,8,59,50,50,53.6,Low
AUD_2186,1169,31,Female,Beijing,High School,12,Spontaneous,83.29,122,161.77,9,69,83,97,81.6,High
AUD_2187,1520,22,Male,Jiangsu,Postgraduate,3,Reading,29.34,141,151.2,7,73,56,71,67.3,Medium
AUD_2188,1462,33,Male,Zhejiang,Undergraduate,6,Reading,84.26,65,159.35,2,83,74,90,82.4,High
AUD_2189,1039,32,Male,Hubei,Postgraduate,5,Reading,44.18,124,125.9,10,86,72,74,78.2,High
AUD_2190,1536,32,Male,Shanghai,High School,4,Spontaneous,49.88,147,165.15,8,62,79,95,77.0,High
AUD_2191,1260,21,Female,Jiangsu,High School,3,Reading,45.55,168,134.42,7,72,98,79,81.9,High
AUD_2192,1394,25,Male,Zhejiang,Postgraduate,8,Spontaneous,48.6,106,98.52,5,59,56,58,57.800000000000004,Low
AUD_2193,1954,44,Male,Hubei,Postgraduate,14,Spontaneous,38.14,198,110.16,4,71,94,86,82.4,High
AUD_2194,1225,33,Male,Hubei,High School,9,Reading,68.9,182,153.99,5,94,66,96,86.2,High
AUD_2195,1983,33,Female,Guangdong,Postgraduate,8,Reading,73.07,186,170.68,2,63,82,59,67.5,Medium
AUD_2196,1123,21,Male,Henan,High School,11,Reading,77.62,60,98.57,10,74,51,64,64.1,Medium
AUD_2197,1974,30,Female,Beijing,Postgraduate,14,Spontaneous,43.89,154,167.78,3,67,87,98,82.3,High
AUD_2198,1037,43,Female,Guangdong,Undergraduate,11,Reading,73.52,114,161.92,3,69,93,52,71.1,Medium
AUD_2199,1327,30,Female,Henan,High School,4,Reading,64.64,75,122.09,4,77,62,57,66.5,Medium
AUD_2200,1250,19,Male,Henan,Undergraduate,4,Reading,87.05,68,152.03,14,57,81,74,69.3,Medium
AUD_2201,1900,20,Female,Sichuan,Postgraduate,11,Reading,49.73,65,106.83,2,54,71,85,68.4,Medium
AUD_2202,1175,39,Male,Zhejiang,Undergraduate,3,Reading,89.46,105,163.21,11,70,58,92,73.0,Medium
AUD_2203,1601,25,Male,Guangdong,Postgraduate,7,Spontaneous,71.83,150,149.16,4,69,66,95,75.9,High
AUD_2204,1913,41,Male,Guangdong,Undergraduate,3,Spontaneous,74.34,163,129.49,5,93,67,99,87.0,High
AUD_2205,1453,32,Female,Henan,Undergraduate,9,Reading,21.8,117,167.81,10,65,89,70,73.7,Medium
AUD_2206,1036,28,Female,Hubei,Undergraduate,11,Spontaneous,54.82,127,102.53,6,69,89,83,79.19999999999999,High
AUD_2207,1315,26,Male,Zhejiang,High School,8,Spontaneous,56.98,79,166.12,12,74,76,76,75.2,High
AUD_2208,1687,24,Female,Hubei,Undergraduate,4,Spontaneous,22.84,56,92.15,7,56,60,58,57.800000000000004,Low
AUD_2209,1972,30,Female,Shanghai,Postgraduate,8,Reading,41.85,189,157.79,14,74,77,59,70.4,Medium
AUD_2210,1795,19,Female,Jiangsu,Postgraduate,11,Spontaneous,86.9,156,141.6,2,85,57,76,73.89999999999999,Medium
AUD_2211,1964,25,Male,Sichuan,High School,5,Reading,49.83,71,152.71,4,59,99,74,75.5,High
AUD_2212,1972,24,Female,Sichuan,High School,11,Spontaneous,33.07,79,127.11,8,89,67,62,74.3,Medium
AUD_2213,1592,41,Female,Beijing,Postgraduate,10,Reading,55.93,197,167.8,8,65,62,53,60.49999999999999,Medium
AUD_2214,1113,29,Male,Hubei,Undergraduate,14,Spontaneous,22.36,98,118.18,11,53,82,65,65.3,Medium
AUD_2215,1039,36,Female,Jiangsu,Postgraduate,9,Spontaneous,56.12,118,114.75,14,59,64,61,61.099999999999994,Medium
AUD_2216,1300,24,Male,Henan,High School,10,Reading,61.6,91,117.16,13,97,71,74,82.30000000000001,High
AUD_2217,1223,27,Female,Beijing,High School,12,Reading,45.04,55,159.69,13,80,87,97,87.19999999999999,High
AUD_2218,1317,42,Female,Sichuan,Postgraduate,8,Spontaneous,73.38,83,134.58,14,61,79,98,77.5,High
AUD_2219,1348,33,Female,Jiangsu,Undergraduate,5,Reading,29.5,171,138.34,2,69,55,65,63.6,Medium
AUD_2220,1114,20,Female,Guangdong,Undergraduate,9,Reading,81.47,173,164.85,10,81,94,88,87.0,High
AUD_2221,1697,27,Female,Shanghai,High School,6,Reading,86.88,59,165.0,2,51,83,51,60.599999999999994,Medium
AUD_2222,1322,23,Female,Henan,Postgraduate,13,Reading,20.09,77,104.56,8,60,68,58,61.8,Medium
AUD_2223,1567,35,Male,Guangdong,Postgraduate,12,Spontaneous,78.99,52,139.48,13,69,98,93,84.9,High
AUD_2224,1039,35,Female,Shanghai,High School,7,Reading,55.43,126,101.34,13,72,82,62,72.0,Medium
AUD_2225,1865,22,Female,Henan,Postgraduate,10,Spontaneous,52.3,160,168.17,3,62,63,63,62.6,Medium
AUD_2226,1039,38,Female,Hubei,High School,9,Spontaneous,36.71,175,165.33,10,84,97,61,81.0,High
AUD_2227,1858,24,Male,Zhejiang,Undergraduate,9,Reading,51.31,84,166.44,13,66,96,84,80.4,High
AUD_2228,1972,19,Male,Beijing,Undergraduate,10,Reading,86.53,163,153.44,13,59,90,71,71.9,Medium
AUD_2229,1748,28,Male,Beijing,Postgraduate,12,Reading,34.76,111,132.02,10,89,68,70,77.0,High
AUD_2230,1288,30,Female,Zhejiang,Undergraduate,5,Reading,32.53,101,126.42,10,87,89,97,90.6,High
AUD_2231,1261,40,Female,Jiangsu,Undergraduate,5,Spontaneous,36.93,165,125.57,5,63,64,99,74.10000000000001,Medium
AUD_2232,1215,22,Male,Zhejiang,High School,4,Spontaneous,58.63,96,95.96,7,68,59,52,60.50000000000001,Medium
AUD_2233,1146,23,Male,Hubei,High School,3,Reading,85.12,150,175.4,14,81,51,71,69.0,Medium
AUD_2234,1335,41,Male,Sichuan,Postgraduate,12,Spontaneous,60.17,72,130.52,13,82,99,58,79.9,High
AUD_2235,1167,43,Female,Zhejiang,High School,8,Reading,37.04,156,173.71,3,92,51,96,80.9,High
AUD_2236,1091,31,Male,Shanghai,Postgraduate,8,Spontaneous,50.83,84,169.13,4,74,70,89,77.3,High
AUD_2237,1352,29,Female,Sichuan,Postgraduate,12,Spontaneous,47.33,152,164.57,7,74,61,91,75.2,High
AUD_2238,1570,21,Female,Zhejiang,High School,14,Spontaneous,23.26,168,142.95,2,63,59,52,58.50000000000001,Low
AUD_2239,1570,40,Female,Beijing,Undergraduate,10,Reading,55.74,81,99.14,8,94,61,80,79.9,High
AUD_2240,1815,23,Male,Guangdong,Undergraduate,8,Reading,28.82,51,119.15,3,93,88,86,89.4,High
AUD_2241,1680,27,Female,Shanghai,Undergraduate,8,Spontaneous,78.96,161,144.32,9,87,51,55,66.6,Medium
AUD_2242,1780,35,Male,Hubei,Undergraduate,3,Reading,58.43,171,91.21,6,85,50,63,67.9,Medium
AUD_2243,1362,32,Male,Shanghai,Postgraduate,14,Reading,79.12,65,93.84,8,73,51,68,64.9,Medium
AUD_2244,1556,25,Male,Henan,Undergraduate,9,Spontaneous,86.92,193,150.99,9,90,72,67,77.69999999999999,High
AUD_2245,1344,43,Male,Jiangsu,Postgraduate,9,Reading,86.02,141,169.94,4,88,77,56,75.1,High
AUD_2246,1692,26,Female,Guangdong,High School,12,Reading,27.03,103,166.96,7,88,66,85,80.5,High
AUD_2247,1169,22,Female,Shanghai,High School,11,Spontaneous,86.14,197,105.13,13,62,89,78,74.9,Medium
AUD_2248,1355,27,Female,Henan,Postgraduate,14,Spontaneous,75.7,82,172.01,10,51,70,52,57.00000000000001,Low
AUD_2249,1190,37,Female,Zhejiang,Undergraduate,9,Spontaneous,74.44,185,152.67,5,83,93,62,79.7,High
AUD_2250,1666,23,Male,Shanghai,Postgraduate,10,Spontaneous,26.31,102,154.47,11,64,83,85,76.0,High
AUD_2251,1421,33,Male,Shanghai,Undergraduate,6,Reading,32.57,113,117.36,8,97,58,90,83.2,High
AUD_2252,1699,41,Male,Shanghai,Undergraduate,11,Reading,88.26,107,154.44,2,51,66,74,62.400000000000006,Medium
AUD_2253,1006,44,Male,Jiangsu,Postgraduate,3,Spontaneous,34.94,167,153.88,13,74,98,77,82.1,High
AUD_2254,1132,20,Female,Shanghai,Postgraduate,10,Spontaneous,31.83,86,143.52,8,54,91,87,75.0,High
AUD_2255,1746,27,Male,Shanghai,Undergraduate,5,Reading,45.36,61,122.16,10,83,94,60,79.4,High
AUD_2256,1556,28,Female,Jiangsu,Postgraduate,3,Reading,83.93,133,162.99,11,88,81,90,86.5,High
AUD_2257,1825,28,Male,Henan,Undergraduate,4,Reading,53.33,181,174.38,9,54,54,58,55.199999999999996,Low
AUD_2258,1760,34,Male,Sichuan,Postgraduate,8,Spontaneous,84.44,143,168.29,5,92,63,71,77.0,High
AUD_2259,1030,21,Male,Guangdong,High School,7,Spontaneous,43.4,135,111.87,4,57,95,70,72.3,Medium
AUD_2260,1534,21,Male,Henan,Undergraduate,5,Spontaneous,35.86,87,130.11,8,98,96,68,88.4,High
AUD_2261,1425,34,Female,Hubei,High School,11,Spontaneous,54.66,141,120.82,14,63,74,82,72.0,Medium
AUD_2262,1393,26,Female,Sichuan,Postgraduate,10,Reading,63.08,63,153.67,13,78,71,53,68.4,Medium
AUD_2263,1671,36,Female,Beijing,High School,5,Spontaneous,47.4,124,164.83,2,79,54,82,72.39999999999999,Medium
AUD_2264,1362,22,Female,Jiangsu,Postgraduate,4,Spontaneous,44.22,177,109.42,9,86,87,94,88.7,High
AUD_2265,1436,39,Male,Jiangsu,Undergraduate,10,Reading,35.26,122,175.25,13,53,58,65,58.1,Low
AUD_2266,1669,41,Male,Shanghai,Postgraduate,7,Spontaneous,39.25,59,150.96,2,84,80,93,85.5,High
AUD_2267,1550,23,Female,Shanghai,Postgraduate,11,Reading,67.12,87,109.66,8,56,90,50,64.4,Medium
AUD_2268,1926,20,Female,Hubei,Undergraduate,3,Spontaneous,45.89,154,123.4,7,75,70,64,70.2,Medium
AUD_2269,1081,39,Male,Beijing,Postgraduate,12,Reading,25.58,81,99.41,11,81,85,71,79.2,High
AUD_2270,1355,18,Male,Shanghai,Undergraduate,5,Reading,29.67,63,143.74,9,92,50,81,76.10000000000001,High
AUD_2271,1257,37,Female,Zhejiang,Postgraduate,7,Reading,46.07,181,105.23,7,82,71,86,79.9,High
AUD_2272,1717,39,Female,Shanghai,Undergraduate,4,Spontaneous,84.72,145,152.38,6,73,72,72,72.39999999999999,Medium
AUD_2273,1588,33,Female,Shanghai,High School,5,Spontaneous,46.53,59,156.35,10,99,72,82,85.8,High
AUD_2274,1988,40,Male,Zhejiang,Postgraduate,6,Spontaneous,24.24,167,133.14,5,50,64,98,68.6,Medium
AUD_2275,1523,28,Female,Beijing,Postgraduate,6,Spontaneous,49.26,156,98.44,8,78,95,89,86.4,High
AUD_2276,1294,30,Female,Zhejiang,Postgraduate,13,Spontaneous,66.82,65,144.98,7,97,50,71,75.10000000000001,High
AUD_2277,1961,44,Female,Jiangsu,Undergraduate,11,Spontaneous,61.55,145,123.5,11,94,55,89,80.8,High
AUD_2278,1223,27,Female,Zhejiang,Postgraduate,3,Reading,39.52,67,175.47,7,87,89,96,90.3,High
AUD_2279,1524,20,Female,Guangdong,Undergraduate,14,Spontaneous,68.17,56,136.19,12,87,84,61,78.3,High
AUD_2280,1045,26,Male,Jiangsu,Postgraduate,11,Spontaneous,64.14,175,96.5,13,70,66,97,76.89999999999999,High
AUD_2281,1666,29,Female,Shanghai,High School,11,Reading,32.05,164,147.24,6,72,72,67,70.5,Medium
AUD_2282,1112,40,Male,Hubei,Postgraduate,13,Reading,31.35,160,160.14,3,95,69,81,83.0,High
AUD_2283,1232,31,Female,Jiangsu,High School,8,Spontaneous,58.3,131,104.45,5,54,77,52,60.300000000000004,Medium
AUD_2284,1016,18,Female,Beijing,Undergraduate,13,Reading,66.16,180,130.42,2,79,86,85,82.9,High
AUD_2285,1359,35,Female,Beijing,High School,3,Spontaneous,87.33,178,156.89,10,89,67,96,84.5,High
AUD_2286,1222,34,Male,Zhejiang,Postgraduate,13,Reading,49.54,82,91.84,10,67,56,95,72.1,Medium
AUD_2287,1865,44,Male,Jiangsu,Postgraduate,14,Spontaneous,73.55,123,92.61,9,55,98,50,66.4,Medium
AUD_2288,1699,26,Male,Shanghai,Undergraduate,8,Reading,28.16,157,150.92,5,54,96,74,72.6,Medium
AUD_2289,1447,26,Female,Beijing,Postgraduate,10,Reading,82.27,108,155.26,6,91,69,69,77.8,High
AUD_2290,1855,40,Female,Sichuan,Postgraduate,7,Spontaneous,64.32,121,166.13,2,67,73,66,68.5,Medium
AUD_2291,1364,27,Male,Shanghai,Undergraduate,7,Spontaneous,64.03,136,125.96,5,62,65,98,73.69999999999999,Medium
AUD_2292,1674,36,Male,Sichuan,Undergraduate,3,Reading,29.97,194,125.08,5,69,62,71,67.5,Medium
AUD_2293,1325,32,Female,Guangdong,High School,3,Reading,22.77,66,139.71,6,87,77,99,87.60000000000001,High
AUD_2294,1466,22,Male,Sichuan,Undergraduate,10,Reading,69.1,138,158.16,3,70,56,82,69.39999999999999,Medium
AUD_2295,1413,32,Female,Henan,Postgraduate,7,Reading,28.19,198,147.69,3,53,64,75,62.900000000000006,Medium
AUD_2296,1454,37,Male,Beijing,Undergraduate,10,Spontaneous,28.89,104,119.46,13,62,72,76,69.2,Medium
AUD_2297,1585,40,Male,Zhejiang,Postgraduate,12,Reading,33.13,55,121.19,3,67,72,83,73.3,Medium
AUD_2298,1232,42,Male,Guangdong,High School,4,Reading,26.84,133,158.67,12,62,80,72,70.39999999999999,Medium
AUD_2299,1223,19,Female,Jiangsu,Undergraduate,6,Spontaneous,63.78,133,138.12,9,62,54,65,60.5,Medium
AUD_2300,1993,30,Female,Shanghai,Postgraduate,13,Spontaneous,49.54,121,98.82,14,88,76,63,76.9,High
AUD_2301,1830,41,Male,Beijing,Undergraduate,12,Spontaneous,38.63,158,103.77,13,86,93,99,92.0,High
AUD_2302,1411,33,Female,Guangdong,Undergraduate,11,Spontaneous,50.85,161,166.61,3,84,59,90,78.3,High
AUD_2303,1571,32,Female,Guangdong,Undergraduate,5,Spontaneous,79.09,78,179.89,7,87,91,63,81.0,High
AUD_2304,1334,42,Female,Henan,Undergraduate,8,Spontaneous,84.9,66,120.21,3,89,56,94,80.60000000000001,High
AUD_2305,1221,27,Female,Beijing,High School,13,Reading,54.12,67,124.8,14,76,81,75,77.2,High
AUD_2306,1036,31,Male,Jiangsu,Postgraduate,9,Reading,59.67,112,103.9,9,75,72,95,80.1,High
AUD_2307,1988,27,Female,Jiangsu,Undergraduate,5,Reading,38.0,131,111.21,2,61,96,98,82.6,High
AUD_2308,1277,42,Female,Zhejiang,Postgraduate,3,Spontaneous,55.95,124,128.22,3,51,58,76,60.599999999999994,Medium
AUD_2309,1195,31,Male,Hubei,High School,4,Spontaneous,72.37,128,115.6,6,92,78,89,86.9,High
AUD_2310,1915,43,Female,Sichuan,Postgraduate,13,Reading,54.45,139,153.13,7,69,76,53,66.30000000000001,Medium
AUD_2311,1863,40,Female,Jiangsu,Postgraduate,12,Reading,41.15,180,138.41,10,84,87,58,77.1,High
AUD_2312,1483,26,Female,Henan,High School,9,Spontaneous,60.74,180,164.01,7,59,70,76,67.4,Medium
AUD_2313,1241,42,Male,Zhejiang,Undergraduate,9,Spontaneous,86.27,148,155.21,9,57,92,92,78.0,High
AUD_2314,1323,31,Male,Sichuan,Postgraduate,14,Reading,82.16,156,101.53,13,89,55,88,78.5,High
AUD_2315,1730,20,Female,Guangdong,Postgraduate,3,Reading,73.85,89,101.11,8,95,75,64,79.7,High
AUD_2316,1191,37,Female,Beijing,Undergraduate,12,Reading,39.33,117,170.61,2,85,69,74,76.9,High
AUD_2317,1016,33,Male,Jiangsu,Undergraduate,9,Reading,36.91,69,163.76,3,80,64,67,71.3,Medium
AUD_2318,1523,19,Male,Zhejiang,Postgraduate,12,Reading,78.7,64,132.11,5,64,94,79,77.5,High
AUD_2319,1917,27,Male,Guangdong,High School,13,Spontaneous,32.69,142,101.73,13,91,87,86,88.3,High
AUD_2320,1400,20,Female,Jiangsu,Undergraduate,8,Reading,62.39,182,170.87,2,67,69,65,67.0,Medium
AUD_2321,1905,28,Female,Shanghai,Undergraduate,13,Reading,50.73,88,110.76,9,64,64,61,63.099999999999994,Medium
AUD_2322,1885,28,Male,Hubei,High School,8,Spontaneous,52.76,89,93.2,5,68,78,66,70.4,Medium
AUD_2323,1704,38,Female,Guangdong,Postgraduate,9,Reading,51.82,184,173.18,8,73,55,74,67.9,Medium
AUD_2324,1021,38,Female,Henan,Undergraduate,9,Spontaneous,83.0,145,162.8,8,84,65,64,72.3,Medium
AUD_2325,1473,39,Female,Henan,Postgraduate,3,Spontaneous,26.1,149,152.41,9,51,50,74,57.60000000000001,Low
AUD_2326,1119,30,Female,Jiangsu,Postgraduate,12,Reading,74.8,82,93.06,10,62,55,70,62.3,Medium
AUD_2327,1209,24,Female,Henan,Postgraduate,7,Reading,78.45,167,137.56,10,94,65,68,77.5,High
AUD_2328,1305,40,Female,Guangdong,High School,10,Spontaneous,86.0,86,148.83,8,58,82,73,69.69999999999999,Medium
AUD_2329,1269,34,Female,Beijing,Postgraduate,10,Spontaneous,51.68,81,158.34,10,84,56,56,67.2,Medium
AUD_2330,1703,19,Male,Beijing,Postgraduate,5,Spontaneous,55.0,92,132.4,6,51,59,61,56.400000000000006,Low
AUD_2331,1686,29,Male,Hubei,Undergraduate,5,Reading,87.29,85,175.8,11,95,57,98,84.5,High
AUD_2332,1284,42,Male,Beijing,Undergraduate,9,Reading,52.09,147,112.03,5,65,70,88,73.4,Medium
AUD_2333,1715,27,Male,Sichuan,High School,6,Reading,55.25,98,96.28,4,95,75,60,78.5,High
AUD_2334,1675,35,Male,Shanghai,High School,8,Reading,43.26,74,119.95,7,85,86,82,84.39999999999999,High
AUD_2335,1762,39,Male,Beijing,Undergraduate,11,Reading,22.21,157,149.56,11,51,67,98,69.9,Medium
AUD_2336,1226,44,Male,Henan,Undergraduate,12,Spontaneous,50.31,145,156.34,12,65,53,74,64.1,Medium
AUD_2337,1947,28,Male,Shanghai,High School,4,Reading,65.86,115,156.46,10,57,69,88,69.9,Medium
AUD_2338,1380,33,Male,Beijing,Postgraduate,4,Reading,68.3,58,99.96,5,50,97,83,74.0,Medium
AUD_2339,1459,34,Female,Sichuan,High School,8,Spontaneous,20.46,151,169.66,3,67,91,60,72.1,Medium
AUD_2340,1006,36,Female,Henan,Postgraduate,5,Reading,76.07,195,115.28,12,90,97,65,84.6,High
AUD_2341,1028,35,Male,Guangdong,Undergraduate,3,Reading,54.47,71,108.89,4,75,89,81,81.0,High
AUD_2342,1906,20,Female,Jiangsu,Undergraduate,4,Reading,56.45,148,145.3,4,93,68,64,76.8,High
AUD_2343,1032,38,Female,Jiangsu,Undergraduate,9,Spontaneous,87.32,64,109.07,3,54,82,89,72.9,Medium
AUD_2344,1645,44,Male,Beijing,Postgraduate,6,Spontaneous,39.91,56,135.72,14,70,72,64,68.8,Medium
AUD_2345,1878,43,Male,Jiangsu,High School,14,Reading,73.32,190,126.63,10,84,58,56,67.8,Medium
AUD_2346,1078,33,Male,Beijing,Postgraduate,4,Reading,60.23,155,110.88,5,89,87,86,87.5,High
AUD_2347,1927,23,Female,Beijing,High School,13,Reading,69.06,65,116.29,4,77,94,89,85.7,High
AUD_2348,1946,42,Female,Henan,High School,14,Spontaneous,49.25,70,128.47,11,75,94,51,73.5,Medium
AUD_2349,1458,29,Male,Hubei,High School,14,Spontaneous,39.54,77,121.15,7,81,67,55,69.0,Medium
AUD_2350,1569,28,Female,Zhejiang,Undergraduate,10,Reading,58.23,123,124.34,9,97,95,85,92.80000000000001,High
AUD_2351,1982,32,Female,Zhejiang,High School,6,Reading,46.25,132,156.19,12,99,51,88,81.3,High
AUD_2352,1537,32,Female,Hubei,Undergraduate,6,Reading,35.6,66,105.15,9,93,97,87,92.39999999999999,High
AUD_2353,1481,33,Male,Zhejiang,High School,4,Reading,78.75,114,146.49,11,93,66,77,80.1,High
AUD_2354,1429,27,Female,Shanghai,High School,3,Spontaneous,53.31,190,151.03,7,70,65,71,68.8,Medium
AUD_2355,1737,29,Female,Zhejiang,Undergraduate,3,Spontaneous,79.31,85,162.19,6,53,95,86,75.5,High
AUD_2356,1284,30,Female,Beijing,Undergraduate,5,Reading,53.18,107,166.26,12,91,94,54,80.8,High
AUD_2357,1515,21,Female,Sichuan,Postgraduate,8,Spontaneous,58.98,69,104.28,8,90,97,67,85.19999999999999,High
AUD_2358,1976,24,Female,Sichuan,High School,9,Spontaneous,89.67,153,102.44,4,85,73,60,73.9,Medium
AUD_2359,1098,39,Female,Guangdong,Undergraduate,11,Reading,86.61,55,145.33,13,73,80,57,70.3,Medium
AUD_2360,1396,19,Female,Henan,Postgraduate,7,Reading,39.02,72,158.12,11,82,50,69,68.5,Medium
AUD_2361,1488,43,Male,Zhejiang,Postgraduate,11,Reading,80.81,54,114.51,3,54,77,60,62.7,Medium
AUD_2362,1038,44,Male,Sichuan,Undergraduate,10,Reading,47.33,95,137.33,14,52,98,76,73.0,Medium
AUD_2363,1270,44,Female,Zhejiang,High School,3,Spontaneous,24.99,66,159.5,9,60,82,78,72.0,Medium
AUD_2364,1886,44,Male,Henan,Postgraduate,13,Reading,60.3,124,159.08,12,94,91,74,87.10000000000001,High
AUD_2365,1796,32,Female,Guangdong,High School,14,Reading,88.39,76,148.84,13,81,86,68,78.6,High
AUD_2366,1156,25,Female,Sichuan,High School,5,Reading,88.2,72,97.09,10,71,88,51,70.1,Medium
AUD_2367,1074,24,Female,Beijing,Postgraduate,10,Reading,28.85,136,94.56,13,60,53,91,67.2,Medium
AUD_2368,1883,32,Male,Shanghai,Undergraduate,11,Spontaneous,73.99,162,124.96,7,87,50,88,76.2,High
AUD_2369,1799,40,Female,Hubei,High School,6,Reading,76.2,170,92.4,5,71,82,93,80.9,High
AUD_2370,1129,31,Female,Hubei,Undergraduate,14,Reading,45.81,198,171.37,7,53,59,51,54.2,Low
AUD_2371,1686,25,Male,Hubei,Postgraduate,8,Spontaneous,66.1,199,91.81,13,88,52,56,67.60000000000001,Medium
AUD_2372,1973,29,Male,Zhejiang,High School,6,Reading,54.17,114,92.67,8,52,86,80,70.6,Medium
AUD_2373,1083,30,Female,Sichuan,Undergraduate,11,Reading,35.95,77,104.88,13,59,94,82,76.39999999999999,High
AUD_2374,1021,28,Male,Henan,Undergraduate,4,Reading,73.29,131,146.43,9,86,70,60,73.4,Medium
AUD_2375,1458,34,Male,Henan,High School,8,Spontaneous,38.39,56,138.74,4,68,58,89,71.3,Medium
AUD_2376,1538,34,Female,Sichuan,Undergraduate,13,Reading,43.83,151,149.35,13,67,89,89,80.2,High
AUD_2377,1706,41,Female,Guangdong,Undergraduate,5,Reading,33.3,63,170.42,7,77,92,95,86.9,High
AUD_2378,1848,21,Female,Beijing,Postgraduate,12,Reading,70.35,107,130.95,11,80,73,62,72.5,Medium
AUD_2379,1381,38,Male,Jiangsu,Postgraduate,6,Spontaneous,52.11,93,93.95,7,66,95,59,72.60000000000001,Medium
AUD_2380,1747,25,Male,Sichuan,Undergraduate,4,Reading,51.04,63,158.71,11,73,57,98,75.69999999999999,High
AUD_2381,1439,22,Male,Shanghai,Undergraduate,13,Reading,62.32,93,163.08,8,50,73,87,68.0,Medium
AUD_2382,1603,43,Female,Guangdong,High School,10,Reading,31.01,122,94.49,5,54,73,69,64.2,Medium
AUD_2383,1988,33,Male,Sichuan,Postgraduate,12,Spontaneous,82.87,51,111.86,7,81,59,70,71.1,Medium
AUD_2384,1020,21,Male,Sichuan,High School,10,Spontaneous,52.56,54,159.35,3,66,84,63,70.5,Medium
AUD_2385,1302,39,Female,Guangdong,Undergraduate,3,Reading,45.66,139,123.85,9,70,53,73,65.8,Medium
AUD_2386,1975,32,Female,Guangdong,High School,12,Reading,28.87,136,132.54,4,90,93,89,90.6,High
AUD_2387,1868,29,Female,Zhejiang,Undergraduate,8,Spontaneous,31.76,189,164.09,10,92,58,56,71.0,Medium
AUD_2388,1954,22,Male,Sichuan,Postgraduate,3,Reading,84.43,127,98.52,9,71,60,54,62.60000000000001,Medium
AUD_2389,1083,40,Female,Jiangsu,Postgraduate,8,Spontaneous,51.96,176,150.96,13,88,92,55,79.3,High
AUD_2390,1773,33,Male,Shanghai,Undergraduate,9,Spontaneous,70.55,126,109.35,7,88,97,89,91.0,High
AUD_2391,1658,31,Male,Beijing,Postgraduate,4,Spontaneous,25.64,148,95.64,11,83,62,84,77.0,High
AUD_2392,1952,27,Female,Beijing,Undergraduate,11,Reading,65.04,96,149.62,3,63,76,58,65.4,Medium
AUD_2393,1452,24,Female,Jiangsu,High School,10,Spontaneous,84.51,128,100.93,9,65,79,91,77.0,High
AUD_2394,1386,30,Female,Henan,Undergraduate,11,Spontaneous,41.0,165,157.23,12,54,95,50,65.1,Medium
AUD_2395,1506,37,Female,Guangdong,High School,12,Reading,60.54,196,108.24,7,67,88,88,79.6,High
AUD_2396,1256,22,Female,Guangdong,Undergraduate,6,Reading,85.82,128,94.37,12,53,61,69,60.2,Medium
AUD_2397,1569,20,Male,Henan,Postgraduate,6,Reading,70.35,164,98.94,2,93,68,55,74.1,Medium
AUD_2398,1891,32,Male,Guangdong,Undergraduate,14,Spontaneous,24.36,57,165.71,7,77,89,81,81.8,High
AUD_2399,1933,21,Male,Henan,Undergraduate,10,Spontaneous,46.51,72,123.39,14,94,53,62,72.1,Medium
AUD_2400,1526,32,Female,Sichuan,Undergraduate,3,Reading,26.0,62,117.2,6,76,98,88,86.19999999999999,High
AUD_2401,1161,31,Male,Henan,Postgraduate,10,Spontaneous,80.29,72,134.21,7,55,83,89,73.6,Medium
AUD_2402,1956,37,Female,Guangdong,Undergraduate,9,Reading,63.52,80,146.96,14,60,72,70,66.6,Medium
AUD_2403,1162,36,Female,Guangdong,Postgraduate,14,Reading,86.95,179,93.34,2,96,94,86,92.4,High
AUD_2404,1831,30,Male,Sichuan,Undergraduate,9,Reading,21.38,188,170.84,5,70,75,61,68.8,Medium
AUD_2405,1792,27,Male,Henan,High School,11,Reading,49.62,71,176.26,8,66,56,55,59.7,Low
AUD_2406,1791,38,Female,Sichuan,Undergraduate,12,Reading,27.31,175,127.56,14,80,67,64,71.3,Medium
AUD_2407,1523,22,Male,Jiangsu,High School,9,Spontaneous,44.53,196,127.14,6,83,91,70,81.5,High
AUD_2408,1785,44,Female,Zhejiang,Postgraduate,4,Spontaneous,31.33,123,169.07,7,62,53,70,61.7,Medium
AUD_2409,1270,40,Male,Sichuan,Postgraduate,3,Reading,43.02,71,128.64,3,72,57,77,69.0,Medium
AUD_2410,1491,37,Male,Shanghai,Undergraduate,3,Spontaneous,77.35,57,167.06,9,50,71,85,66.8,Medium
AUD_2411,1207,37,Male,Guangdong,Postgraduate,9,Spontaneous,31.25,96,92.55,11,53,75,66,63.5,Medium
AUD_2412,1538,42,Male,Zhejiang,Undergraduate,7,Reading,53.16,183,134.07,5,79,62,95,78.7,High
AUD_2413,1583,23,Male,Beijing,Postgraduate,6,Spontaneous,84.51,56,175.72,7,80,95,56,77.3,High
AUD_2414,1059,21,Female,Jiangsu,High School,7,Spontaneous,89.91,185,112.75,4,96,66,72,79.8,High
AUD_2415,1429,19,Male,Henan,Postgraduate,12,Reading,37.54,137,113.95,10,65,93,94,82.1,High
AUD_2416,1984,39,Male,Zhejiang,High School,12,Spontaneous,85.49,95,146.71,14,92,85,71,83.60000000000001,High
AUD_2417,1656,33,Male,Sichuan,Undergraduate,8,Spontaneous,38.3,113,173.36,9,52,90,59,65.5,Medium
AUD_2418,1604,35,Female,Guangdong,Undergraduate,14,Spontaneous,48.95,72,107.89,7,61,96,67,73.3,Medium
AUD_2419,1308,22,Female,Guangdong,Undergraduate,12,Spontaneous,81.45,110,172.95,10,61,64,51,58.9,Low
AUD_2420,1519,39,Female,Guangdong,High School,8,Spontaneous,75.03,99,149.67,11,60,67,61,62.39999999999999,Medium
AUD_2421,1590,21,Female,Zhejiang,Undergraduate,3,Reading,80.02,95,179.37,10,65,76,94,77.0,High
AUD_2422,1026,30,Female,Guangdong,Undergraduate,4,Reading,76.02,92,156.28,3,78,55,88,74.1,Medium
AUD_2423,1685,36,Male,Sichuan,High School,5,Reading,36.45,187,150.1,10,70,83,99,82.6,High
AUD_2424,1561,40,Male,Henan,Postgraduate,6,Reading,59.12,144,163.34,9,94,90,71,85.89999999999999,High
AUD_2425,1198,19,Male,Zhejiang,Undergraduate,8,Reading,46.97,197,105.76,3,93,54,92,81.0,High
AUD_2426,1386,30,Female,Guangdong,Postgraduate,14,Spontaneous,52.18,193,175.14,10,91,61,71,76.0,High
AUD_2427,1348,28,Female,Beijing,Postgraduate,14,Spontaneous,30.78,52,104.9,6,92,78,91,87.5,High
AUD_2428,1959,39,Male,Beijing,Undergraduate,13,Reading,42.1,79,92.31,14,99,86,71,86.7,High
AUD_2429,1939,21,Female,Shanghai,Undergraduate,11,Reading,80.04,67,152.81,13,54,61,55,56.400000000000006,Low
AUD_2430,1692,39,Female,Guangdong,High School,14,Reading,82.83,84,106.61,10,62,74,95,75.5,High
AUD_2431,1535,37,Female,Guangdong,High School,4,Spontaneous,62.71,196,158.29,4,66,96,86,81.0,High
AUD_2432,1827,37,Male,Zhejiang,Undergraduate,10,Spontaneous,54.88,75,161.55,5,61,83,69,70.0,Medium
AUD_2433,1377,32,Male,Zhejiang,Postgraduate,11,Spontaneous,69.9,84,111.3,2,66,60,55,60.900000000000006,Medium
AUD_2434,1898,21,Female,Hubei,High School,4,Spontaneous,62.62,125,97.8,12,50,72,58,58.99999999999999,Low
AUD_2435,1915,26,Female,Henan,High School,11,Spontaneous,88.86,121,135.07,6,57,73,78,68.1,Medium
AUD_2436,1557,24,Female,Guangdong,Undergraduate,9,Spontaneous,33.31,106,170.12,8,65,98,86,81.2,High
AUD_2437,1526,36,Female,Shanghai,Undergraduate,11,Reading,51.43,150,166.26,14,64,67,54,61.900000000000006,Medium
AUD_2438,1152,36,Male,Henan,Undergraduate,8,Spontaneous,84.28,98,100.54,8,68,59,62,63.5,Medium
AUD_2439,1733,23,Female,Guangdong,Undergraduate,4,Reading,84.03,59,176.83,7,74,54,76,68.6,Medium
AUD_2440,1205,23,Male,Henan,High School,10,Reading,54.67,154,113.76,14,80,80,72,77.6,High
AUD_2441,1454,37,Male,Sichuan,High School,12,Spontaneous,29.44,153,121.45,7,91,74,86,84.39999999999999,High
AUD_2442,1272,32,Male,Zhejiang,High School,11,Spontaneous,77.05,120,103.41,9,51,66,95,68.7,Medium
AUD_2443,1893,32,Female,Guangdong,Postgraduate,14,Spontaneous,60.96,147,124.0,12,74,77,83,77.6,High
AUD_2444,1235,42,Male,Henan,High School,10,Spontaneous,74.12,117,147.21,11,80,50,74,69.2,Medium
AUD_2445,1851,37,Male,Zhejiang,High School,4,Spontaneous,52.38,127,135.55,10,53,94,86,75.2,High
AUD_2446,1739,26,Female,Guangdong,Undergraduate,10,Spontaneous,34.27,73,164.48,5,53,51,72,58.099999999999994,Low
AUD_2447,1520,21,Female,Jiangsu,High School,5,Spontaneous,21.68,92,147.72,5,61,98,77,76.89999999999999,High
AUD_2448,1677,35,Female,Zhejiang,High School,5,Spontaneous,59.14,144,113.72,9,66,96,75,77.7,High
AUD_2449,1943,35,Male,Henan,High School,11,Reading,31.27,175,140.17,6,70,89,61,73.0,Medium
AUD_2450,1955,22,Female,Shanghai,Undergraduate,11,Reading,33.1,141,95.78,11,78,51,88,72.9,Medium
AUD_2451,1830,37,Male,Jiangsu,High School,11,Spontaneous,50.54,132,142.27,10,71,76,52,66.8,Medium
AUD_2452,1725,40,Male,Sichuan,High School,6,Reading,50.95,83,125.07,7,85,57,58,68.5,Medium
AUD_2453,1500,28,Female,Guangdong,Postgraduate,14,Spontaneous,39.21,168,98.86,10,89,76,96,87.2,High
AUD_2454,1116,22,Male,Hubei,Postgraduate,9,Reading,29.23,102,117.67,13,65,86,64,71.0,Medium
AUD_2455,1385,39,Male,Sichuan,Postgraduate,10,Reading,86.15,102,170.83,13,64,66,57,62.5,Medium
AUD_2456,1343,43,Male,Zhejiang,Postgraduate,7,Spontaneous,29.21,195,142.74,5,79,53,77,70.6,Medium
AUD_2457,1583,21,Male,Jiangsu,Undergraduate,3,Spontaneous,44.55,166,171.29,2,95,93,75,88.4,High
AUD_2458,1394,29,Female,Sichuan,Postgraduate,11,Spontaneous,41.34,184,126.97,5,60,99,65,73.2,Medium
AUD_2459,1063,19,Male,Shanghai,High School,8,Reading,80.64,124,178.1,10,62,87,83,75.8,High
AUD_2460,1716,30,Female,Hubei,Postgraduate,5,Reading,48.7,91,122.4,14,72,80,69,73.5,Medium
AUD_2461,1720,27,Male,Zhejiang,Undergraduate,5,Spontaneous,28.68,188,158.11,8,89,54,50,66.8,Medium
AUD_2462,1071,26,Male,Jiangsu,Postgraduate,12,Reading,20.72,186,117.49,7,90,74,73,80.1,High
AUD_2463,1788,27,Female,Sichuan,Postgraduate,3,Spontaneous,70.54,84,99.54,3,83,77,78,79.69999999999999,High
AUD_2464,1273,24,Male,Jiangsu,Undergraduate,10,Reading,70.02,150,164.98,5,69,68,53,63.9,Medium
AUD_2465,1989,21,Male,Jiangsu,Undergraduate,4,Spontaneous,49.24,136,158.63,2,51,86,53,62.1,Medium
AUD_2466,1319,36,Male,Sichuan,Undergraduate,14,Reading,28.84,146,163.86,14,57,91,87,76.2,High
AUD_2467,1337,27,Male,Beijing,Undergraduate,3,Spontaneous,46.01,133,116.97,4,67,72,52,64.0,Medium
AUD_2468,1365,20,Male,Guangdong,Undergraduate,9,Spontaneous,61.29,54,153.33,14,56,85,89,74.60000000000001,Medium
AUD_2469,1494,42,Male,Henan,Undergraduate,13,Spontaneous,69.28,100,109.79,3,92,94,51,80.3,High
AUD_2470,1606,38,Female,Zhejiang,High School,11,Reading,25.48,87,91.02,14,80,62,78,74.0,Medium
AUD_2471,1165,36,Female,Zhejiang,Postgraduate,8,Spontaneous,58.94,52,167.98,5,71,66,98,77.6,High
AUD_2472,1543,38,Female,Hubei,Postgraduate,10,Reading,39.33,62,137.12,5,77,99,77,83.6,High
AUD_2473,1010,19,Male,Hubei,Undergraduate,10,Spontaneous,63.21,136,178.53,12,74,79,61,71.6,Medium
AUD_2474,1300,44,Male,Hubei,Undergraduate,11,Spontaneous,65.37,52,124.65,10,50,72,93,69.5,Medium
AUD_2475,1728,37,Male,Zhejiang,High School,9,Spontaneous,83.74,104,176.12,8,81,98,64,81.0,High
AUD_2476,1800,27,Female,Jiangsu,High School,11,Reading,48.73,115,145.36,14,74,52,99,74.9,Medium
AUD_2477,1101,19,Male,Hubei,Undergraduate,11,Reading,57.63,133,136.1,4,97,62,90,84.4,High
AUD_2478,1424,19,Female,Sichuan,High School,14,Reading,38.78,122,117.25,8,65,81,80,74.3,Medium
AUD_2479,1391,41,Male,Guangdong,High School,13,Spontaneous,40.06,161,164.27,9,78,94,86,85.2,High
AUD_2480,1778,34,Male,Shanghai,Undergraduate,3,Reading,23.22,111,164.59,13,91,84,81,85.89999999999999,High
AUD_2481,1213,33,Male,Zhejiang,Undergraduate,8,Spontaneous,40.02,74,127.52,8,73,51,71,65.8,Medium
AUD_2482,1690,33,Female,Sichuan,Undergraduate,14,Spontaneous,24.47,101,155.46,9,66,96,52,70.8,Medium
AUD_2483,1087,31,Male,Guangdong,Undergraduate,10,Spontaneous,87.47,99,130.25,10,91,52,66,71.8,Medium
AUD_2484,1552,24,Female,Guangdong,Postgraduate,12,Spontaneous,63.7,171,156.57,2,55,97,78,74.5,Medium
AUD_2485,1400,38,Male,Beijing,Postgraduate,11,Spontaneous,32.12,178,179.48,11,63,78,61,66.9,Medium
AUD_2486,1587,28,Male,Henan,Undergraduate,6,Reading,28.17,88,113.62,7,75,59,63,66.6,Medium
AUD_2487,1888,41,Female,Sichuan,High School,4,Reading,45.91,101,147.06,5,77,69,57,68.6,Medium
AUD_2488,1045,18,Male,Zhejiang,Undergraduate,13,Spontaneous,41.54,125,124.19,2,96,83,90,90.30000000000001,High
AUD_2489,1671,28,Male,Hubei,Postgraduate,11,Spontaneous,39.55,89,139.35,3,85,64,51,68.5,Medium
AUD_2490,1462,40,Male,Jiangsu,High School,11,Reading,52.77,109,168.67,11,80,89,83,83.6,High
AUD_2491,1591,38,Male,Hubei,Postgraduate,14,Spontaneous,83.9,159,121.28,5,76,94,73,80.5,High
AUD_2492,1309,21,Female,Guangdong,Undergraduate,10,Spontaneous,59.76,133,96.51,2,51,50,97,64.5,Medium
AUD_2493,1085,24,Female,Guangdong,Postgraduate,5,Spontaneous,56.49,69,161.9,7,68,75,69,70.4,Medium
AUD_2494,1091,43,Male,Shanghai,Postgraduate,7,Spontaneous,76.46,134,139.95,2,77,81,92,82.7,High
AUD_2495,1659,32,Male,Hubei,Postgraduate,4,Reading,20.28,51,130.45,14,94,51,59,70.6,Medium
AUD_2496,1672,35,Female,Henan,High School,5,Spontaneous,33.82,155,106.5,10,93,81,89,88.2,High
AUD_2497,1713,29,Male,Henan,Postgraduate,3,Reading,54.73,58,98.36,11,70,90,56,71.8,Medium
AUD_2498,1935,34,Female,Beijing,High School,6,Reading,69.37,107,115.09,4,94,78,50,76.0,High
AUD_2499,1927,18,Male,Henan,Undergraduate,7,Reading,53.95,92,154.7,13,64,69,59,64.0,Medium
AUD_2500,1241,28,Female,Guangdong,Undergraduate,14,Reading,31.46,187,127.06,12,83,72,54,71.0,Medium
AUD_2501,1864,18,Female,Guangdong,Postgraduate,4,Spontaneous,85.1,158,141.32,2,89,61,89,80.60000000000001,High
AUD_2502,1001,32,Female,Henan,High School,5,Spontaneous,43.01,97,97.38,7,52,93,70,69.7,Medium
AUD_2503,1224,38,Female,Jiangsu,Undergraduate,14,Spontaneous,75.18,175,101.09,7,50,59,58,55.1,Low
AUD_2504,1800,27,Male,Jiangsu,High School,8,Reading,82.4,194,91.02,8,73,68,78,73.0,Medium
AUD_2505,1744,24,Male,Henan,High School,8,Reading,44.25,177,150.6,8,92,59,80,78.5,High
AUD_2506,1972,19,Female,Shanghai,Postgraduate,9,Reading,79.17,182,113.8,11,76,68,94,79.0,High
AUD_2507,1925,27,Female,Sichuan,Postgraduate,14,Spontaneous,69.75,156,177.02,12,58,75,95,74.2,Medium
AUD_2508,1928,41,Female,Shanghai,High School,11,Spontaneous,83.3,120,117.76,5,73,73,76,73.9,Medium
AUD_2509,1588,21,Female,Shanghai,High School,6,Spontaneous,37.59,181,122.73,6,66,58,55,60.3,Medium
AUD_2510,1115,29,Male,Henan,Postgraduate,7,Reading,85.19,150,132.25,4,77,78,92,81.8,High
AUD_2511,1665,36,Female,Jiangsu,High School,13,Reading,24.57,132,118.72,7,88,78,80,82.6,High
AUD_2512,1917,43,Female,Hubei,Postgraduate,4,Spontaneous,75.56,77,163.57,14,53,86,90,74.0,Medium
AUD_2513,1102,28,Female,Hubei,High School,8,Reading,50.5,155,168.86,8,78,77,94,82.5,High
AUD_2514,1193,25,Female,Henan,Postgraduate,6,Reading,32.45,87,90.99,10,94,52,85,78.7,High
AUD_2515,1165,35,Female,Hubei,High School,7,Spontaneous,25.56,115,148.92,10,77,72,51,67.7,Medium
AUD_2516,1870,28,Female,Sichuan,Postgraduate,9,Reading,47.27,96,151.75,13,86,53,70,71.3,Medium
AUD_2517,1089,28,Female,Jiangsu,High School,8,Reading,47.25,155,176.53,14,78,63,83,75.0,High
AUD_2518,1685,30,Male,Henan,Undergraduate,10,Spontaneous,36.1,152,123.34,6,93,87,71,84.6,High
AUD_2519,1121,20,Female,Beijing,Undergraduate,8,Reading,35.09,74,107.58,5,78,62,62,68.39999999999999,Medium
AUD_2520,1142,29,Female,Zhejiang,High School,12,Reading,47.97,115,136.85,8,54,77,68,65.1,Medium
AUD_2521,1993,20,Female,Zhejiang,Undergraduate,10,Reading,48.71,128,130.28,4,60,88,82,75.0,High
AUD_2522,1105,27,Male,Henan,High School,6,Reading,50.97,116,161.26,5,51,93,87,74.39999999999999,Medium
AUD_2523,1886,44,Male,Henan,High School,14,Spontaneous,80.81,89,171.36,10,53,69,89,68.60000000000001,Medium
AUD_2524,1427,34,Male,Beijing,Undergraduate,9,Spontaneous,62.79,149,97.8,6,59,77,98,76.1,High
AUD_2525,1304,39,Female,Hubei,High School,5,Reading,21.43,164,166.19,11,88,81,52,75.1,High
AUD_2526,1871,19,Female,Zhejiang,Postgraduate,3,Spontaneous,56.34,168,171.81,8,93,63,87,82.2,High
AUD_2527,1970,34,Female,Sichuan,High School,11,Spontaneous,73.37,194,173.17,3,57,62,68,61.8,Medium
AUD_2528,1316,33,Male,Henan,High School,11,Spontaneous,23.95,111,158.79,10,72,60,56,63.599999999999994,Medium
AUD_2529,1962,19,Female,Jiangsu,Undergraduate,8,Reading,49.58,125,156.79,6,76,87,64,75.7,High
AUD_2530,1634,39,Male,Zhejiang,Postgraduate,4,Reading,51.58,80,91.34,6,72,88,87,81.3,High
AUD_2531,1901,37,Male,Sichuan,High School,10,Spontaneous,86.78,82,172.82,5,97,91,74,88.30000000000001,High
AUD_2532,1008,23,Male,Jiangsu,High School,12,Spontaneous,53.3,92,121.64,9,83,64,71,73.7,Medium
AUD_2533,1773,42,Male,Henan,High School,8,Spontaneous,72.49,142,93.7,12,84,58,72,72.6,Medium
AUD_2534,1072,27,Male,Sichuan,High School,9,Spontaneous,41.2,87,127.17,5,66,52,99,71.7,Medium
AUD_2535,1358,27,Female,Beijing,High School,3,Reading,74.55,90,155.96,3,96,54,59,72.30000000000001,Medium
AUD_2536,1222,25,Female,Henan,High School,5,Spontaneous,42.59,167,129.78,6,99,77,85,88.2,High
AUD_2537,1415,18,Male,Shanghai,Postgraduate,3,Reading,50.1,71,158.22,4,59,91,86,76.7,High
AUD_2538,1552,30,Female,Beijing,Postgraduate,12,Reading,53.56,145,135.85,5,51,64,99,69.3,Medium
AUD_2539,1369,41,Female,Zhejiang,High School,3,Reading,84.85,176,116.95,4,66,52,91,69.3,Medium
AUD_2540,1715,26,Male,Jiangsu,High School,14,Reading,23.74,110,108.26,8,80,99,91,89.0,High
AUD_2541,1263,39,Male,Sichuan,Undergraduate,14,Reading,33.78,123,127.9,7,65,84,91,78.5,High
AUD_2542,1839,27,Female,Zhejiang,Postgraduate,13,Reading,69.4,81,93.22,3,73,56,56,62.8,Medium
AUD_2543,1689,32,Female,Zhejiang,Postgraduate,3,Reading,60.43,181,128.03,12,56,79,95,74.6,Medium
AUD_2544,1859,22,Female,Henan,High School,6,Spontaneous,37.61,94,96.18,9,68,73,74,71.3,Medium
AUD_2545,1317,39,Female,Shanghai,Postgraduate,9,Reading,40.24,121,168.93,6,65,80,89,76.7,High
AUD_2546,1083,33,Male,Hubei,Postgraduate,9,Spontaneous,45.71,69,141.79,7,82,63,90,78.7,High
AUD_2547,1317,30,Female,Zhejiang,Undergraduate,14,Spontaneous,51.52,114,148.14,9,85,65,73,75.4,High
AUD_2548,1110,39,Male,Shanghai,Undergraduate,7,Spontaneous,77.26,138,116.0,12,94,53,54,69.7,Medium
AUD_2549,1250,42,Male,Jiangsu,Postgraduate,14,Spontaneous,20.97,72,110.32,12,59,52,70,60.2,Medium
AUD_2550,1382,37,Female,Jiangsu,Postgraduate,8,Spontaneous,82.86,89,153.71,13,92,84,89,88.7,High
AUD_2551,1006,35,Female,Sichuan,Postgraduate,4,Reading,48.91,179,150.44,8,64,58,69,63.7,Medium
AUD_2552,1458,28,Female,Hubei,High School,7,Reading,36.13,127,101.04,12,92,53,78,76.1,High
AUD_2553,1083,44,Male,Shanghai,Undergraduate,9,Spontaneous,55.59,93,111.48,4,52,68,86,67.0,Medium
AUD_2554,1207,26,Male,Beijing,High School,11,Spontaneous,66.18,162,175.19,3,51,73,69,63.0,Medium
AUD_2555,1899,33,Male,Jiangsu,Undergraduate,8,Spontaneous,23.13,132,117.38,4,92,60,67,74.9,Medium
AUD_2556,1389,19,Male,Henan,Undergraduate,14,Reading,70.1,166,92.32,9,91,64,53,71.5,Medium
AUD_2557,1313,43,Female,Hubei,Undergraduate,12,Spontaneous,73.25,54,95.74,5,84,85,60,77.1,High
AUD_2558,1021,42,Male,Sichuan,Postgraduate,6,Reading,31.63,170,159.79,9,76,80,71,75.7,High
AUD_2559,1409,19,Male,Beijing,Undergraduate,5,Reading,31.75,119,158.14,5,54,57,92,66.3,Medium
AUD_2560,1894,29,Female,Jiangsu,High School,11,Spontaneous,34.26,84,124.36,8,64,51,63,59.8,Low
AUD_2561,1514,25,Male,Jiangsu,Undergraduate,9,Reading,75.76,65,103.79,14,85,99,94,91.9,High
AUD_2562,1126,26,Male,Sichuan,High School,13,Reading,39.04,63,134.83,7,98,52,77,77.9,High
AUD_2563,1808,29,Female,Sichuan,Undergraduate,8,Reading,75.72,74,119.87,11,82,52,53,64.30000000000001,Medium
AUD_2564,1699,43,Male,Guangdong,Undergraduate,9,Spontaneous,57.84,128,123.66,2,50,70,65,60.5,Medium
AUD_2565,1873,26,Male,Henan,Postgraduate,10,Spontaneous,73.7,150,113.49,14,61,61,87,68.8,Medium
AUD_2566,1013,27,Male,Zhejiang,High School,7,Spontaneous,58.76,154,95.66,12,91,63,72,76.89999999999999,High
AUD_2567,1970,42,Male,Zhejiang,Undergraduate,5,Spontaneous,43.5,195,161.2,9,90,72,62,76.19999999999999,High
AUD_2568,1977,19,Female,Beijing,Undergraduate,5,Spontaneous,83.75,69,145.64,7,58,62,69,62.5,Medium
AUD_2569,1011,33,Male,Zhejiang,High School,4,Spontaneous,70.07,105,165.12,3,69,65,54,63.3,Medium
AUD_2570,1086,37,Female,Beijing,Undergraduate,10,Spontaneous,53.88,179,135.29,6,79,66,68,71.80000000000001,Medium
AUD_2571,1523,24,Male,Hubei,Postgraduate,3,Spontaneous,64.62,72,178.65,13,63,67,70,66.3,Medium
AUD_2572,1908,19,Female,Jiangsu,High School,14,Reading,63.11,81,176.63,3,72,62,91,74.7,Medium
AUD_2573,1536,18,Female,Guangdong,Postgraduate,10,Spontaneous,45.07,190,114.46,11,78,75,54,69.9,Medium
AUD_2574,1300,36,Female,Guangdong,High School,5,Reading,49.66,62,124.83,8,91,94,63,83.5,High
AUD_2575,1242,21,Male,Henan,High School,11,Reading,42.28,194,157.74,12,84,89,85,85.8,High
AUD_2576,1121,41,Male,Henan,High School,14,Spontaneous,89.97,76,159.89,11,76,88,55,73.3,Medium
AUD_2577,1146,39,Male,Jiangsu,Undergraduate,14,Reading,60.6,194,171.96,7,98,80,54,79.4,High
AUD_2578,1566,44,Female,Sichuan,High School,13,Reading,26.44,63,148.74,8,76,89,73,79.0,High
AUD_2579,1749,19,Male,Henan,High School,4,Spontaneous,56.34,191,132.76,7,79,66,78,74.80000000000001,Medium
AUD_2580,1355,42,Male,Henan,High School,12,Reading,23.5,189,123.99,11,52,81,78,68.5,Medium
AUD_2581,1684,31,Male,Shanghai,Postgraduate,11,Spontaneous,40.21,118,127.73,2,61,50,51,54.7,Low
AUD_2582,1903,19,Male,Shanghai,High School,8,Reading,51.22,117,166.54,4,96,84,55,80.10000000000001,High
AUD_2583,1732,32,Female,Zhejiang,Undergraduate,3,Reading,57.4,104,178.2,11,80,85,83,82.4,High
AUD_2584,1630,29,Female,Sichuan,High School,7,Spontaneous,88.33,78,94.67,3,86,68,61,73.1,Medium
AUD_2585,1308,22,Male,Beijing,High School,12,Reading,88.76,138,142.22,2,76,77,71,74.8,Medium
AUD_2586,1694,37,Male,Hubei,Postgraduate,11,Reading,26.86,94,136.8,2,96,51,53,69.6,Medium
AUD_2587,1287,24,Male,Guangdong,Undergraduate,8,Spontaneous,57.67,181,123.85,5,73,78,94,80.8,High
AUD_2588,1306,41,Female,Zhejiang,Undergraduate,9,Spontaneous,77.2,193,166.64,12,97,92,98,95.80000000000001,High
AUD_2589,1811,38,Male,Henan,Undergraduate,6,Reading,36.64,115,141.82,2,90,78,55,75.9,High
AUD_2590,1593,27,Female,Jiangsu,High School,3,Reading,72.54,72,118.18,3,89,92,52,78.8,High
AUD_2591,1965,31,Female,Sichuan,High School,7,Spontaneous,81.5,117,129.97,2,60,68,62,63.0,Medium
AUD_2592,1913,31,Male,Henan,Undergraduate,4,Reading,66.37,197,122.11,14,76,77,72,75.1,High
AUD_2593,1722,22,Male,Guangdong,Undergraduate,10,Spontaneous,42.94,194,128.71,13,58,83,84,73.3,Medium
AUD_2594,1661,35,Male,Beijing,Postgraduate,6,Spontaneous,84.62,55,96.41,13,65,80,75,72.5,Medium
AUD_2595,1548,41,Female,Beijing,Undergraduate,3,Spontaneous,81.85,131,100.07,7,63,86,58,68.4,Medium
AUD_2596,1351,31,Female,Shanghai,High School,12,Reading,70.11,172,146.13,12,96,68,72,80.4,High
AUD_2597,1311,19,Male,Zhejiang,High School,9,Reading,45.46,154,151.57,5,79,81,53,71.80000000000001,Medium
AUD_2598,1872,43,Female,Henan,High School,14,Reading,75.43,83,147.3,9,95,78,83,86.3,High
AUD_2599,1058,29,Male,Jiangsu,Postgraduate,13,Spontaneous,42.13,103,158.68,12,73,58,86,72.4,Medium
AUD_2600,1642,39,Male,Guangdong,Undergraduate,4,Reading,37.71,131,174.92,6,91,56,57,70.3,Medium
AUD_2601,1923,41,Female,Henan,High School,5,Spontaneous,56.05,143,167.46,11,62,61,83,68.0,Medium
AUD_2602,1713,23,Female,Hubei,Postgraduate,11,Reading,89.8,114,127.67,6,82,80,86,82.60000000000001,High
AUD_2603,1754,21,Female,Beijing,Postgraduate,11,Spontaneous,76.3,136,109.58,12,58,67,55,59.8,Low
AUD_2604,1034,30,Female,Henan,High School,4,Spontaneous,71.09,78,118.07,12,98,77,56,79.1,High
AUD_2605,1444,21,Male,Guangdong,Postgraduate,5,Reading,51.64,90,142.9,9,75,99,94,87.9,High
AUD_2606,1092,39,Male,Jiangsu,Postgraduate,13,Spontaneous,41.84,154,167.06,12,98,70,90,87.2,High
AUD_2607,1949,31,Male,Guangdong,High School,14,Reading,79.91,112,153.16,11,91,58,88,80.19999999999999,High
AUD_2608,1958,33,Female,Zhejiang,Postgraduate,11,Reading,59.74,115,138.87,7,94,83,85,88.0,High
AUD_2609,1206,21,Male,Shanghai,High School,3,Reading,76.93,161,144.17,7,99,83,54,80.7,High
AUD_2610,1352,41,Female,Guangdong,High School,4,Reading,54.14,149,137.54,4,62,96,52,69.19999999999999,Medium
AUD_2611,1902,42,Female,Sichuan,Postgraduate,13,Reading,72.78,194,177.45,14,70,73,66,69.7,Medium
AUD_2612,1331,18,Female,Henan,High School,4,Spontaneous,80.74,115,163.45,7,78,65,68,71.1,Medium
AUD_2613,1816,30,Male,Shanghai,High School,12,Reading,47.4,117,160.31,11,77,77,94,82.1,High
AUD_2614,1861,21,Female,Jiangsu,Undergraduate,5,Spontaneous,20.95,83,136.56,14,73,95,50,72.7,Medium
AUD_2615,1724,37,Female,Shanghai,High School,12,Reading,37.84,50,119.86,8,62,96,86,79.39999999999999,High
AUD_2616,1158,35,Female,Guangdong,Undergraduate,5,Spontaneous,84.04,183,91.76,3,91,84,58,79.0,High
AUD_2617,1953,23,Female,Guangdong,Undergraduate,12,Spontaneous,68.13,65,93.91,4,69,55,53,60.0,Medium
AUD_2618,1956,20,Female,Sichuan,Undergraduate,4,Reading,71.61,51,92.72,7,88,87,91,88.6,High
AUD_2619,1023,40,Female,Beijing,Undergraduate,10,Spontaneous,42.77,165,178.24,11,56,90,95,77.9,High
AUD_2620,1403,30,Female,Henan,Postgraduate,10,Reading,69.09,125,100.3,10,90,60,59,71.7,Medium
AUD_2621,1804,44,Female,Sichuan,Postgraduate,10,Reading,65.24,76,102.79,14,97,53,81,79.0,High
AUD_2622,1515,33,Female,Guangdong,High School,4,Reading,32.49,68,133.57,10,64,63,50,59.5,Low
AUD_2623,1731,44,Female,Hubei,High School,11,Spontaneous,87.81,77,133.33,9,74,62,72,69.8,Medium
AUD_2624,1363,22,Female,Shanghai,High School,13,Spontaneous,44.78,84,172.8,9,84,64,66,72.6,Medium
AUD_2625,1381,21,Female,Sichuan,Postgraduate,9,Spontaneous,43.05,164,96.62,10,62,98,79,77.9,High
AUD_2626,1531,38,Male,Sichuan,Undergraduate,14,Spontaneous,45.84,117,176.15,12,92,57,76,76.7,High
AUD_2627,1955,25,Male,Henan,Postgraduate,7,Reading,26.42,98,109.48,12,57,92,64,69.6,Medium
AUD_2628,1151,36,Female,Hubei,Postgraduate,9,Reading,63.75,56,177.31,10,70,73,87,76.0,High
AUD_2629,1561,31,Female,Hubei,High School,10,Spontaneous,36.7,86,138.72,11,55,60,56,56.8,Low
AUD_2630,1688,24,Female,Hubei,High School,11,Spontaneous,76.23,164,148.68,12,59,97,82,77.3,High
AUD_2631,1946,31,Male,Henan,High School,4,Reading,47.59,164,118.42,14,98,84,54,80.60000000000001,High
AUD_2632,1607,23,Male,Beijing,Undergraduate,8,Spontaneous,52.1,90,145.06,10,90,74,88,84.6,High
AUD_2633,1616,29,Male,Guangdong,Undergraduate,11,Reading,65.25,130,153.97,6,70,72,83,74.5,Medium
AUD_2634,1419,33,Female,Guangdong,Postgraduate,8,Spontaneous,73.33,111,90.93,7,63,96,52,69.6,Medium
AUD_2635,1249,34,Female,Jiangsu,Undergraduate,4,Spontaneous,36.18,191,93.08,6,94,94,81,90.1,High
AUD_2636,1116,30,Female,Henan,High School,3,Spontaneous,87.64,51,178.78,14,82,56,51,64.9,Medium
AUD_2637,1865,40,Female,Beijing,Undergraduate,14,Reading,63.56,137,131.18,2,74,54,65,65.3,Medium
AUD_2638,1511,31,Male,Jiangsu,Undergraduate,5,Reading,20.39,97,174.22,5,68,81,66,71.3,Medium
AUD_2639,1739,24,Female,Jiangsu,Undergraduate,13,Spontaneous,49.09,104,155.69,12,58,77,61,64.6,Medium
AUD_2640,1577,31,Male,Jiangsu,Undergraduate,7,Spontaneous,50.58,61,123.57,14,98,93,54,83.3,High
AUD_2641,1334,32,Male,Henan,High School,9,Spontaneous,76.64,50,103.58,2,96,52,53,69.9,Medium
AUD_2642,1417,29,Female,Zhejiang,High School,12,Spontaneous,41.36,152,178.03,13,86,79,65,77.6,High
AUD_2643,1931,34,Male,Jiangsu,Postgraduate,12,Spontaneous,43.19,83,142.6,2,85,93,67,82.0,High
AUD_2644,1773,26,Male,Sichuan,Postgraduate,5,Spontaneous,24.93,161,107.31,4,85,54,94,78.4,High
AUD_2645,1294,39,Male,Shanghai,Postgraduate,11,Spontaneous,39.85,95,151.35,8,64,82,69,70.9,Medium
AUD_2646,1937,32,Male,Sichuan,Undergraduate,12,Spontaneous,70.19,196,98.28,2,54,69,58,59.699999999999996,Low
AUD_2647,1754,29,Female,Sichuan,Undergraduate,14,Reading,64.43,148,168.12,8,66,79,65,69.6,Medium
AUD_2648,1370,19,Female,Guangdong,High School,6,Reading,25.7,106,98.11,11,79,93,84,84.7,High
AUD_2649,1185,22,Male,Zhejiang,Postgraduate,12,Reading,28.03,100,111.26,11,56,71,78,67.1,Medium
AUD_2650,1245,30,Female,Henan,High School,4,Reading,46.38,71,98.23,14,55,71,98,72.69999999999999,Medium
AUD_2651,1636,44,Male,Jiangsu,Postgraduate,5,Spontaneous,72.06,117,99.34,2,64,87,79,75.4,High
AUD_2652,1267,37,Female,Guangdong,Postgraduate,7,Reading,78.3,185,137.15,10,95,78,69,82.1,High
AUD_2653,1642,40,Female,Beijing,Postgraduate,5,Reading,21.02,109,151.83,6,59,70,91,71.9,Medium
AUD_2654,1236,25,Female,Beijing,Undergraduate,7,Spontaneous,43.03,114,160.96,14,55,67,71,63.39999999999999,Medium
AUD_2655,1529,44,Female,Henan,Postgraduate,6,Reading,49.7,85,152.55,7,91,97,72,87.1,High
AUD_2656,1551,31,Female,Guangdong,Postgraduate,13,Reading,83.78,78,122.71,13,90,60,85,79.5,High
AUD_2657,1020,32,Male,Shanghai,Undergraduate,12,Reading,55.1,105,140.16,10,62,59,71,63.8,Medium
AUD_2658,1910,28,Female,Henan,Postgraduate,5,Reading,38.88,131,173.49,12,63,84,50,65.4,Medium
AUD_2659,1736,18,Male,Guangdong,Undergraduate,14,Reading,47.3,181,124.88,4,50,75,70,63.5,Medium
AUD_2660,1866,38,Male,Guangdong,Undergraduate,8,Spontaneous,50.55,93,112.72,4,82,99,97,91.6,High
AUD_2661,1793,20,Female,Zhejiang,High School,10,Spontaneous,66.9,80,136.74,6,68,93,92,82.7,High
AUD_2662,1519,34,Male,Henan,Undergraduate,14,Spontaneous,22.88,130,116.76,14,58,95,68,72.1,Medium
AUD_2663,1099,36,Female,Beijing,Undergraduate,6,Reading,47.26,123,113.56,14,86,53,57,67.39999999999999,Medium
AUD_2664,1751,31,Male,Beijing,Undergraduate,11,Reading,65.26,173,160.09,8,98,59,54,73.10000000000001,Medium
AUD_2665,1477,39,Male,Jiangsu,Postgraduate,8,Reading,39.83,65,170.18,4,97,88,89,91.9,High
AUD_2666,1598,40,Female,Sichuan,High School,7,Spontaneous,61.42,117,135.21,5,61,65,78,67.30000000000001,Medium
AUD_2667,1297,25,Female,Henan,Postgraduate,5,Reading,45.01,168,160.18,3,54,90,67,68.7,Medium
AUD_2668,1939,30,Female,Guangdong,Undergraduate,7,Reading,73.11,118,106.84,10,55,79,78,69.1,Medium
AUD_2669,1525,44,Female,Henan,Undergraduate,7,Reading,24.24,91,139.29,11,60,52,64,58.8,Low
AUD_2670,1333,37,Male,Guangdong,High School,14,Reading,84.26,159,147.26,10,87,83,99,89.4,High
AUD_2671,1001,20,Female,Shanghai,High School,14,Spontaneous,32.01,90,134.16,14,59,74,94,74.0,Medium
AUD_2672,1374,22,Male,Henan,Undergraduate,6,Spontaneous,31.1,99,100.52,12,64,87,80,75.7,High
AUD_2673,1292,26,Male,Hubei,Undergraduate,14,Reading,78.85,55,156.07,3,99,91,64,86.10000000000001,High
AUD_2674,1836,23,Male,Hubei,Postgraduate,8,Spontaneous,80.85,124,165.52,6,88,85,94,88.9,High
AUD_2675,1933,42,Male,Beijing,Undergraduate,5,Spontaneous,26.51,66,147.17,2,77,53,52,62.300000000000004,Medium
AUD_2676,1552,39,Male,Shanghai,Postgraduate,12,Spontaneous,83.61,154,105.22,9,52,91,93,76.0,High
AUD_2677,1317,19,Male,Zhejiang,High School,3,Reading,39.13,116,96.71,7,65,59,93,71.6,Medium
AUD_2678,1501,30,Female,Jiangsu,Postgraduate,9,Spontaneous,63.3,193,117.14,11,94,62,91,83.5,High
AUD_2679,1827,22,Male,Shanghai,Undergraduate,9,Spontaneous,24.8,149,93.33,11,66,55,82,67.5,Medium
AUD_2680,1380,44,Male,Beijing,Postgraduate,14,Reading,46.65,139,165.53,3,85,56,73,72.69999999999999,Medium
AUD_2681,1622,42,Male,Zhejiang,Postgraduate,6,Spontaneous,51.55,130,153.28,3,68,77,87,76.39999999999999,High
AUD_2682,1013,25,Female,Guangdong,High School,11,Spontaneous,61.99,164,140.73,11,53,86,73,68.9,Medium
AUD_2683,1503,40,Female,Zhejiang,Postgraduate,14,Spontaneous,56.77,69,170.07,6,74,64,62,67.39999999999999,Medium
AUD_2684,1230,18,Male,Sichuan,Undergraduate,4,Reading,52.3,129,99.91,8,76,79,76,76.9,High
AUD_2685,1984,37,Female,Henan,Postgraduate,3,Reading,87.17,105,154.3,10,61,89,82,75.7,High
AUD_2686,1083,29,Male,Shanghai,Postgraduate,5,Spontaneous,32.95,102,103.2,10,76,59,68,68.5,Medium
AUD_2687,1129,40,Female,Beijing,Postgraduate,9,Reading,31.06,98,95.48,13,53,61,74,61.7,Medium
AUD_2688,1742,28,Male,Shanghai,Undergraduate,11,Reading,69.94,53,101.96,12,73,66,55,65.5,Medium
AUD_2689,1837,24,Female,Guangdong,Postgraduate,4,Reading,25.22,67,175.58,7,66,97,82,80.1,High
AUD_2690,1144,32,Female,Hubei,Undergraduate,8,Spontaneous,53.8,85,129.64,3,75,79,74,75.9,High
AUD_2691,1890,39,Female,Guangdong,Postgraduate,5,Spontaneous,53.88,166,94.41,7,67,50,72,63.39999999999999,Medium
AUD_2692,1856,41,Male,Beijing,High School,7,Reading,41.7,84,142.53,2,71,85,98,83.30000000000001,High
AUD_2693,1027,28,Male,Sichuan,High School,14,Spontaneous,85.13,79,107.97,12,55,89,66,68.5,Medium
AUD_2694,1065,39,Male,Jiangsu,High School,11,Reading,39.78,167,90.62,12,68,73,70,70.1,Medium
AUD_2695,1162,43,Female,Henan,Undergraduate,5,Reading,40.19,112,158.25,14,86,87,92,88.1,High
AUD_2696,1228,33,Female,Henan,Undergraduate,3,Spontaneous,36.4,131,103.94,3,83,70,69,74.9,Medium
AUD_2697,1260,20,Male,Zhejiang,Undergraduate,7,Reading,30.21,198,174.82,13,60,91,61,69.6,Medium
AUD_2698,1448,37,Female,Zhejiang,Postgraduate,3,Reading,45.48,118,143.35,4,73,81,62,72.1,Medium
AUD_2699,1423,31,Male,Guangdong,Undergraduate,10,Reading,67.66,174,97.83,6,94,67,67,77.8,High
AUD_2700,1459,20,Male,Shanghai,Undergraduate,9,Reading,71.95,103,109.6,11,86,62,71,74.3,Medium
AUD_2701,1951,18,Male,Hubei,Undergraduate,13,Spontaneous,76.94,136,144.98,2,72,86,73,76.5,High
AUD_2702,1675,43,Male,Shanghai,Undergraduate,4,Reading,33.83,105,120.43,13,89,93,82,88.1,High
AUD_2703,1300,38,Female,Sichuan,High School,13,Spontaneous,22.49,128,137.89,11,92,70,52,73.4,Medium
AUD_2704,1918,32,Female,Jiangsu,Postgraduate,11,Reading,88.23,191,161.96,14,53,67,66,61.099999999999994,Medium
AUD_2705,1302,18,Female,Henan,High School,7,Spontaneous,21.0,198,161.33,14,67,89,88,79.9,High
AUD_2706,1286,34,Male,Shanghai,Postgraduate,9,Reading,87.25,169,152.82,14,79,95,81,84.4,High
AUD_2707,1394,19,Female,Henan,Postgraduate,6,Reading,78.02,74,169.74,6,64,96,66,74.2,Medium
AUD_2708,1009,37,Male,Zhejiang,High School,14,Spontaneous,83.85,158,107.94,6,86,75,97,86.0,High
AUD_2709,1706,23,Male,Henan,Undergraduate,3,Spontaneous,47.1,144,105.95,5,72,54,93,72.9,Medium
AUD_2710,1629,25,Male,Hubei,High School,10,Reading,33.8,102,161.94,4,61,54,74,62.8,Medium
AUD_2711,1269,33,Male,Henan,Postgraduate,3,Reading,62.45,97,118.88,8,53,80,57,62.3,Medium
AUD_2712,1591,36,Male,Shanghai,Postgraduate,5,Reading,71.89,119,136.1,12,53,77,92,71.89999999999999,Medium
AUD_2713,1969,18,Male,Hubei,Undergraduate,8,Reading,29.16,181,156.96,8,90,98,84,90.60000000000001,High
AUD_2714,1604,20,Female,Henan,High School,10,Reading,75.83,132,125.63,2,90,62,78,78.0,High
AUD_2715,1777,20,Female,Jiangsu,Postgraduate,10,Spontaneous,34.6,182,101.71,8,63,98,61,72.9,Medium
AUD_2716,1843,22,Female,Zhejiang,High School,4,Spontaneous,54.42,131,151.15,4,57,60,85,66.3,Medium
AUD_2717,1861,44,Female,Henan,Undergraduate,11,Reading,79.95,153,163.54,14,72,50,58,61.199999999999996,Medium
AUD_2718,1360,29,Male,Hubei,Undergraduate,6,Spontaneous,33.54,124,91.15,4,50,73,75,64.4,Medium
AUD_2719,1256,29,Male,Shanghai,Postgraduate,6,Spontaneous,36.93,138,140.63,7,60,62,71,63.89999999999999,Medium
AUD_2720,1132,37,Female,Zhejiang,Undergraduate,4,Reading,24.39,113,132.25,7,76,67,80,74.5,Medium
AUD_2721,1275,30,Female,Guangdong,Postgraduate,3,Spontaneous,30.26,84,113.36,12,53,73,98,72.5,Medium
AUD_2722,1775,37,Female,Guangdong,Postgraduate,12,Reading,30.26,61,104.49,14,78,78,97,83.7,High
AUD_2723,1682,26,Female,Sichuan,Undergraduate,9,Spontaneous,34.24,139,106.92,5,66,77,93,77.4,High
AUD_2724,1971,24,Female,Guangdong,Undergraduate,13,Spontaneous,40.03,104,155.25,6,98,87,79,89.0,High
AUD_2725,1512,21,Female,Shanghai,High School,12,Spontaneous,77.05,161,138.26,4,68,94,64,74.60000000000001,Medium
AUD_2726,1312,36,Female,Jiangsu,High School,5,Spontaneous,84.1,118,178.3,4,94,71,96,87.7,High
AUD_2727,1575,39,Female,Zhejiang,Postgraduate,6,Spontaneous,48.44,140,111.89,10,98,69,82,84.5,High
AUD_2728,1885,36,Male,Hubei,High School,13,Reading,28.97,87,176.12,6,73,60,52,62.800000000000004,Medium
AUD_2729,1979,23,Male,Beijing,Postgraduate,11,Spontaneous,35.67,78,136.36,2,93,69,83,82.80000000000001,High
AUD_2730,1283,44,Male,Guangdong,Undergraduate,8,Reading,71.53,61,103.14,10,95,90,66,84.8,High
AUD_2731,1120,30,Male,Guangdong,Undergraduate,3,Spontaneous,67.42,196,103.34,11,90,62,93,82.5,High
AUD_2732,1106,28,Female,Beijing,High School,11,Spontaneous,87.7,186,144.77,7,93,96,54,82.2,High
AUD_2733,1932,30,Male,Hubei,Postgraduate,11,Spontaneous,21.01,131,164.83,10,81,73,79,78.0,High
AUD_2734,1686,30,Female,Hubei,Postgraduate,7,Reading,72.55,52,157.29,12,80,92,92,87.19999999999999,High
AUD_2735,1996,42,Male,Beijing,High School,10,Spontaneous,55.41,136,149.01,8,98,73,64,80.3,High
AUD_2736,1203,39,Female,Hubei,Postgraduate,9,Spontaneous,83.19,137,105.49,12,65,97,88,81.5,High
AUD_2737,1164,37,Female,Shanghai,Postgraduate,13,Reading,60.33,102,99.75,11,81,66,57,69.3,Medium
AUD_2738,1304,32,Male,Hubei,Undergraduate,10,Reading,51.27,150,90.02,11,93,54,91,80.7,High
AUD_2739,1496,38,Male,Zhejiang,Postgraduate,11,Reading,66.61,53,99.16,8,91,79,87,86.19999999999999,High
AUD_2740,1631,30,Female,Hubei,Postgraduate,4,Spontaneous,78.35,106,158.97,6,83,63,77,75.2,High
AUD_2741,1555,39,Female,Henan,Postgraduate,12,Spontaneous,39.77,77,170.57,8,84,64,70,73.8,Medium
AUD_2742,1823,28,Female,Henan,High School,7,Spontaneous,27.53,65,111.63,11,86,58,96,80.6,High
AUD_2743,1155,36,Male,Guangdong,High School,10,Spontaneous,50.31,62,161.54,5,65,63,59,62.599999999999994,Medium
AUD_2744,1366,25,Male,Jiangsu,High School,5,Reading,35.02,102,107.9,12,70,59,77,68.8,Medium
AUD_2745,1718,37,Female,Shanghai,Postgraduate,13,Reading,50.07,97,112.43,12,62,71,70,67.1,Medium
AUD_2746,1901,25,Male,Shanghai,Postgraduate,13,Spontaneous,89.37,74,110.17,7,67,80,98,80.19999999999999,High
AUD_2747,1619,27,Female,Hubei,High School,8,Reading,60.19,115,94.66,3,51,62,77,62.099999999999994,Medium
AUD_2748,1250,43,Male,Jiangsu,High School,8,Reading,68.55,153,107.47,11,82,66,71,73.9,Medium
AUD_2749,1956,33,Male,Jiangsu,Postgraduate,9,Reading,67.45,52,123.62,4,90,50,87,77.1,High
AUD_2750,1915,36,Male,Sichuan,Postgraduate,13,Spontaneous,77.45,143,126.49,3,67,63,68,66.1,Medium
AUD_2751,1881,43,Male,Jiangsu,Undergraduate,5,Reading,86.09,60,117.85,14,77,93,87,84.8,High
AUD_2752,1333,40,Male,Hubei,High School,10,Spontaneous,66.12,70,136.33,11,86,88,95,89.3,High
AUD_2753,1641,28,Female,Hubei,Postgraduate,10,Spontaneous,53.33,176,124.02,3,84,84,73,80.69999999999999,High
AUD_2754,1968,30,Female,Beijing,High School,11,Spontaneous,42.25,140,177.33,8,86,50,77,72.5,Medium
AUD_2755,1510,26,Male,Guangdong,High School,10,Reading,45.22,144,162.66,6,61,76,94,75.4,High
AUD_2756,1292,37,Female,Henan,High School,5,Reading,43.41,143,173.79,14,89,94,62,82.39999999999999,High
AUD_2757,1019,41,Female,Sichuan,Undergraduate,8,Reading,42.71,178,140.17,14,57,71,58,61.5,Medium
AUD_2758,1281,36,Male,Hubei,Postgraduate,11,Reading,68.62,161,151.05,7,74,83,58,71.9,Medium
AUD_2759,1796,33,Female,Beijing,Postgraduate,3,Spontaneous,61.14,83,105.0,4,56,58,70,60.8,Medium
AUD_2760,1000,24,Male,Sichuan,High School,5,Spontaneous,34.14,129,157.75,11,51,99,73,72.0,Medium
AUD_2761,1118,36,Female,Guangdong,Postgraduate,4,Spontaneous,87.87,132,111.24,6,82,85,80,82.30000000000001,High
AUD_2762,1034,29,Female,Sichuan,Undergraduate,14,Reading,49.94,78,103.12,6,82,97,78,85.30000000000001,High
AUD_2763,1197,32,Female,Beijing,High School,10,Reading,59.63,180,93.77,12,89,81,89,86.60000000000001,High
AUD_2764,1484,40,Female,Zhejiang,Undergraduate,8,Reading,69.18,60,132.5,5,98,87,59,83.0,High
AUD_2765,1756,31,Female,Henan,Undergraduate,12,Spontaneous,62.96,185,115.81,11,72,69,53,65.4,Medium
AUD_2766,1058,28,Female,Hubei,Postgraduate,13,Spontaneous,41.77,111,178.81,5,54,76,52,60.00000000000001,Medium
AUD_2767,1836,43,Female,Henan,Postgraduate,13,Reading,75.84,152,112.49,13,63,52,62,59.400000000000006,Low
AUD_2768,1160,27,Male,Guangdong,Undergraduate,10,Spontaneous,27.71,82,167.99,14,57,60,70,61.8,Medium
AUD_2769,1690,44,Male,Shanghai,Postgraduate,4,Spontaneous,59.83,185,118.48,9,69,73,57,66.6,Medium
AUD_2770,1205,28,Male,Guangdong,Undergraduate,13,Reading,39.13,137,157.42,7,67,78,58,67.6,Medium
AUD_2771,1011,23,Male,Guangdong,Undergraduate,8,Reading,63.1,66,149.39,12,72,54,95,73.5,Medium
AUD_2772,1489,19,Female,Guangdong,High School,9,Spontaneous,35.26,140,140.56,3,78,82,50,70.8,Medium
AUD_2773,1275,28,Female,Zhejiang,Undergraduate,10,Reading,74.05,92,127.51,3,56,57,63,58.4,Low
AUD_2774,1692,36,Female,Hubei,Undergraduate,11,Spontaneous,35.93,122,150.4,3,73,68,61,67.9,Medium
AUD_2775,1241,23,Male,Beijing,Postgraduate,7,Reading,82.33,54,126.66,7,95,53,85,79.4,High
AUD_2776,1215,31,Male,Hubei,High School,13,Spontaneous,80.31,105,139.33,13,74,90,71,77.9,High
AUD_2777,1250,37,Male,Shanghai,Postgraduate,5,Reading,45.37,106,143.08,2,63,84,85,75.9,High
AUD_2778,1810,23,Female,Beijing,High School,4,Reading,47.01,121,114.06,4,87,79,94,86.7,High
AUD_2779,1125,34,Male,Sichuan,Postgraduate,10,Reading,69.11,128,120.58,2,52,54,65,56.5,Low
AUD_2780,1993,27,Female,Sichuan,Undergraduate,3,Spontaneous,26.33,85,91.62,5,95,97,60,85.1,High
AUD_2781,1216,18,Male,Sichuan,High School,12,Spontaneous,25.66,183,166.69,14,63,89,52,67.5,Medium
AUD_2782,1305,20,Female,Beijing,High School,8,Reading,29.54,164,158.04,2,52,87,83,71.8,Medium
AUD_2783,1796,25,Male,Jiangsu,High School,4,Spontaneous,59.37,120,106.52,10,91,52,74,74.2,Medium
AUD_2784,1184,25,Female,Zhejiang,High School,5,Spontaneous,30.43,141,122.58,12,58,65,75,65.2,Medium
AUD_2785,1038,44,Male,Jiangsu,Postgraduate,10,Reading,39.43,184,127.9,13,56,57,52,55.1,Low
AUD_2786,1222,37,Male,Hubei,Postgraduate,3,Reading,65.28,154,120.09,12,75,94,69,78.9,High
AUD_2787,1183,39,Female,Sichuan,High School,8,Reading,21.09,114,161.84,14,56,54,80,62.6,Medium
AUD_2788,1494,32,Female,Zhejiang,High School,5,Spontaneous,32.62,73,155.29,7,56,87,98,77.9,High
AUD_2789,1426,41,Male,Beijing,High School,8,Reading,85.1,94,159.04,9,93,84,50,77.4,High
AUD_2790,1177,24,Female,Sichuan,Postgraduate,5,Spontaneous,66.45,196,171.37,3,85,57,75,73.6,Medium
AUD_2791,1918,28,Male,Beijing,High School,13,Spontaneous,41.39,166,143.56,7,62,85,74,72.5,Medium
AUD_2792,1427,24,Female,Zhejiang,High School,13,Spontaneous,23.17,79,145.31,5,52,74,60,61.0,Medium
AUD_2793,1293,21,Male,Beijing,High School,10,Reading,61.02,114,154.97,8,69,98,65,76.5,High
AUD_2794,1851,42,Female,Beijing,Postgraduate,7,Reading,35.6,197,151.31,9,58,57,69,61.0,Medium
AUD_2795,1150,29,Male,Shanghai,Undergraduate,6,Spontaneous,87.21,134,168.28,7,71,70,91,76.7,High
AUD_2796,1383,43,Male,Hubei,Undergraduate,11,Spontaneous,68.09,132,159.32,14,94,95,87,92.19999999999999,High
AUD_2797,1637,23,Male,Jiangsu,Postgraduate,7,Reading,88.19,163,100.84,14,82,58,51,65.5,Medium
AUD_2798,1812,31,Female,Henan,Undergraduate,14,Reading,79.42,145,173.55,2,72,81,78,76.5,High
AUD_2799,1307,29,Male,Jiangsu,High School,6,Reading,53.81,136,151.48,9,72,93,56,73.5,Medium
AUD_2800,1335,28,Female,Jiangsu,High School,10,Reading,66.87,116,101.44,12,87,62,98,82.80000000000001,High
AUD_2801,1945,36,Female,Guangdong,Postgraduate,10,Reading,76.85,80,159.48,2,75,72,89,78.3,High
AUD_2802,1745,38,Female,Shanghai,Postgraduate,10,Reading,60.47,115,122.26,10,81,57,94,77.7,High
AUD_2803,1891,22,Male,Henan,Undergraduate,6,Reading,24.3,103,162.54,3,77,84,74,78.2,High
AUD_2804,1374,31,Female,Sichuan,Undergraduate,3,Reading,52.93,59,175.99,12,79,77,53,70.6,Medium
AUD_2805,1007,38,Female,Sichuan,High School,4,Reading,29.14,132,112.97,11,89,64,92,82.39999999999999,High
AUD_2806,1340,41,Female,Sichuan,Postgraduate,6,Spontaneous,70.04,78,167.17,7,66,78,83,74.69999999999999,Medium
AUD_2807,1128,33,Male,Jiangsu,Undergraduate,12,Reading,67.64,81,159.62,9,67,53,74,64.9,Medium
AUD_2808,1775,42,Female,Hubei,Undergraduate,4,Reading,89.5,66,150.41,6,74,83,57,71.6,Medium
AUD_2809,1668,30,Female,Jiangsu,High School,13,Spontaneous,64.02,164,124.64,3,53,86,81,71.3,Medium
AUD_2810,1351,42,Female,Henan,High School,12,Reading,76.01,94,99.89,6,75,73,67,72.0,Medium
AUD_2811,1357,39,Female,Hubei,High School,5,Reading,38.78,98,133.55,2,80,70,89,79.7,High
AUD_2812,1516,39,Male,Shanghai,High School,11,Spontaneous,43.8,136,99.51,9,61,51,60,57.7,Low
AUD_2813,1494,42,Male,Hubei,Undergraduate,11,Reading,84.19,195,135.01,9,97,56,86,81.4,High
AUD_2814,1085,37,Female,Henan,Postgraduate,13,Spontaneous,72.86,124,163.83,3,67,60,88,71.19999999999999,Medium
AUD_2815,1174,39,Female,Beijing,Postgraduate,11,Spontaneous,65.87,172,179.79,7,59,61,85,67.4,Medium
AUD_2816,1801,21,Female,Jiangsu,High School,9,Reading,37.78,173,107.82,12,85,53,59,67.6,Medium
AUD_2817,1192,28,Female,Sichuan,High School,6,Spontaneous,68.9,101,108.71,9,51,84,55,62.1,Medium
AUD_2818,1310,34,Male,Beijing,Undergraduate,3,Spontaneous,82.07,197,162.98,11,74,89,94,84.5,High
AUD_2819,1118,24,Male,Jiangsu,High School,5,Spontaneous,36.16,190,132.22,14,96,75,65,80.4,High
AUD_2820,1217,31,Male,Zhejiang,Postgraduate,10,Spontaneous,69.43,137,172.42,9,58,67,74,65.5,Medium
AUD_2821,1426,43,Male,Guangdong,High School,6,Reading,47.56,133,159.21,13,96,86,83,89.1,High
AUD_2822,1969,28,Female,Jiangsu,Postgraduate,12,Spontaneous,28.31,155,156.28,8,81,65,80,75.9,High
AUD_2823,1413,39,Female,Zhejiang,High School,12,Spontaneous,73.44,141,99.18,4,54,61,96,68.7,Medium
AUD_2824,1113,26,Male,Henan,High School,4,Reading,31.7,148,93.23,14,52,90,57,64.89999999999999,Medium
AUD_2825,1977,40,Male,Shanghai,Postgraduate,10,Spontaneous,37.7,70,118.51,13,66,89,66,72.9,Medium
AUD_2826,1144,30,Female,Zhejiang,Undergraduate,9,Reading,74.81,55,109.56,12,62,86,63,69.5,Medium
AUD_2827,1537,40,Female,Shanghai,Undergraduate,13,Spontaneous,71.95,102,154.11,5,52,68,79,64.9,Medium
AUD_2828,1647,35,Female,Jiangsu,High School,12,Reading,37.79,136,130.57,2,77,64,67,70.1,Medium
AUD_2829,1302,28,Female,Shanghai,High School,11,Spontaneous,85.87,135,137.08,10,53,71,95,71.0,Medium
AUD_2830,1743,32,Female,Zhejiang,Postgraduate,4,Reading,35.07,186,163.24,11,67,69,85,73.0,Medium
AUD_2831,1880,42,Male,Hubei,Postgraduate,7,Spontaneous,89.55,145,133.07,11,84,92,70,82.2,High
AUD_2832,1587,43,Male,Guangdong,High School,8,Reading,71.65,162,139.04,3,63,62,80,67.8,Medium
AUD_2833,1986,42,Female,Beijing,Postgraduate,4,Reading,47.48,120,165.81,11,65,72,82,72.19999999999999,Medium
AUD_2834,1839,39,Female,Beijing,Undergraduate,4,Reading,29.12,92,128.82,8,61,80,72,70.0,Medium
AUD_2835,1344,36,Male,Guangdong,Undergraduate,12,Reading,42.44,83,97.48,9,60,75,87,72.6,Medium
AUD_2836,1813,18,Female,Sichuan,Postgraduate,6,Reading,33.56,95,136.95,5,51,94,54,64.8,Medium
AUD_2837,1963,21,Male,Beijing,Postgraduate,10,Spontaneous,63.53,81,142.14,12,82,81,64,76.30000000000001,High
AUD_2838,1800,31,Male,Henan,Postgraduate,13,Spontaneous,44.98,193,136.06,12,62,70,79,69.5,Medium
AUD_2839,1000,31,Male,Jiangsu,Undergraduate,7,Reading,40.65,50,113.22,11,79,66,65,70.9,Medium
AUD_2840,1146,20,Male,Sichuan,High School,11,Reading,73.0,69,110.13,2,75,78,89,80.1,High
AUD_2841,1286,34,Female,Jiangsu,Postgraduate,6,Spontaneous,36.14,121,123.28,6,99,78,78,86.4,High
AUD_2842,1975,20,Female,Zhejiang,Postgraduate,5,Spontaneous,61.08,60,104.96,11,67,97,77,79.0,High
AUD_2843,1653,33,Male,Henan,Postgraduate,12,Reading,33.62,156,149.94,11,62,71,55,62.6,Medium
AUD_2844,1052,31,Female,Zhejiang,High School,10,Spontaneous,70.04,92,145.32,7,53,98,54,66.8,Medium
AUD_2845,1303,37,Female,Sichuan,Postgraduate,3,Reading,63.76,59,146.92,8,82,68,87,79.3,High
AUD_2846,1068,30,Female,Sichuan,Postgraduate,11,Reading,75.87,57,110.23,2,64,63,74,66.7,Medium
AUD_2847,1360,32,Female,Henan,Undergraduate,6,Reading,24.79,68,112.19,14,66,88,77,75.89999999999999,High
AUD_2848,1601,31,Male,Henan,Postgraduate,13,Spontaneous,34.71,104,160.87,5,55,72,50,58.599999999999994,Low
AUD_2849,1957,41,Female,Sichuan,Undergraduate,11,Reading,30.81,52,152.11,13,54,90,63,67.5,Medium
AUD_2850,1219,42,Male,Sichuan,High School,10,Spontaneous,33.34,102,168.77,6,82,51,68,68.5,Medium
AUD_2851,1961,36,Male,Shanghai,Postgraduate,5,Spontaneous,27.21,93,126.32,6,65,81,80,74.3,Medium
AUD_2852,1703,23,Female,Hubei,Postgraduate,5,Spontaneous,59.35,145,139.26,8,95,87,64,83.3,High
AUD_2853,1965,27,Male,Sichuan,Undergraduate,11,Spontaneous,61.54,97,156.49,5,73,82,68,74.19999999999999,Medium
AUD_2854,1574,44,Female,Henan,High School,5,Reading,79.04,103,177.67,11,54,56,87,64.5,Medium
AUD_2855,1584,32,Female,Hubei,High School,6,Reading,49.24,193,179.07,8,52,97,81,74.2,Medium
AUD_2856,1160,38,Male,Sichuan,Undergraduate,11,Spontaneous,57.27,141,179.93,9,84,83,80,82.5,High
AUD_2857,1680,39,Female,Zhejiang,High School,14,Reading,89.39,193,170.15,3,76,53,86,72.1,Medium
AUD_2858,1088,37,Male,Jiangsu,High School,6,Spontaneous,57.23,100,147.57,2,61,72,75,68.5,Medium
AUD_2859,1687,43,Male,Hubei,High School,13,Reading,60.15,67,90.63,14,99,69,97,89.39999999999999,High
AUD_2860,1780,23,Female,Zhejiang,High School,5,Reading,89.71,175,152.96,11,90,71,90,84.3,High
AUD_2861,1584,40,Female,Beijing,High School,9,Reading,89.59,55,111.47,11,74,95,74,80.3,High
AUD_2862,1756,42,Female,Henan,High School,8,Reading,49.68,183,95.15,2,66,78,96,78.6,High
AUD_2863,1588,27,Male,Shanghai,High School,3,Reading,64.45,127,152.75,14,98,92,89,93.5,High
AUD_2864,1158,24,Female,Shanghai,High School,12,Reading,53.66,131,158.04,2,69,90,57,71.7,Medium
AUD_2865,1488,39,Male,Jiangsu,Postgraduate,10,Spontaneous,70.45,129,149.35,10,77,86,53,72.5,Medium
AUD_2866,1970,34,Male,Sichuan,Undergraduate,3,Reading,85.69,137,122.87,5,99,52,80,79.2,High
AUD_2867,1323,35,Female,Zhejiang,High School,6,Reading,41.68,62,135.99,10,84,71,81,79.2,High
AUD_2868,1609,34,Female,Beijing,Undergraduate,8,Reading,77.32,114,174.15,8,99,69,83,85.19999999999999,High
AUD_2869,1380,26,Female,Zhejiang,High School,8,Spontaneous,65.84,113,155.66,8,64,74,97,76.89999999999999,High
AUD_2870,1101,27,Male,Henan,High School,9,Reading,39.61,63,135.42,14,82,83,52,73.3,Medium
AUD_2871,1493,27,Female,Henan,Postgraduate,13,Reading,75.81,194,143.41,3,52,91,90,75.1,High
AUD_2872,1643,42,Male,Sichuan,Undergraduate,14,Reading,49.9,170,173.49,3,56,78,75,68.3,Medium
AUD_2873,1613,24,Female,Sichuan,Undergraduate,7,Spontaneous,28.43,126,125.44,13,59,59,53,57.199999999999996,Low
AUD_2874,1018,33,Female,Henan,Postgraduate,7,Reading,89.54,62,99.17,6,90,88,51,77.7,High
AUD_2875,1453,35,Male,Guangdong,Postgraduate,6,Spontaneous,49.8,122,119.32,11,75,96,68,79.19999999999999,High
AUD_2876,1481,23,Male,Henan,Undergraduate,8,Spontaneous,57.91,183,127.37,2,90,86,72,83.39999999999999,High
AUD_2877,1593,44,Female,Zhejiang,High School,9,Reading,76.56,55,114.57,8,89,89,74,84.5,High
AUD_2878,1396,37,Female,Jiangsu,High School,12,Reading,87.26,170,137.61,12,55,99,96,80.5,High
AUD_2879,1278,18,Female,Zhejiang,Undergraduate,12,Spontaneous,81.1,143,117.44,8,82,69,56,70.3,Medium
AUD_2880,1850,18,Female,Shanghai,High School,3,Spontaneous,56.75,106,99.29,12,65,87,57,69.19999999999999,Medium
AUD_2881,1364,29,Female,Beijing,Postgraduate,11,Reading,58.2,102,106.93,9,73,72,52,66.39999999999999,Medium
AUD_2882,1330,38,Male,Hubei,Postgraduate,10,Reading,39.66,95,172.63,8,79,60,72,71.2,Medium
AUD_2883,1640,19,Male,Jiangsu,Postgraduate,9,Spontaneous,52.4,127,146.66,9,59,57,96,69.5,Medium
AUD_2884,1343,21,Male,Guangdong,Undergraduate,11,Spontaneous,86.28,181,118.29,4,60,78,82,72.0,Medium
AUD_2885,1821,34,Male,Beijing,Undergraduate,5,Spontaneous,70.89,83,123.02,4,93,85,97,91.8,High
AUD_2886,1454,21,Female,Beijing,Undergraduate,12,Spontaneous,20.83,91,134.4,9,71,74,77,73.7,Medium
AUD_2887,1600,28,Male,Hubei,High School,6,Reading,28.16,127,150.58,10,52,88,71,68.5,Medium
AUD_2888,1724,39,Male,Shanghai,Undergraduate,9,Spontaneous,84.67,113,142.4,11,87,83,84,84.9,High
AUD_2889,1654,43,Male,Shanghai,Undergraduate,8,Reading,79.41,194,173.94,5,89,96,83,89.30000000000001,High
AUD_2890,1064,21,Female,Shanghai,Postgraduate,4,Spontaneous,54.03,167,146.32,9,72,81,79,76.8,High
AUD_2891,1075,18,Male,Jiangsu,High School,4,Spontaneous,63.19,79,171.97,2,94,90,96,93.39999999999999,High
AUD_2892,1710,24,Female,Zhejiang,High School,12,Reading,40.28,142,90.49,3,68,72,85,74.3,Medium
AUD_2893,1142,35,Male,Beijing,Postgraduate,9,Reading,75.5,56,170.15,14,89,70,63,75.5,High
AUD_2894,1916,26,Female,Zhejiang,High School,11,Reading,62.23,72,154.93,11,62,68,58,62.6,Medium
AUD_2895,1914,20,Male,Zhejiang,Undergraduate,13,Reading,68.64,85,105.5,11,85,74,71,77.5,High
AUD_2896,1827,25,Female,Shanghai,High School,14,Spontaneous,46.24,191,113.67,11,52,72,77,65.5,Medium
AUD_2897,1604,41,Male,Zhejiang,Postgraduate,11,Reading,50.13,197,138.85,10,71,68,90,75.8,High
AUD_2898,1472,36,Female,Beijing,High School,9,Reading,34.54,165,101.24,3,74,54,63,64.69999999999999,Medium
AUD_2899,1416,21,Female,Beijing,Postgraduate,13,Reading,86.36,130,160.68,3,69,68,64,67.2,Medium
AUD_2900,1304,35,Male,Sichuan,Undergraduate,10,Spontaneous,86.26,74,161.21,9,77,84,86,81.8,High
AUD_2901,1735,37,Female,Guangdong,Undergraduate,12,Spontaneous,77.24,164,117.09,6,52,61,73,61.0,Medium
AUD_2902,1496,44,Female,Jiangsu,Postgraduate,5,Reading,85.49,143,96.28,6,71,88,83,79.69999999999999,High
AUD_2903,1290,28,Male,Zhejiang,Undergraduate,3,Spontaneous,66.57,98,179.0,12,93,74,98,88.80000000000001,High
AUD_2904,1939,44,Male,Jiangsu,Undergraduate,9,Spontaneous,36.43,76,112.57,7,86,54,92,78.19999999999999,High
AUD_2905,1101,31,Female,Jiangsu,High School,10,Reading,73.21,144,96.08,9,87,61,94,81.30000000000001,High
AUD_2906,1985,42,Male,Jiangsu,Undergraduate,4,Spontaneous,42.77,63,119.7,9,67,76,93,77.5,High
AUD_2907,1266,35,Male,Hubei,Postgraduate,11,Reading,50.83,171,177.21,10,69,53,52,59.1,Low
AUD_2908,1866,33,Male,Henan,Undergraduate,6,Reading,39.2,97,161.36,11,95,68,72,80.0,High
AUD_2909,1967,20,Female,Sichuan,High School,12,Reading,49.65,177,133.23,12,54,94,69,70.5,Medium
AUD_2910,1621,32,Female,Jiangsu,Postgraduate,13,Spontaneous,67.55,134,117.48,4,92,96,94,93.8,High
AUD_2911,1973,44,Female,Henan,Undergraduate,11,Reading,27.74,141,128.1,10,58,73,64,64.3,Medium
AUD_2912,1841,44,Female,Henan,Undergraduate,5,Spontaneous,27.36,64,91.56,12,78,91,92,86.1,High
AUD_2913,1961,21,Female,Sichuan,Undergraduate,10,Spontaneous,67.86,100,154.65,4,66,77,65,69.0,Medium
AUD_2914,1941,22,Female,Beijing,Postgraduate,13,Spontaneous,74.57,103,98.97,2,61,82,56,65.8,Medium
AUD_2915,1776,34,Female,Hubei,High School,4,Spontaneous,58.6,188,136.71,13,75,84,82,79.8,High
AUD_2916,1002,24,Male,Zhejiang,Postgraduate,5,Reading,32.71,157,140.93,12,82,99,68,82.9,High
AUD_2917,1084,33,Female,Sichuan,Postgraduate,3,Reading,50.15,124,90.15,6,82,65,67,72.4,Medium
AUD_2918,1793,31,Female,Guangdong,High School,7,Spontaneous,73.07,77,178.19,8,85,61,90,79.3,High
AUD_2919,1327,43,Male,Henan,Postgraduate,6,Reading,68.0,177,117.19,4,78,65,67,70.8,Medium
AUD_2920,1815,33,Male,Jiangsu,Postgraduate,3,Spontaneous,27.69,119,96.95,10,71,60,52,62.00000000000001,Medium
AUD_2921,1449,24,Male,Henan,Undergraduate,12,Spontaneous,87.84,145,166.89,2,67,92,52,70.0,Medium
AUD_2922,1453,26,Female,Hubei,Postgraduate,11,Reading,35.64,189,103.68,7,66,77,85,75.0,High
AUD_2923,1923,21,Male,Guangdong,Undergraduate,8,Spontaneous,35.43,152,92.25,13,93,72,65,78.3,High
AUD_2924,1628,39,Female,Beijing,Postgraduate,8,Reading,52.19,136,134.52,13,73,95,92,85.3,High
AUD_2925,1220,28,Female,Beijing,Undergraduate,13,Spontaneous,42.91,154,101.69,7,71,66,72,69.8,Medium
AUD_2926,1153,19,Female,Shanghai,Undergraduate,4,Spontaneous,88.88,158,178.42,14,93,68,72,79.2,High
AUD_2927,1664,29,Male,Jiangsu,Undergraduate,9,Spontaneous,25.35,130,90.94,9,54,60,64,58.8,Low
AUD_2928,1011,29,Male,Shanghai,High School,14,Spontaneous,41.45,94,94.61,14,50,53,58,53.3,Low
AUD_2929,1132,21,Female,Hubei,Postgraduate,14,Reading,46.79,161,165.0,4,68,59,89,71.60000000000001,Medium
AUD_2930,1993,35,Female,Guangdong,Postgraduate,11,Spontaneous,54.54,109,111.58,13,79,68,87,78.1,High
AUD_2931,1303,43,Female,Henan,Postgraduate,8,Spontaneous,21.15,120,172.04,6,88,85,67,80.8,High
AUD_2932,1292,38,Male,Zhejiang,High School,13,Reading,25.77,62,118.0,12,64,92,87,79.3,High
AUD_2933,1974,24,Female,Shanghai,Undergraduate,10,Spontaneous,38.05,127,96.28,11,95,88,55,80.9,High
AUD_2934,1299,18,Male,Beijing,Postgraduate,14,Spontaneous,58.78,174,90.95,12,84,90,93,88.5,High
AUD_2935,1739,43,Female,Jiangsu,High School,7,Spontaneous,73.74,147,115.43,6,54,71,86,68.7,Medium
AUD_2936,1782,43,Male,Henan,High School,4,Spontaneous,68.05,140,132.64,9,55,51,95,65.8,Medium
AUD_2937,1042,40,Female,Guangdong,Postgraduate,6,Spontaneous,59.69,138,90.09,8,74,82,55,70.7,Medium
AUD_2938,1943,43,Male,Sichuan,Undergraduate,14,Spontaneous,47.81,148,142.3,4,60,89,70,71.7,Medium
AUD_2939,1342,30,Male,Hubei,High School,3,Reading,80.95,122,120.03,8,71,76,79,74.9,Medium
AUD_2940,1325,23,Male,Hubei,Postgraduate,3,Spontaneous,52.18,119,125.11,11,83,68,77,76.7,High
AUD_2941,1813,23,Male,Beijing,Undergraduate,8,Reading,40.95,88,113.53,9,93,97,69,87.0,High
AUD_2942,1497,29,Male,Sichuan,High School,4,Spontaneous,64.05,76,137.61,6,63,95,68,74.1,Medium
AUD_2943,1363,25,Male,Hubei,High School,8,Reading,68.45,89,110.71,12,58,53,63,58.0,Low
AUD_2944,1890,41,Female,Zhejiang,Postgraduate,3,Reading,47.89,172,102.13,6,69,68,50,63.0,Medium
AUD_2945,1426,39,Female,Henan,Postgraduate,13,Reading,21.97,80,170.16,12,65,74,76,71.0,Medium
AUD_2946,1020,36,Female,Jiangsu,Undergraduate,12,Reading,26.59,180,125.15,2,66,55,81,67.2,Medium
AUD_2947,1406,22,Female,Henan,Postgraduate,5,Spontaneous,79.19,64,96.92,14,66,96,78,78.6,High
AUD_2948,1618,35,Male,Zhejiang,Postgraduate,11,Spontaneous,23.96,119,110.73,9,83,62,80,75.8,High
AUD_2949,1335,22,Female,Hubei,Undergraduate,4,Spontaneous,61.44,60,117.89,14,91,71,74,79.9,High
AUD_2950,1814,42,Male,Zhejiang,Postgraduate,10,Reading,32.86,79,159.27,7,60,53,56,56.7,Low
AUD_2951,1116,27,Male,Henan,Undergraduate,8,Reading,36.02,84,92.0,7,84,51,88,75.3,High
AUD_2952,1123,18,Male,Hubei,Undergraduate,14,Reading,39.13,161,133.04,6,83,52,95,77.30000000000001,High
AUD_2953,1398,27,Female,Jiangsu,Undergraduate,8,Reading,22.68,92,126.69,6,85,95,65,82.0,High
AUD_2954,1792,22,Male,Jiangsu,Postgraduate,9,Reading,32.41,142,177.16,4,57,79,93,74.4,Medium
AUD_2955,1803,29,Female,Sichuan,Undergraduate,7,Reading,65.53,168,106.21,13,68,53,60,61.1,Medium
AUD_2956,1714,39,Female,Zhejiang,Postgraduate,14,Reading,54.91,52,146.51,4,99,97,67,88.8,High
AUD_2957,1050,44,Female,Guangdong,Undergraduate,13,Spontaneous,75.81,139,108.2,3,82,92,93,88.30000000000001,High
AUD_2958,1782,24,Female,Sichuan,Postgraduate,6,Reading,24.29,127,139.36,10,72,78,91,79.5,High
AUD_2959,1323,26,Female,Jiangsu,Undergraduate,8,Spontaneous,82.22,132,139.96,9,51,94,54,64.8,Medium
AUD_2960,1788,39,Male,Beijing,High School,10,Spontaneous,89.75,134,96.78,12,57,82,51,62.699999999999996,Medium
AUD_2961,1140,38,Male,Hubei,High School,6,Reading,21.1,173,131.08,4,78,62,59,67.5,Medium
AUD_2962,1469,29,Female,Sichuan,High School,7,Reading,87.73,198,131.5,6,91,96,75,87.69999999999999,High
AUD_2963,1786,40,Male,Shanghai,Undergraduate,9,Reading,36.51,126,118.72,11,56,88,73,70.69999999999999,Medium
AUD_2964,1801,18,Female,Guangdong,Postgraduate,8,Reading,68.48,154,114.94,6,98,81,75,86.0,High
AUD_2965,1333,28,Male,Hubei,Undergraduate,6,Spontaneous,40.47,102,110.19,9,78,77,65,73.8,Medium
AUD_2966,1892,38,Male,Sichuan,Undergraduate,6,Reading,56.53,93,90.53,7,80,86,74,80.0,High
AUD_2967,1963,32,Male,Jiangsu,Undergraduate,12,Spontaneous,55.73,95,90.16,8,79,77,87,80.8,High
AUD_2968,1372,19,Male,Henan,Undergraduate,6,Reading,45.28,86,143.08,6,84,76,55,72.9,Medium
AUD_2969,1563,37,Male,Jiangsu,Postgraduate,3,Spontaneous,70.23,87,116.23,13,74,74,61,70.1,Medium
AUD_2970,1493,24,Male,Guangdong,Undergraduate,7,Spontaneous,61.97,158,105.11,2,96,79,58,79.5,High
AUD_2971,1538,38,Male,Shanghai,High School,10,Spontaneous,55.58,158,151.63,9,53,55,98,67.1,Medium
AUD_2972,1668,29,Male,Sichuan,High School,9,Spontaneous,88.8,137,137.6,5,98,79,91,90.2,High
AUD_2973,1750,39,Male,Henan,High School,7,Spontaneous,85.8,60,172.35,6,92,58,57,71.3,Medium
AUD_2974,1155,35,Male,Sichuan,Undergraduate,5,Reading,86.88,142,164.79,2,87,55,80,75.30000000000001,High
AUD_2975,1290,20,Male,Zhejiang,Postgraduate,13,Reading,81.69,113,155.41,4,66,78,90,76.8,High
AUD_2976,1647,24,Male,Beijing,Postgraduate,3,Reading,37.86,175,101.39,3,59,72,81,69.5,Medium
AUD_2977,1143,28,Male,Jiangsu,Postgraduate,9,Spontaneous,44.5,161,149.95,13,50,55,56,53.3,Low
AUD_2978,1105,35,Female,Sichuan,Undergraduate,13,Reading,36.17,154,152.45,3,67,71,81,72.4,Medium
AUD_2979,1419,29,Male,Sichuan,Postgraduate,5,Spontaneous,89.03,111,158.7,14,95,51,91,80.6,High
AUD_2980,1669,23,Male,Hubei,High School,6,Spontaneous,30.69,110,113.68,2,68,80,74,73.4,Medium
AUD_2981,1657,22,Male,Hubei,Postgraduate,7,Reading,45.66,139,147.63,7,99,55,82,80.7,High
AUD_2982,1001,43,Male,Sichuan,Undergraduate,14,Spontaneous,33.93,61,145.65,9,81,91,77,82.8,High
AUD_2983,1944,18,Male,Shanghai,Undergraduate,10,Reading,35.64,186,124.68,4,80,54,60,66.2,Medium
AUD_2984,1588,29,Male,Beijing,Postgraduate,9,Spontaneous,37.3,123,149.72,2,82,69,80,77.5,High
AUD_2985,1643,44,Female,Sichuan,Undergraduate,11,Reading,64.78,156,97.8,11,71,61,59,64.4,Medium
AUD_2986,1089,43,Female,Guangdong,Postgraduate,13,Spontaneous,25.32,179,147.92,3,50,87,51,61.39999999999999,Medium
AUD_2987,1344,28,Female,Jiangsu,Postgraduate,5,Reading,60.08,185,144.54,4,90,87,95,90.6,High
AUD_2988,1349,21,Male,Zhejiang,High School,13,Reading,77.35,165,108.96,7,95,57,93,83.0,High
AUD_2989,1458,44,Male,Hubei,Undergraduate,12,Spontaneous,73.66,92,163.64,4,84,98,53,78.9,High
AUD_2990,1262,35,Male,Guangdong,High School,3,Spontaneous,30.58,195,168.7,10,93,99,71,88.2,High
AUD_2991,1350,21,Female,Jiangsu,Undergraduate,3,Spontaneous,84.03,88,108.94,13,98,92,94,95.0,High
AUD_2992,1107,34,Male,Henan,Postgraduate,14,Reading,73.91,80,96.84,2,66,82,77,74.1,Medium
AUD_2993,1585,19,Male,Hubei,Undergraduate,12,Reading,20.37,191,144.32,8,83,88,59,77.3,High
AUD_2994,1038,41,Female,Shanghai,Postgraduate,3,Spontaneous,71.62,113,133.19,11,78,89,51,73.2,Medium
AUD_2995,1908,39,Female,Hubei,Undergraduate,4,Reading,71.62,152,128.48,9,55,80,98,75.4,High
AUD_2996,1158,19,Male,Beijing,High School,4,Reading,54.78,146,158.49,10,50,52,80,59.6,Low
AUD_2997,1582,29,Male,Beijing,High School,9,Spontaneous,23.22,93,177.27,9,76,68,91,78.1,High
AUD_2998,1958,23,Male,Jiangsu,Postgraduate,11,Reading,60.59,146,132.99,6,61,97,72,75.1,High
AUD_2999,1311,27,Male,Guangdong,High School,10,Reading,73.6,51,90.55,2,53,57,65,57.8,Low
AUD_3000,1240,42,Female,Zhejiang,Postgraduate,6,Reading,38.96,85,143.66,2,65,79,58,67.1,Medium
AUD_3001,1937,40,Male,Shanghai,Postgraduate,4,Spontaneous,66.69,104,148.86,9,60,80,92,75.6,High
AUD_3002,1444,42,Male,Jiangsu,Postgraduate,5,Reading,44.77,163,164.52,8,69,78,55,67.5,Medium
AUD_3003,1297,38,Female,Henan,Undergraduate,12,Spontaneous,60.17,136,107.95,6,75,55,74,68.7,Medium
AUD_3004,1951,40,Male,Shanghai,Postgraduate,7,Reading,46.92,118,137.19,11,77,51,53,62.0,Medium
AUD_3005,1035,44,Male,Beijing,High School,11,Reading,41.26,160,130.24,4,91,72,97,87.1,High
AUD_3006,1083,33,Female,Sichuan,Undergraduate,10,Reading,79.91,129,149.8,10,57,93,61,69.0,Medium
AUD_3007,1451,31,Female,Sichuan,High School,14,Reading,72.77,89,95.75,5,51,79,73,66.0,Medium
AUD_3008,1885,24,Male,Zhejiang,Postgraduate,5,Reading,44.18,73,169.56,7,89,87,76,84.5,High
AUD_3009,1774,36,Female,Shanghai,Postgraduate,11,Spontaneous,50.42,166,136.0,12,75,95,97,87.6,High
AUD_3010,1821,40,Female,Jiangsu,High School,12,Reading,68.42,153,168.93,5,76,88,52,72.39999999999999,Medium
AUD_3011,1384,34,Male,Zhejiang,Undergraduate,5,Reading,76.78,111,120.62,10,82,58,61,68.5,Medium
AUD_3012,1171,26,Female,Hubei,High School,12,Reading,67.9,56,148.82,5,56,56,96,68.0,Medium
AUD_3013,1375,43,Male,Hubei,Postgraduate,14,Reading,57.87,87,176.11,9,95,96,79,90.5,High
AUD_3014,1684,30,Male,Henan,Undergraduate,10,Spontaneous,86.81,168,174.9,12,85,93,61,80.2,High
AUD_3015,1361,39,Male,Guangdong,Postgraduate,3,Reading,74.19,135,174.97,13,70,98,90,84.4,High
AUD_3016,1558,22,Male,Sichuan,Postgraduate,6,Reading,28.09,135,93.87,13,98,64,91,85.7,High
AUD_3017,1890,40,Female,Jiangsu,High School,6,Reading,59.07,140,126.27,4,83,64,89,79.10000000000001,High
AUD_3018,1140,22,Male,Shanghai,Postgraduate,8,Reading,48.67,170,95.47,9,72,70,94,78.0,High
AUD_3019,1886,27,Male,Zhejiang,High School,14,Spontaneous,75.65,146,117.85,12,83,63,71,73.4,Medium
AUD_3020,1917,38,Male,Jiangsu,Undergraduate,14,Spontaneous,23.13,152,105.71,4,89,60,64,72.8,Medium
AUD_3021,1117,44,Male,Zhejiang,Postgraduate,4,Reading,48.75,50,145.81,12,56,60,77,63.5,Medium
AUD_3022,1276,27,Female,Zhejiang,Postgraduate,9,Reading,42.28,94,160.27,6,75,69,66,70.5,Medium
AUD_3023,1725,44,Female,Zhejiang,Undergraduate,7,Reading,29.88,113,136.2,2,89,62,93,82.1,High
AUD_3024,1219,24,Female,Shanghai,High School,12,Reading,46.52,184,161.59,7,98,94,97,96.5,High
AUD_3025,1904,43,Male,Jiangsu,Postgraduate,8,Reading,67.1,119,91.15,12,66,79,74,72.3,Medium
AUD_3026,1025,32,Female,Beijing,Undergraduate,13,Spontaneous,45.32,124,163.84,3,80,89,92,86.3,High
AUD_3027,1520,24,Female,Beijing,Postgraduate,8,Spontaneous,60.6,122,106.05,13,88,88,94,89.8,High
AUD_3028,1782,44,Male,Shanghai,High School,14,Reading,61.5,199,131.48,4,74,69,52,65.89999999999999,Medium
AUD_3029,1009,32,Female,Hubei,High School,13,Reading,61.1,122,129.83,12,86,94,85,88.1,High
AUD_3030,1983,20,Male,Shanghai,High School,8,Reading,57.07,104,168.58,2,64,92,80,77.2,High
AUD_3031,1377,36,Female,Sichuan,High School,12,Spontaneous,28.19,95,176.94,12,51,87,64,65.7,Medium
AUD_3032,1632,27,Female,Zhejiang,Undergraduate,14,Reading,35.29,146,112.96,7,60,57,95,69.6,Medium
AUD_3033,1636,32,Female,Jiangsu,Postgraduate,10,Reading,76.0,186,96.07,6,81,86,77,81.3,High
AUD_3034,1681,20,Female,Jiangsu,Undergraduate,12,Spontaneous,55.17,64,148.55,11,79,91,92,86.5,High
AUD_3035,1583,23,Male,Guangdong,High School,6,Spontaneous,69.43,196,135.26,3,66,82,80,75.0,High
AUD_3036,1151,29,Male,Guangdong,High School,12,Reading,59.89,193,140.91,12,73,75,94,79.9,High
AUD_3037,1719,32,Female,Henan,High School,10,Reading,22.71,74,94.16,9,94,93,69,86.2,High
AUD_3038,1048,23,Male,Beijing,High School,11,Reading,75.73,148,159.78,10,53,88,99,77.3,High
AUD_3039,1153,30,Female,Guangdong,Postgraduate,6,Reading,24.5,126,110.91,4,99,57,94,84.9,High
AUD_3040,1858,36,Female,Guangdong,High School,3,Spontaneous,86.02,56,120.14,13,95,67,70,79.1,High
AUD_3041,1292,20,Female,Beijing,Postgraduate,5,Spontaneous,35.08,83,110.55,7,81,88,76,81.6,High
AUD_3042,1579,25,Female,Sichuan,High School,3,Reading,55.87,107,175.14,7,68,63,68,66.5,Medium
AUD_3043,1049,25,Female,Hubei,Postgraduate,9,Spontaneous,24.45,127,105.18,11,52,67,85,66.4,Medium
AUD_3044,1663,40,Female,Beijing,Postgraduate,14,Reading,82.65,72,155.91,7,53,70,61,60.5,Medium
AUD_3045,1530,43,Male,Hubei,High School,3,Spontaneous,88.6,194,112.12,9,74,72,84,76.4,High
AUD_3046,1611,37,Male,Henan,Undergraduate,13,Reading,30.24,190,128.24,13,58,53,97,68.2,Medium
AUD_3047,1059,32,Female,Guangdong,Undergraduate,6,Reading,40.71,171,179.65,6,70,59,82,70.3,Medium
AUD_3048,1166,21,Male,Jiangsu,Undergraduate,3,Spontaneous,21.11,76,99.05,11,72,92,85,81.9,High
AUD_3049,1201,36,Female,Guangdong,Undergraduate,4,Spontaneous,75.09,115,169.32,11,95,60,90,83.0,High
AUD_3050,1856,38,Male,Zhejiang,Undergraduate,13,Spontaneous,41.8,150,175.14,14,78,69,72,73.5,Medium
AUD_3051,1145,20,Male,Henan,High School,3,Spontaneous,61.22,181,152.84,9,79,68,62,70.6,Medium
AUD_3052,1914,30,Male,Hubei,High School,7,Spontaneous,22.75,143,90.9,13,74,50,79,68.3,Medium
AUD_3053,1675,25,Female,Hubei,High School,9,Reading,70.08,116,163.87,4,98,80,59,80.9,High
AUD_3054,1969,40,Male,Zhejiang,High School,5,Reading,57.06,191,169.4,8,78,51,90,73.5,Medium
AUD_3055,1992,33,Female,Zhejiang,High School,10,Spontaneous,70.75,60,178.28,2,83,90,69,80.9,High
AUD_3056,1438,30,Female,Sichuan,High School,7,Reading,75.27,89,165.54,5,63,98,55,71.1,Medium
AUD_3057,1241,20,Female,Shanghai,Postgraduate,7,Reading,26.25,180,130.1,6,71,54,80,68.6,Medium
AUD_3058,1580,33,Male,Zhejiang,Postgraduate,7,Reading,60.47,50,151.98,8,97,83,68,84.1,High
AUD_3059,1686,26,Male,Hubei,High School,10,Reading,65.5,58,133.66,7,65,53,52,57.5,Low
AUD_3060,1560,31,Male,Jiangsu,High School,4,Spontaneous,56.17,161,121.77,14,60,76,59,64.5,Medium
AUD_3061,1482,30,Female,Hubei,Postgraduate,4,Reading,32.77,122,146.38,7,63,88,59,69.3,Medium
AUD_3062,1107,38,Female,Hubei,Postgraduate,14,Reading,75.69,173,159.28,14,56,98,70,72.8,Medium
AUD_3063,1225,42,Male,Sichuan,High School,10,Reading,89.82,125,147.23,3,54,52,51,52.5,Low
AUD_3064,1672,24,Female,Shanghai,Postgraduate,11,Reading,87.85,178,164.39,12,89,75,94,86.3,High
AUD_3065,1630,32,Male,Shanghai,Undergraduate,13,Spontaneous,74.43,193,105.87,3,78,90,88,84.6,High
AUD_3066,1660,24,Male,Zhejiang,Undergraduate,14,Reading,49.27,143,123.63,3,66,50,94,69.60000000000001,Medium
AUD_3067,1976,23,Male,Henan,Undergraduate,12,Reading,43.61,121,118.13,11,79,65,79,74.8,Medium
AUD_3068,1661,19,Male,Guangdong,Postgraduate,12,Reading,24.8,95,107.47,14,74,84,95,83.3,High
AUD_3069,1431,26,Female,Hubei,High School,4,Spontaneous,49.14,187,129.89,13,63,68,77,68.7,Medium
AUD_3070,1804,39,Male,Beijing,High School,6,Spontaneous,30.92,151,175.31,9,91,65,67,76.0,High
AUD_3071,1654,41,Male,Guangdong,High School,10,Reading,37.8,90,138.42,8,71,82,63,71.9,Medium
AUD_3072,1418,34,Male,Guangdong,Postgraduate,4,Reading,82.43,71,115.78,2,93,80,94,89.4,High
AUD_3073,1987,22,Male,Shanghai,Postgraduate,6,Spontaneous,87.8,193,121.87,10,54,71,68,63.300000000000004,Medium
AUD_3074,1454,29,Male,Shanghai,Undergraduate,12,Reading,86.4,132,145.18,12,89,93,89,90.2,High
AUD_3075,1159,18,Male,Sichuan,Postgraduate,3,Spontaneous,33.53,124,121.75,12,77,69,85,77.0,High
AUD_3076,1522,27,Male,Sichuan,Undergraduate,4,Reading,83.06,63,138.45,9,61,55,90,67.9,Medium
AUD_3077,1649,28,Female,Shanghai,Undergraduate,9,Reading,29.91,197,114.67,14,85,84,61,77.5,High
AUD_3078,1968,33,Female,Jiangsu,High School,3,Spontaneous,55.54,182,121.13,10,62,88,69,71.9,Medium
AUD_3079,1589,31,Female,Jiangsu,Postgraduate,14,Reading,65.06,60,153.52,5,70,52,83,68.5,Medium
AUD_3080,1076,25,Female,Beijing,High School,3,Reading,52.37,96,142.62,6,81,81,85,82.2,High
AUD_3081,1508,41,Male,Shanghai,High School,4,Reading,86.63,59,98.41,12,98,62,70,78.8,High
AUD_3082,1440,34,Female,Zhejiang,Postgraduate,6,Spontaneous,43.32,110,177.59,6,70,97,68,77.5,High
AUD_3083,1253,42,Female,Sichuan,Postgraduate,9,Spontaneous,56.92,160,94.44,12,86,63,90,80.3,High
AUD_3084,1920,35,Female,Shanghai,Undergraduate,6,Reading,25.28,94,97.46,10,87,90,90,88.80000000000001,High
AUD_3085,1769,29,Male,Jiangsu,Undergraduate,7,Reading,79.66,96,153.12,9,58,57,92,67.89999999999999,Medium
AUD_3086,1319,42,Female,Shanghai,Undergraduate,6,Reading,48.94,167,153.72,14,86,96,91,90.5,High
AUD_3087,1802,34,Female,Jiangsu,Undergraduate,6,Reading,69.04,190,91.7,11,51,68,84,66.0,Medium
AUD_3088,1262,43,Male,Shanghai,High School,11,Spontaneous,67.76,72,147.85,7,52,94,57,66.1,Medium
AUD_3089,1596,31,Female,Hubei,High School,8,Spontaneous,67.34,85,92.99,12,92,63,71,77.0,High
AUD_3090,1657,33,Male,Zhejiang,Postgraduate,14,Spontaneous,55.49,125,176.47,11,59,60,92,69.2,Medium
AUD_3091,1834,31,Female,Henan,Undergraduate,5,Reading,39.43,158,152.65,12,84,99,87,89.39999999999999,High
AUD_3092,1553,26,Male,Beijing,Undergraduate,8,Reading,63.76,133,106.79,11,58,84,67,68.5,Medium
AUD_3093,1373,21,Female,Hubei,Undergraduate,9,Spontaneous,87.33,129,104.23,2,89,85,57,78.2,High
AUD_3094,1636,42,Female,Zhejiang,High School,9,Reading,78.38,63,141.27,8,97,52,51,69.7,Medium
AUD_3095,1166,40,Female,Jiangsu,Postgraduate,10,Reading,27.61,115,147.02,10,81,74,69,75.3,High
AUD_3096,1936,28,Male,Sichuan,High School,6,Spontaneous,21.62,65,164.81,13,70,62,54,62.8,Medium
AUD_3097,1752,23,Female,Sichuan,Postgraduate,3,Reading,54.93,92,171.3,5,83,65,91,80.0,High
AUD_3098,1458,32,Male,Guangdong,Postgraduate,8,Spontaneous,74.31,151,125.33,5,74,77,79,76.4,High
AUD_3099,1998,22,Male,Zhejiang,High School,10,Reading,41.97,162,165.97,6,91,94,67,84.69999999999999,High
AUD_3100,1279,28,Male,Shanghai,High School,7,Reading,69.09,58,138.81,9,81,76,93,83.1,High
AUD_3101,1699,42,Male,Beijing,Postgraduate,5,Reading,85.23,198,132.35,12,95,59,72,77.3,High
AUD_3102,1301,35,Female,Shanghai,High School,6,Reading,52.13,131,152.91,6,86,67,51,69.8,Medium
AUD_3103,1530,30,Female,Shanghai,High School,10,Reading,37.09,159,99.29,5,71,57,91,72.8,Medium
AUD_3104,1579,28,Female,Zhejiang,Postgraduate,8,Spontaneous,84.24,147,113.88,9,74,56,93,74.30000000000001,Medium
AUD_3105,1217,31,Male,Henan,Postgraduate,7,Spontaneous,53.06,133,163.51,12,50,98,86,75.2,High
AUD_3106,1101,35,Female,Beijing,Undergraduate,11,Reading,48.55,92,135.37,6,94,71,91,86.2,High
AUD_3107,1553,44,Male,Guangdong,High School,12,Reading,44.74,115,171.72,9,85,87,81,84.39999999999999,High
AUD_3108,1287,42,Male,Hubei,Postgraduate,5,Spontaneous,49.61,181,97.98,2,70,96,50,71.8,Medium
AUD_3109,1166,36,Male,Shanghai,High School,9,Spontaneous,67.16,172,118.21,4,90,58,88,79.8,High
AUD_3110,1620,41,Female,Beijing,High School,11,Reading,50.36,158,122.0,8,65,91,50,68.3,Medium
AUD_3111,1035,44,Female,Guangdong,Postgraduate,13,Spontaneous,42.7,151,128.04,13,81,89,98,88.5,High
AUD_3112,1743,32,Male,Hubei,Undergraduate,13,Spontaneous,72.05,184,178.81,2,70,88,93,82.3,High
AUD_3113,1740,26,Female,Shanghai,Postgraduate,14,Spontaneous,34.21,135,117.96,12,77,78,80,78.2,High
AUD_3114,1352,25,Female,Beijing,Postgraduate,6,Reading,34.14,133,136.68,6,68,86,88,79.4,High
AUD_3115,1675,37,Male,Hubei,High School,12,Spontaneous,68.75,53,138.25,7,63,99,57,72.0,Medium
AUD_3116,1898,18,Male,Zhejiang,Undergraduate,12,Spontaneous,80.67,173,159.37,13,72,97,52,73.5,Medium
AUD_3117,1072,21,Female,Henan,Postgraduate,5,Spontaneous,36.88,69,136.61,14,73,96,96,86.8,High
AUD_3118,1647,31,Male,Sichuan,High School,3,Spontaneous,33.38,84,144.52,2,69,91,61,73.2,Medium
AUD_3119,1352,42,Male,Sichuan,Postgraduate,11,Reading,66.92,146,157.8,8,81,78,98,85.19999999999999,High
AUD_3120,1890,19,Female,Shanghai,High School,3,Spontaneous,63.46,63,99.1,10,89,77,83,83.6,High
AUD_3121,1069,33,Female,Shanghai,Postgraduate,4,Spontaneous,51.31,199,176.71,10,59,70,98,74.0,Medium
AUD_3122,1424,20,Male,Hubei,Undergraduate,11,Spontaneous,26.71,97,166.17,4,50,82,74,66.8,Medium
AUD_3123,1998,43,Female,Beijing,Postgraduate,7,Reading,26.42,78,124.99,5,80,75,85,80.0,High
AUD_3124,1707,25,Male,Sichuan,High School,6,Reading,74.41,85,155.56,2,86,87,56,77.3,High
AUD_3125,1780,23,Male,Shanghai,Postgraduate,11,Reading,51.62,91,158.61,14,64,64,64,64.0,Medium
AUD_3126,1560,33,Female,Guangdong,Undergraduate,11,Spontaneous,80.06,78,166.52,5,89,51,70,71.9,Medium
AUD_3127,1827,41,Male,Shanghai,Undergraduate,4,Spontaneous,60.23,184,106.95,6,80,61,74,72.5,Medium
AUD_3128,1641,33,Male,Sichuan,Undergraduate,5,Spontaneous,63.31,190,153.33,8,77,82,97,84.5,High
AUD_3129,1955,24,Male,Jiangsu,Undergraduate,14,Reading,85.39,190,93.0,6,59,64,87,68.89999999999999,Medium
AUD_3130,1516,30,Female,Henan,High School,5,Spontaneous,31.52,191,100.4,9,55,94,86,76.0,High
AUD_3131,1427,30,Female,Sichuan,Postgraduate,7,Spontaneous,58.01,183,159.85,8,64,50,65,60.1,Medium
AUD_3132,1538,22,Female,Guangdong,Undergraduate,5,Reading,24.07,193,163.17,2,96,82,50,78.0,High
AUD_3133,1159,42,Male,Beijing,Postgraduate,12,Spontaneous,45.12,90,143.32,13,76,53,96,75.1,High
AUD_3134,1148,37,Male,Guangdong,High School,8,Spontaneous,30.37,161,142.35,3,59,77,86,72.5,Medium
AUD_3135,1775,39,Female,Jiangsu,Postgraduate,4,Reading,33.15,134,157.46,8,70,63,94,75.1,High
AUD_3136,1229,35,Female,Jiangsu,Postgraduate,8,Reading,85.44,157,171.55,4,68,98,63,75.5,High
AUD_3137,1711,32,Female,Shanghai,Undergraduate,8,Reading,62.75,193,127.9,3,53,94,83,74.30000000000001,Medium
AUD_3138,1561,35,Male,Shanghai,Undergraduate,4,Reading,82.45,54,100.33,12,71,61,51,62.0,Medium
AUD_3139,1066,19,Female,Sichuan,High School,8,Reading,51.05,59,165.51,13,87,55,80,75.30000000000001,High
AUD_3140,1811,27,Male,Zhejiang,Postgraduate,8,Spontaneous,61.84,84,120.75,10,64,69,68,66.69999999999999,Medium
AUD_3141,1380,40,Female,Henan,High School,8,Reading,22.25,80,102.04,13,55,97,68,71.5,Medium
AUD_3142,1057,30,Male,Guangdong,High School,14,Spontaneous,52.87,169,145.32,11,99,70,93,88.5,High
AUD_3143,1258,35,Male,Sichuan,High School,7,Spontaneous,59.48,128,142.03,14,60,65,72,65.1,Medium
AUD_3144,1341,32,Female,Zhejiang,Undergraduate,9,Reading,21.17,188,132.68,9,93,61,79,79.2,High
AUD_3145,1837,29,Male,Sichuan,Undergraduate,14,Reading,75.26,58,167.38,9,79,69,66,72.1,Medium
AUD_3146,1129,32,Female,Henan,Postgraduate,7,Spontaneous,40.68,93,114.5,4,89,94,51,79.1,High
AUD_3147,1726,30,Male,Henan,Postgraduate,13,Spontaneous,51.67,165,91.19,12,73,82,60,71.8,Medium
AUD_3148,1171,35,Male,Jiangsu,Postgraduate,3,Spontaneous,57.49,193,119.11,11,71,99,98,87.5,High
AUD_3149,1769,32,Female,Shanghai,Undergraduate,14,Reading,89.45,169,90.87,10,79,51,63,65.8,Medium
AUD_3150,1613,42,Male,Shanghai,Undergraduate,11,Spontaneous,26.94,102,138.92,9,95,83,90,89.9,High
AUD_3151,1208,40,Female,Henan,High School,5,Reading,58.87,114,124.04,13,53,75,78,67.1,Medium
AUD_3152,1802,28,Female,Sichuan,Undergraduate,4,Spontaneous,57.14,119,163.25,3,99,82,68,84.6,High
AUD_3153,1353,36,Female,Henan,High School,12,Spontaneous,24.82,95,161.78,8,55,91,77,72.39999999999999,Medium
AUD_3154,1470,20,Male,Shanghai,High School,8,Spontaneous,64.38,170,129.12,9,87,79,50,73.5,Medium
AUD_3155,1797,24,Male,Beijing,Undergraduate,10,Reading,40.08,170,109.48,13,75,50,54,61.2,Medium
AUD_3156,1115,38,Male,Sichuan,High School,4,Reading,27.26,82,128.02,8,68,95,83,80.6,High
AUD_3157,1263,43,Female,Jiangsu,High School,6,Spontaneous,32.5,130,147.72,10,51,57,63,56.4,Low
AUD_3158,1661,31,Female,Hubei,Postgraduate,4,Spontaneous,77.65,104,107.12,14,53,50,68,56.6,Low
AUD_3159,1811,31,Male,Sichuan,High School,14,Spontaneous,27.29,147,159.57,8,54,95,73,72.0,Medium
AUD_3160,1441,39,Male,Sichuan,Undergraduate,14,Reading,52.68,159,119.75,13,96,59,89,82.80000000000001,High
AUD_3161,1547,30,Female,Shanghai,Undergraduate,11,Reading,33.67,199,173.9,8,84,81,66,77.7,High
AUD_3162,1452,29,Male,Jiangsu,High School,12,Reading,31.36,174,136.07,2,78,89,51,73.2,Medium
AUD_3163,1844,41,Female,Sichuan,Postgraduate,4,Reading,34.4,140,166.24,3,65,51,80,65.3,Medium
AUD_3164,1476,26,Male,Shanghai,Undergraduate,12,Reading,54.49,87,145.43,6,94,80,66,81.4,High
AUD_3165,1286,18,Female,Henan,Undergraduate,4,Spontaneous,36.65,186,139.91,14,61,53,57,57.39999999999999,Low
AUD_3166,1302,36,Male,Guangdong,Postgraduate,7,Spontaneous,26.77,86,151.39,14,70,61,95,74.8,Medium
AUD_3167,1310,28,Male,Jiangsu,High School,14,Spontaneous,76.1,54,163.03,12,58,80,66,67.0,Medium
AUD_3168,1207,40,Female,Zhejiang,Undergraduate,7,Reading,57.79,131,148.01,2,60,90,87,77.1,High
AUD_3169,1617,39,Female,Beijing,High School,14,Spontaneous,30.98,199,161.75,13,57,72,75,66.9,Medium
AUD_3170,1445,40,Female,Zhejiang,High School,9,Reading,53.0,159,107.14,11,75,82,92,82.19999999999999,High
AUD_3171,1669,41,Male,Hubei,High School,3,Reading,24.79,189,114.98,8,81,57,89,76.2,High
AUD_3172,1632,39,Female,Henan,High School,14,Spontaneous,60.63,109,110.68,6,88,98,94,92.8,High
AUD_3173,1054,36,Female,Jiangsu,Undergraduate,4,Spontaneous,43.82,199,161.85,14,53,65,89,67.4,Medium
AUD_3174,1911,35,Male,Sichuan,Postgraduate,13,Reading,27.25,55,97.75,6,83,64,56,69.2,Medium
AUD_3175,1011,29,Female,Shanghai,Undergraduate,13,Reading,32.86,76,161.63,9,77,90,73,79.69999999999999,High
AUD_3176,1656,40,Female,Hubei,Postgraduate,8,Spontaneous,44.2,104,125.01,10,74,89,79,80.0,High
AUD_3177,1399,44,Female,Jiangsu,High School,4,Reading,76.45,192,97.16,11,93,75,75,82.2,High
AUD_3178,1907,18,Male,Beijing,Postgraduate,6,Reading,32.16,113,128.2,2,84,63,79,76.2,High
AUD_3179,1647,36,Male,Jiangsu,High School,12,Reading,27.68,66,117.05,11,68,61,84,70.7,Medium
AUD_3180,1979,44,Male,Hubei,Undergraduate,8,Spontaneous,56.12,52,143.28,5,84,76,51,71.7,Medium
AUD_3181,1514,37,Female,Shanghai,Undergraduate,14,Reading,59.11,59,132.53,12,88,96,93,91.9,High
AUD_3182,1655,34,Male,Zhejiang,Postgraduate,9,Reading,26.32,112,116.71,3,78,80,53,71.1,Medium
AUD_3183,1541,22,Female,Guangdong,High School,12,Reading,39.91,138,167.6,10,63,53,54,57.3,Low
AUD_3184,1236,43,Female,Zhejiang,High School,7,Reading,38.39,134,126.61,10,70,79,97,80.8,High
AUD_3185,1278,20,Female,Shanghai,Postgraduate,10,Reading,33.04,153,132.36,2,85,53,51,65.2,Medium
AUD_3186,1347,19,Male,Hubei,High School,8,Reading,42.09,186,166.2,4,87,80,80,82.80000000000001,High
AUD_3187,1626,20,Male,Shanghai,High School,7,Reading,22.6,81,98.02,11,63,83,76,72.9,Medium
AUD_3188,1103,25,Female,Henan,High School,6,Spontaneous,65.61,52,125.09,9,89,53,73,73.4,Medium
AUD_3189,1629,33,Female,Beijing,Undergraduate,8,Spontaneous,89.19,158,126.26,3,99,69,94,88.5,High
AUD_3190,1516,23,Male,Jiangsu,Undergraduate,8,Spontaneous,64.38,189,134.62,3,64,67,53,61.6,Medium
AUD_3191,1979,30,Male,Henan,Undergraduate,8,Reading,45.28,142,99.55,3,99,96,77,91.5,High
AUD_3192,1871,40,Male,Jiangsu,High School,3,Spontaneous,66.75,152,99.24,14,79,57,54,64.9,Medium
AUD_3193,1247,39,Female,Zhejiang,Undergraduate,8,Spontaneous,60.01,146,127.48,6,96,91,76,88.5,High
AUD_3194,1363,39,Male,Hubei,High School,3,Reading,79.27,197,92.97,10,61,51,93,67.6,Medium
AUD_3195,1320,33,Male,Guangdong,High School,7,Spontaneous,63.53,117,112.95,8,99,58,96,85.8,High
AUD_3196,1632,33,Male,Guangdong,Postgraduate,9,Reading,64.39,194,108.11,14,54,65,54,57.3,Low
AUD_3197,1285,20,Female,Beijing,High School,3,Reading,35.52,196,134.04,8,76,71,54,67.9,Medium
AUD_3198,1148,30,Male,Shanghai,Undergraduate,3,Reading,49.09,181,91.0,3,64,61,97,73.0,Medium
AUD_3199,1083,31,Female,Beijing,Undergraduate,8,Spontaneous,44.11,142,150.82,3,75,54,58,63.6,Medium
AUD_3200,1965,25,Female,Jiangsu,High School,9,Reading,20.8,66,167.0,6,58,88,96,78.4,High
AUD_3201,1405,29,Female,Sichuan,Undergraduate,8,Spontaneous,41.93,71,153.61,13,89,64,76,77.6,High
AUD_3202,1977,40,Male,Sichuan,High School,7,Reading,54.02,60,163.63,8,89,94,53,79.69999999999999,High
AUD_3203,1455,40,Male,Sichuan,Postgraduate,8,Reading,61.99,78,147.9,8,84,57,98,80.1,High
AUD_3204,1742,39,Male,Shanghai,High School,5,Spontaneous,85.42,69,135.66,10,62,73,73,68.6,Medium
AUD_3205,1799,38,Female,Beijing,High School,11,Reading,36.74,54,109.71,4,94,68,76,80.8,High
AUD_3206,1160,43,Male,Henan,Postgraduate,7,Spontaneous,30.67,83,115.17,2,93,86,50,78.0,High
AUD_3207,1783,25,Female,Hubei,Undergraduate,4,Reading,80.86,189,118.59,10,96,67,81,82.8,High
AUD_3208,1459,38,Male,Zhejiang,Postgraduate,14,Reading,85.93,77,93.42,2,95,70,65,78.5,High
AUD_3209,1549,42,Male,Jiangsu,Postgraduate,12,Reading,54.16,147,172.18,9,82,98,72,83.8,High
AUD_3210,1499,26,Male,Sichuan,High School,12,Reading,28.07,55,171.03,6,83,88,77,82.7,High
AUD_3211,1737,18,Male,Hubei,High School,9,Reading,53.98,68,99.7,9,53,63,69,60.8,Medium
AUD_3212,1508,23,Female,Guangdong,Postgraduate,5,Reading,27.66,61,140.1,8,62,64,66,63.8,Medium
AUD_3213,1653,40,Female,Henan,Undergraduate,3,Reading,81.82,74,132.09,10,59,98,85,78.5,High
AUD_3214,1803,36,Female,Beijing,Postgraduate,5,Reading,69.57,62,151.51,3,94,52,94,81.4,High
AUD_3215,1480,40,Female,Jiangsu,Undergraduate,11,Spontaneous,36.88,125,144.27,10,50,94,57,65.3,Medium
AUD_3216,1662,28,Male,Jiangsu,Postgraduate,7,Spontaneous,82.07,52,101.19,11,60,60,67,62.099999999999994,Medium
AUD_3217,1113,28,Female,Guangdong,Postgraduate,9,Spontaneous,64.65,73,149.41,6,99,52,62,73.8,Medium
AUD_3218,1748,40,Female,Henan,Undergraduate,5,Reading,86.73,57,144.8,6,58,79,58,64.30000000000001,Medium
AUD_3219,1577,30,Female,Guangdong,Postgraduate,6,Spontaneous,88.63,161,137.81,2,87,55,86,77.10000000000001,High
AUD_3220,1360,28,Male,Guangdong,High School,3,Spontaneous,20.23,169,126.22,7,72,55,79,69.0,Medium
AUD_3221,1340,35,Female,Sichuan,Postgraduate,5,Reading,28.41,172,175.94,11,62,80,92,76.39999999999999,High
AUD_3222,1769,40,Female,Henan,High School,9,Spontaneous,58.28,139,166.45,11,54,71,77,66.0,Medium
AUD_3223,1986,32,Male,Sichuan,Undergraduate,6,Reading,86.91,94,142.66,11,74,70,95,79.1,High
AUD_3224,1760,18,Male,Beijing,Undergraduate,4,Spontaneous,89.6,50,90.57,11,59,87,99,79.4,High
AUD_3225,1968,38,Female,Guangdong,High School,7,Spontaneous,59.72,52,128.89,4,54,87,67,67.8,Medium
AUD_3226,1448,42,Female,Zhejiang,Postgraduate,7,Spontaneous,32.17,114,153.03,14,71,55,69,65.60000000000001,Medium
AUD_3227,1842,24,Male,Jiangsu,High School,4,Spontaneous,31.41,64,100.56,11,91,78,97,88.89999999999999,High
AUD_3228,1834,40,Female,Henan,High School,13,Spontaneous,73.47,99,126.59,4,74,95,85,83.6,High
AUD_3229,1179,44,Male,Guangdong,Undergraduate,8,Reading,61.44,197,107.26,4,86,60,68,72.8,Medium
AUD_3230,1701,30,Female,Henan,High School,12,Spontaneous,58.41,180,120.43,14,69,97,54,72.9,Medium
AUD_3231,1406,29,Female,Jiangsu,Postgraduate,6,Reading,52.6,192,92.4,5,77,71,83,77.0,High
AUD_3232,1665,35,Female,Shanghai,High School,3,Spontaneous,70.76,173,101.41,10,70,88,66,74.2,Medium
AUD_3233,1195,41,Female,Hubei,Undergraduate,5,Reading,80.06,86,130.93,14,60,55,77,63.599999999999994,Medium
AUD_3234,1465,36,Female,Shanghai,Postgraduate,11,Spontaneous,41.21,198,170.84,9,78,79,85,80.4,High
AUD_3235,1310,32,Male,Guangdong,Undergraduate,12,Spontaneous,35.46,155,134.15,13,54,92,87,75.3,High
AUD_3236,1261,25,Male,Jiangsu,High School,9,Spontaneous,66.91,152,130.78,7,86,74,79,80.3,High
AUD_3237,1418,36,Female,Hubei,High School,8,Spontaneous,84.03,170,160.88,9,98,85,67,84.8,High
AUD_3238,1405,27,Female,Shanghai,Undergraduate,3,Spontaneous,44.37,148,114.1,9,54,50,55,53.1,Low
AUD_3239,1938,24,Female,Guangdong,Undergraduate,11,Reading,39.07,195,98.56,2,82,71,75,76.60000000000001,High
AUD_3240,1142,35,Male,Jiangsu,Postgraduate,11,Spontaneous,35.83,66,108.86,10,94,58,64,74.2,Medium
AUD_3241,1341,33,Male,Guangdong,Undergraduate,3,Spontaneous,37.81,97,161.22,2,85,94,50,77.2,High
AUD_3242,1315,37,Male,Sichuan,Undergraduate,8,Reading,29.45,75,150.93,12,57,57,66,59.7,Low
AUD_3243,1100,44,Male,Jiangsu,High School,9,Spontaneous,61.77,71,98.24,3,55,83,80,70.9,Medium
AUD_3244,1243,23,Male,Shanghai,High School,4,Spontaneous,39.66,174,150.04,10,64,65,51,60.4,Medium
AUD_3245,1489,44,Male,Guangdong,Undergraduate,12,Spontaneous,63.05,113,173.84,8,64,68,85,71.5,Medium
AUD_3246,1011,26,Male,Henan,Undergraduate,10,Spontaneous,25.81,131,94.05,11,97,57,84,81.10000000000001,High
AUD_3247,1238,38,Male,Shanghai,High School,10,Spontaneous,28.08,117,145.48,2,58,61,76,64.3,Medium
AUD_3248,1560,30,Female,Guangdong,Postgraduate,8,Reading,57.53,194,124.12,4,54,92,52,64.8,Medium
AUD_3249,1041,42,Male,Henan,Postgraduate,11,Spontaneous,55.81,188,135.09,2,75,90,95,85.5,High
AUD_3250,1677,38,Male,Henan,Postgraduate,5,Reading,39.01,54,137.54,6,72,80,69,73.5,Medium
AUD_3251,1593,43,Male,Beijing,Postgraduate,4,Spontaneous,77.9,170,159.39,5,65,91,57,70.39999999999999,Medium
AUD_3252,1428,25,Male,Henan,High School,4,Spontaneous,33.09,106,140.13,9,88,82,78,83.19999999999999,High
AUD_3253,1802,33,Female,Shanghai,Undergraduate,8,Reading,45.25,123,143.38,10,84,68,57,71.1,Medium
AUD_3254,1157,30,Male,Shanghai,Postgraduate,9,Spontaneous,58.89,134,119.96,13,59,76,90,73.4,Medium
AUD_3255,1215,30,Female,Zhejiang,High School,8,Spontaneous,80.7,169,101.34,5,76,73,99,82.0,High
AUD_3256,1669,34,Female,Hubei,Undergraduate,13,Reading,49.3,63,151.45,4,65,98,76,78.2,High
AUD_3257,1461,40,Female,Sichuan,Postgraduate,5,Spontaneous,47.9,121,90.04,5,70,77,75,73.6,Medium
AUD_3258,1133,37,Male,Shanghai,Undergraduate,7,Spontaneous,60.57,178,119.58,4,61,53,88,66.69999999999999,Medium
AUD_3259,1066,22,Male,Jiangsu,Postgraduate,10,Reading,42.17,193,109.62,7,58,61,59,59.2,Low
AUD_3260,1847,39,Male,Hubei,Undergraduate,8,Reading,69.64,75,124.97,2,65,72,79,71.3,Medium
AUD_3261,1006,38,Female,Henan,Postgraduate,4,Spontaneous,37.41,98,118.01,3,58,69,82,68.5,Medium
AUD_3262,1947,34,Female,Guangdong,Postgraduate,9,Spontaneous,77.62,152,153.38,9,78,89,85,83.4,High
AUD_3263,1525,26,Female,Beijing,Undergraduate,10,Spontaneous,39.06,115,113.42,4,72,77,69,72.6,Medium
AUD_3264,1072,19,Female,Jiangsu,Undergraduate,6,Reading,89.49,102,140.47,5,88,97,53,80.19999999999999,High
AUD_3265,1398,42,Male,Hubei,Undergraduate,14,Reading,42.15,58,131.02,13,92,50,72,73.4,Medium
AUD_3266,1404,43,Male,Jiangsu,High School,3,Spontaneous,81.52,118,162.1,2,98,90,78,89.6,High
AUD_3267,1674,35,Male,Jiangsu,High School,4,Spontaneous,47.81,89,128.53,4,73,60,95,75.7,High
AUD_3268,1577,26,Female,Jiangsu,Undergraduate,6,Spontaneous,37.22,182,167.75,2,71,93,81,80.6,High
AUD_3269,1858,23,Female,Hubei,High School,9,Reading,35.83,105,90.01,12,80,80,86,81.8,High
AUD_3270,1129,28,Male,Beijing,Postgraduate,4,Reading,79.51,160,144.44,11,59,90,86,76.4,High
AUD_3271,1930,42,Male,Henan,Undergraduate,8,Reading,41.61,54,90.88,6,96,87,75,87.0,High
AUD_3272,1465,23,Female,Zhejiang,High School,4,Spontaneous,43.7,118,154.25,2,91,58,54,70.0,Medium
AUD_3273,1205,23,Male,Sichuan,Undergraduate,14,Spontaneous,33.79,101,111.14,13,76,55,73,68.80000000000001,Medium
AUD_3274,1787,30,Male,Henan,Postgraduate,9,Spontaneous,87.29,122,124.2,10,83,55,92,77.3,High
AUD_3275,1977,28,Female,Shanghai,Postgraduate,4,Reading,37.13,147,124.24,8,97,52,51,69.7,Medium
AUD_3276,1767,31,Female,Hubei,High School,5,Spontaneous,37.32,199,166.18,12,88,81,64,78.7,High
AUD_3277,1265,19,Female,Jiangsu,Postgraduate,11,Reading,86.07,64,99.19,9,73,84,95,82.9,High
AUD_3278,1536,25,Male,Henan,Undergraduate,6,Spontaneous,83.06,114,150.02,10,70,65,95,76.0,High
AUD_3279,1961,20,Female,Shanghai,High School,7,Reading,37.42,120,178.31,11,64,51,89,67.6,Medium
AUD_3280,1792,40,Male,Hubei,Undergraduate,11,Spontaneous,80.53,160,92.01,9,66,85,57,69.0,Medium
AUD_3281,1252,38,Male,Shanghai,Undergraduate,9,Spontaneous,37.49,55,176.93,4,94,90,86,90.39999999999999,High
AUD_3282,1821,20,Female,Jiangsu,Undergraduate,10,Reading,25.91,189,91.66,8,68,56,86,69.8,Medium
AUD_3283,1288,18,Male,Zhejiang,Postgraduate,13,Spontaneous,77.43,126,165.7,8,74,84,63,73.69999999999999,Medium
AUD_3284,1163,41,Female,Hubei,Undergraduate,5,Reading,74.01,164,176.51,8,89,79,54,75.5,High
AUD_3285,1094,36,Female,Shanghai,Postgraduate,13,Spontaneous,40.63,162,179.37,13,71,94,58,74.0,Medium
AUD_3286,1781,35,Male,Guangdong,Undergraduate,13,Spontaneous,26.31,126,131.32,9,90,95,71,85.8,High
AUD_3287,1832,34,Male,Shanghai,Postgraduate,6,Spontaneous,34.45,179,168.03,5,98,78,92,90.2,High
AUD_3288,1109,37,Female,Sichuan,Postgraduate,9,Reading,73.97,144,101.01,12,91,90,98,92.8,High
AUD_3289,1335,41,Female,Jiangsu,Postgraduate,6,Spontaneous,87.53,110,128.28,7,63,50,93,68.1,Medium
AUD_3290,1821,30,Female,Beijing,Undergraduate,4,Reading,38.13,188,117.72,3,77,93,93,86.6,High
AUD_3291,1237,20,Female,Shanghai,Undergraduate,12,Spontaneous,77.28,150,125.57,8,61,50,97,68.5,Medium
AUD_3292,1380,18,Female,Zhejiang,Postgraduate,8,Spontaneous,35.96,83,153.18,10,76,90,79,81.10000000000001,High
AUD_3293,1435,21,Female,Guangdong,Undergraduate,11,Reading,67.57,144,97.87,6,73,56,82,70.6,Medium
AUD_3294,1898,42,Male,Guangdong,Postgraduate,4,Spontaneous,25.85,152,179.83,5,71,52,99,73.7,Medium
AUD_3295,1482,30,Male,Beijing,Undergraduate,3,Spontaneous,60.97,57,147.16,3,88,85,87,86.8,High
AUD_3296,1936,34,Male,Henan,Postgraduate,10,Reading,38.84,185,168.62,8,90,88,86,88.2,High
AUD_3297,1901,28,Male,Sichuan,Postgraduate,3,Reading,84.81,147,164.67,3,99,80,99,93.3,High
AUD_3298,1024,19,Female,Beijing,High School,3,Spontaneous,40.28,192,158.94,3,88,74,94,85.60000000000001,High
AUD_3299,1652,42,Male,Sichuan,Undergraduate,5,Reading,47.89,54,93.53,10,85,96,87,88.89999999999999,High
AUD_3300,1116,33,Male,Shanghai,Undergraduate,7,Reading,78.85,196,136.48,3,72,73,56,67.5,Medium
AUD_3301,1481,19,Female,Jiangsu,High School,14,Spontaneous,50.68,186,119.53,11,57,50,52,53.4,Low
AUD_3302,1391,36,Male,Zhejiang,Postgraduate,11,Reading,36.69,150,100.16,4,77,87,92,84.5,High
AUD_3303,1916,40,Female,Guangdong,Postgraduate,13,Reading,58.33,196,120.87,4,99,80,89,90.3,High
AUD_3304,1993,36,Female,Beijing,High School,12,Spontaneous,78.8,95,148.03,3,78,86,81,81.3,High
AUD_3305,1963,42,Female,Zhejiang,High School,4,Reading,50.32,153,110.76,11,64,60,85,69.1,Medium
AUD_3306,1536,33,Female,Sichuan,Postgraduate,14,Reading,29.3,129,130.01,4,88,98,91,91.89999999999999,High
AUD_3307,1078,39,Female,Jiangsu,Undergraduate,14,Spontaneous,46.82,167,126.4,10,57,52,90,65.4,Medium
AUD_3308,1579,36,Male,Guangdong,High School,3,Spontaneous,86.81,54,94.72,12,77,61,94,77.3,High
AUD_3309,1172,26,Male,Guangdong,High School,3,Reading,25.04,104,146.53,12,82,69,68,73.9,Medium
AUD_3310,1955,18,Male,Sichuan,High School,10,Spontaneous,48.59,68,145.7,12,60,79,80,71.7,Medium
AUD_3311,1011,27,Female,Jiangsu,High School,12,Reading,65.36,194,176.98,4,91,59,79,77.8,High
AUD_3312,1799,36,Male,Guangdong,High School,12,Reading,25.5,137,116.82,6,86,88,96,89.6,High
AUD_3313,1127,18,Male,Jiangsu,High School,12,Reading,44.15,166,127.71,13,74,64,86,74.6,Medium
AUD_3314,1607,19,Male,Guangdong,Postgraduate,4,Reading,85.84,199,126.33,8,83,70,74,76.4,High
AUD_3315,1091,33,Male,Shanghai,Postgraduate,11,Spontaneous,22.14,88,172.78,2,71,67,62,67.1,Medium
AUD_3316,1652,29,Female,Sichuan,High School,11,Spontaneous,72.62,174,126.78,2,51,81,61,63.0,Medium
AUD_3317,1542,25,Male,Jiangsu,Postgraduate,4,Reading,78.9,76,129.85,11,65,68,58,63.8,Medium
AUD_3318,1845,40,Female,Zhejiang,Undergraduate,5,Spontaneous,39.39,125,112.71,14,60,79,89,74.4,Medium
AUD_3319,1531,35,Female,Henan,Undergraduate,4,Reading,35.03,176,90.11,3,63,82,58,67.19999999999999,Medium
AUD_3320,1657,19,Male,Shanghai,High School,8,Reading,84.04,171,99.94,2,81,71,94,81.9,High
AUD_3321,1988,42,Female,Hubei,Undergraduate,9,Spontaneous,73.48,195,153.35,2,71,94,76,79.4,High
AUD_3322,1827,30,Female,Zhejiang,Undergraduate,14,Spontaneous,27.94,136,151.42,11,54,78,90,72.0,Medium
AUD_3323,1446,23,Female,Sichuan,Postgraduate,8,Reading,34.85,199,119.03,5,85,73,80,79.9,High
AUD_3324,1389,38,Female,Guangdong,Postgraduate,5,Spontaneous,63.49,117,132.57,11,72,53,55,61.2,Medium
AUD_3325,1671,43,Female,Hubei,Postgraduate,14,Reading,49.36,60,116.76,13,68,99,78,80.30000000000001,High
AUD_3326,1860,23,Female,Zhejiang,Postgraduate,5,Spontaneous,55.29,131,155.78,13,78,61,79,73.2,Medium
AUD_3327,1042,26,Female,Shanghai,Undergraduate,14,Spontaneous,86.61,113,165.82,4,91,85,87,88.0,High
AUD_3328,1253,33,Male,Hubei,High School,4,Reading,49.42,168,170.92,2,72,53,60,62.7,Medium
AUD_3329,1129,28,Male,Hubei,Postgraduate,4,Spontaneous,81.72,134,105.65,4,58,54,91,66.7,Medium
AUD_3330,1059,24,Female,Jiangsu,Undergraduate,13,Spontaneous,66.25,106,152.55,2,67,68,95,75.7,High
AUD_3331,1662,27,Female,Beijing,Postgraduate,14,Reading,28.51,86,176.67,4,80,90,55,75.5,High
AUD_3332,1466,27,Male,Zhejiang,Undergraduate,7,Reading,72.12,170,148.56,5,86,88,88,87.19999999999999,High
AUD_3333,1286,42,Male,Beijing,Postgraduate,13,Reading,56.41,79,121.59,12,66,80,90,77.4,High
AUD_3334,1516,37,Male,Sichuan,High School,13,Reading,35.76,194,147.24,14,67,56,80,67.6,Medium
AUD_3335,1466,35,Male,Zhejiang,Postgraduate,10,Reading,40.27,193,151.96,12,76,61,84,73.9,Medium
AUD_3336,1929,41,Female,Zhejiang,High School,8,Reading,59.01,192,125.73,9,70,59,61,64.0,Medium
AUD_3337,1777,37,Female,Jiangsu,Postgraduate,11,Spontaneous,62.12,190,99.36,4,50,78,97,72.5,Medium
AUD_3338,1344,26,Male,Guangdong,Postgraduate,13,Reading,87.77,52,144.6,4,81,70,94,81.6,High
AUD_3339,1641,32,Male,Shanghai,Postgraduate,7,Reading,79.83,73,162.19,14,63,62,55,60.3,Medium
AUD_3340,1381,21,Male,Shanghai,Undergraduate,12,Reading,34.41,108,179.78,10,95,72,94,87.8,High
AUD_3341,1778,25,Male,Shanghai,Undergraduate,6,Spontaneous,74.18,104,110.08,12,63,55,75,64.2,Medium
AUD_3342,1689,26,Female,Henan,High School,11,Reading,20.58,114,153.04,10,82,80,86,82.60000000000001,High
AUD_3343,1252,30,Male,Sichuan,High School,14,Reading,29.09,109,92.52,7,85,58,81,75.7,High
AUD_3344,1926,26,Male,Hubei,Undergraduate,12,Spontaneous,33.98,115,177.28,11,88,73,53,73.0,Medium
AUD_3345,1055,43,Male,Guangdong,High School,13,Spontaneous,61.8,195,91.13,5,61,65,89,70.60000000000001,Medium
AUD_3346,1462,21,Female,Beijing,High School,7,Reading,33.63,108,122.29,11,94,60,52,71.2,Medium
AUD_3347,1456,34,Female,Shanghai,Undergraduate,3,Spontaneous,45.57,102,96.88,6,74,85,51,70.4,Medium
AUD_3348,1982,33,Female,Henan,Undergraduate,7,Spontaneous,36.99,113,145.89,14,64,50,69,61.3,Medium
AUD_3349,1082,32,Male,Beijing,Undergraduate,7,Reading,43.62,170,120.55,10,69,70,68,69.0,Medium
AUD_3350,1904,20,Male,Guangdong,Undergraduate,7,Reading,85.97,168,155.96,2,83,93,88,87.5,High
AUD_3351,1098,42,Male,Sichuan,Postgraduate,4,Reading,89.82,79,133.77,8,63,85,61,69.0,Medium
AUD_3352,1148,37,Female,Guangdong,Undergraduate,8,Spontaneous,68.0,67,127.75,12,79,86,85,82.9,High
AUD_3353,1328,22,Female,Jiangsu,High School,7,Reading,60.06,54,121.37,8,93,55,91,81.0,High
AUD_3354,1155,40,Male,Hubei,Postgraduate,4,Spontaneous,69.59,118,97.75,11,62,63,77,66.8,Medium
AUD_3355,1189,22,Male,Shanghai,Postgraduate,14,Reading,74.02,185,108.43,2,63,78,58,66.0,Medium
AUD_3356,1493,37,Female,Sichuan,High School,12,Spontaneous,71.73,186,147.52,2,78,50,93,74.1,Medium
AUD_3357,1882,32,Male,Jiangsu,Postgraduate,10,Reading,25.73,169,134.71,10,75,57,60,65.1,Medium
AUD_3358,1262,35,Male,Shanghai,High School,8,Spontaneous,41.72,191,96.31,8,52,96,79,73.3,Medium
AUD_3359,1079,32,Male,Guangdong,Postgraduate,13,Reading,44.04,190,138.96,5,74,93,51,72.8,Medium
AUD_3360,1399,19,Female,Guangdong,Postgraduate,12,Reading,45.85,67,94.87,10,76,68,87,76.89999999999999,High
AUD_3361,1763,30,Male,Henan,High School,14,Reading,44.1,117,136.06,13,94,72,87,85.3,High
AUD_3362,1608,21,Male,Zhejiang,High School,13,Spontaneous,75.1,163,176.85,6,89,88,82,86.6,High
AUD_3363,1259,27,Male,Zhejiang,High School,5,Spontaneous,72.33,71,117.66,4,65,90,56,69.8,Medium
AUD_3364,1771,30,Male,Guangdong,High School,11,Reading,20.32,69,155.12,3,87,60,93,80.7,High
AUD_3365,1614,27,Female,Guangdong,Undergraduate,13,Spontaneous,40.75,192,157.1,10,60,76,70,67.8,Medium
AUD_3366,1551,26,Female,Beijing,Undergraduate,13,Reading,63.66,56,126.44,5,78,89,61,76.2,High
AUD_3367,1784,25,Female,Henan,High School,6,Spontaneous,28.42,147,143.4,8,96,85,70,84.9,High
AUD_3368,1100,20,Male,Hubei,Undergraduate,5,Reading,24.98,154,132.48,2,73,91,72,78.1,High
AUD_3369,1358,33,Female,Beijing,High School,9,Spontaneous,77.99,79,115.5,10,78,69,55,68.4,Medium
AUD_3370,1379,31,Male,Hubei,High School,14,Spontaneous,51.69,54,157.93,13,83,91,63,79.4,High
AUD_3371,1819,26,Female,Jiangsu,Postgraduate,10,Spontaneous,79.9,178,153.25,10,60,57,81,65.39999999999999,Medium
AUD_3372,1220,38,Male,Zhejiang,High School,9,Spontaneous,77.65,69,171.05,11,69,95,98,85.5,High
AUD_3373,1819,28,Female,Zhejiang,High School,3,Spontaneous,82.54,132,145.63,7,69,85,98,82.5,High
AUD_3374,1419,20,Female,Henan,High School,3,Reading,23.38,113,124.98,7,58,75,99,75.4,High
AUD_3375,1123,22,Female,Guangdong,High School,7,Spontaneous,33.03,167,154.26,7,72,84,94,82.2,High
AUD_3376,1421,27,Male,Guangdong,Postgraduate,10,Spontaneous,40.73,78,145.71,6,85,52,62,68.2,Medium
AUD_3377,1230,30,Male,Jiangsu,High School,12,Spontaneous,29.54,151,145.5,12,98,53,76,77.9,High
AUD_3378,1689,21,Male,Sichuan,Postgraduate,13,Spontaneous,53.98,187,166.49,2,76,93,60,76.3,High
AUD_3379,1062,41,Female,Sichuan,High School,5,Reading,75.93,80,171.94,5,73,78,81,76.9,High
AUD_3380,1484,30,Male,Henan,Postgraduate,10,Spontaneous,86.58,124,106.22,11,89,99,52,80.89999999999999,High
AUD_3381,1627,29,Male,Sichuan,Undergraduate,5,Spontaneous,82.27,79,118.26,2,74,77,98,82.1,High
AUD_3382,1702,22,Male,Zhejiang,Postgraduate,6,Reading,52.01,129,148.53,6,74,68,51,65.3,Medium
AUD_3383,1573,27,Male,Beijing,Postgraduate,12,Reading,64.55,107,140.15,14,97,92,79,90.10000000000001,High
AUD_3384,1767,41,Male,Sichuan,High School,9,Spontaneous,36.15,106,148.71,5,82,77,51,71.2,Medium
AUD_3385,1482,26,Male,Shanghai,Postgraduate,5,Reading,48.21,136,128.97,9,80,67,88,78.5,High
AUD_3386,1518,37,Female,Henan,Postgraduate,6,Spontaneous,80.98,172,127.12,2,59,63,78,65.9,Medium
AUD_3387,1154,24,Female,Jiangsu,High School,10,Spontaneous,22.04,146,100.59,9,88,92,71,84.1,High
AUD_3388,1091,19,Male,Sichuan,Undergraduate,6,Reading,57.29,164,146.13,9,64,63,74,66.7,Medium
AUD_3389,1981,39,Female,Shanghai,Undergraduate,11,Spontaneous,81.1,86,105.82,2,50,78,91,70.7,Medium
AUD_3390,1525,41,Female,Sichuan,Undergraduate,6,Reading,28.54,107,150.39,10,65,52,95,70.1,Medium
AUD_3391,1454,40,Male,Beijing,Postgraduate,6,Reading,88.78,77,177.04,14,70,83,68,73.3,Medium
AUD_3392,1740,24,Male,Beijing,High School,7,Spontaneous,20.87,86,113.08,10,51,58,98,67.19999999999999,Medium
AUD_3393,1597,25,Female,Sichuan,Undergraduate,3,Spontaneous,82.03,55,102.79,7,52,89,65,67.0,Medium
AUD_3394,1644,24,Male,Henan,Undergraduate,9,Reading,44.76,111,92.18,2,64,54,66,61.599999999999994,Medium
AUD_3395,1509,38,Female,Henan,Undergraduate,11,Spontaneous,29.29,82,124.09,8,81,78,99,85.5,High
AUD_3396,1182,40,Female,Shanghai,Undergraduate,14,Reading,31.02,138,109.31,8,99,90,76,89.39999999999999,High
AUD_3397,1385,31,Female,Jiangsu,High School,11,Reading,69.08,127,134.27,10,96,54,92,82.2,High
AUD_3398,1573,43,Male,Shanghai,Undergraduate,3,Reading,80.95,89,137.19,2,76,94,68,79.0,High
AUD_3399,1730,36,Female,Jiangsu,Postgraduate,8,Reading,64.87,168,121.44,9,85,92,92,89.19999999999999,High
AUD_3400,1404,22,Male,Sichuan,Postgraduate,5,Spontaneous,85.01,91,157.49,13,84,92,91,88.5,High
AUD_3401,1245,40,Male,Jiangsu,High School,6,Spontaneous,78.97,186,171.43,14,88,93,79,86.8,High
AUD_3402,1741,42,Male,Guangdong,Undergraduate,10,Spontaneous,20.63,67,109.04,12,73,62,63,66.69999999999999,Medium
AUD_3403,1590,35,Male,Zhejiang,Undergraduate,6,Spontaneous,66.86,64,165.27,9,57,75,95,73.8,Medium
AUD_3404,1660,37,Male,Hubei,Postgraduate,10,Spontaneous,41.32,181,101.81,8,56,58,91,67.1,Medium
AUD_3405,1649,29,Female,Zhejiang,High School,6,Spontaneous,51.82,83,110.58,13,53,53,81,61.400000000000006,Medium
AUD_3406,1470,40,Male,Beijing,Postgraduate,11,Reading,26.58,111,140.53,7,79,88,72,79.6,High
AUD_3407,1825,34,Male,Guangdong,High School,8,Spontaneous,39.75,87,117.59,2,59,80,85,73.1,Medium
AUD_3408,1887,30,Male,Zhejiang,High School,3,Reading,64.29,120,93.75,12,74,54,59,63.5,Medium
AUD_3409,1422,19,Male,Sichuan,High School,12,Reading,35.29,72,116.54,11,91,56,87,79.3,High
AUD_3410,1900,42,Male,Jiangsu,Postgraduate,4,Reading,65.33,175,171.44,12,96,77,78,84.9,High
AUD_3411,1064,30,Female,Jiangsu,High School,9,Spontaneous,84.61,69,105.68,9,81,89,60,77.1,High
AUD_3412,1012,43,Male,Shanghai,Postgraduate,12,Reading,20.35,102,158.74,13,81,63,99,81.0,High
AUD_3413,1212,24,Male,Shanghai,Postgraduate,9,Spontaneous,75.0,179,155.01,6,99,73,87,87.6,High
AUD_3414,1985,27,Female,Henan,Undergraduate,5,Reading,64.89,70,99.56,5,81,91,64,78.9,High
AUD_3415,1241,40,Male,Jiangsu,Postgraduate,3,Spontaneous,23.26,125,119.65,6,59,87,81,74.0,Medium
AUD_3416,1492,23,Female,Henan,Postgraduate,10,Spontaneous,75.31,91,107.04,6,58,54,76,62.2,Medium
AUD_3417,1212,20,Female,Sichuan,Undergraduate,12,Spontaneous,35.72,106,92.08,14,74,96,87,84.5,High
AUD_3418,1692,43,Female,Jiangsu,Undergraduate,13,Spontaneous,38.61,171,105.57,11,74,97,50,73.7,Medium
AUD_3419,1337,20,Female,Shanghai,Undergraduate,13,Spontaneous,26.55,140,108.14,4,90,83,90,87.9,High
AUD_3420,1996,35,Male,Zhejiang,High School,12,Reading,57.41,161,104.94,5,65,77,63,68.0,Medium
AUD_3421,1172,28,Male,Henan,High School,9,Spontaneous,54.88,59,98.2,5,98,96,52,83.6,High
AUD_3422,1671,39,Female,Henan,Undergraduate,12,Spontaneous,44.3,121,137.37,9,65,57,79,66.8,Medium
AUD_3423,1163,37,Female,Beijing,High School,10,Reading,31.81,110,119.04,6,79,70,80,76.6,High
AUD_3424,1464,22,Male,Shanghai,Undergraduate,3,Spontaneous,78.66,70,171.74,7,87,73,50,71.7,Medium
AUD_3425,1994,36,Female,Sichuan,High School,5,Spontaneous,81.35,170,106.85,11,54,73,95,72.0,Medium
AUD_3426,1496,39,Female,Henan,Postgraduate,4,Spontaneous,57.84,135,144.26,3,56,62,63,59.9,Low
AUD_3427,1699,44,Female,Zhejiang,High School,3,Spontaneous,37.1,190,171.06,10,62,98,85,79.7,High
AUD_3428,1394,36,Male,Zhejiang,High School,7,Spontaneous,26.73,97,94.25,9,57,64,95,70.5,Medium
AUD_3429,1702,32,Female,Zhejiang,Postgraduate,5,Reading,80.8,58,136.46,9,82,95,85,86.80000000000001,High
AUD_3430,1916,33,Male,Guangdong,Undergraduate,12,Spontaneous,26.72,162,130.56,11,59,74,92,73.39999999999999,Medium
AUD_3431,1307,41,Male,Guangdong,High School,10,Reading,20.92,169,173.59,6,69,94,90,82.8,High
AUD_3432,1767,26,Male,Hubei,High School,8,Spontaneous,52.86,89,149.74,6,81,77,92,83.1,High
AUD_3433,1182,21,Female,Zhejiang,Postgraduate,12,Reading,71.19,125,121.42,4,78,88,64,76.8,High
AUD_3434,1628,32,Female,Henan,Postgraduate,11,Reading,52.03,113,154.04,14,50,57,87,63.19999999999999,Medium
AUD_3435,1793,42,Male,Sichuan,Postgraduate,11,Reading,23.6,143,142.44,12,76,80,74,76.60000000000001,High
AUD_3436,1509,29,Male,Jiangsu,Postgraduate,13,Spontaneous,68.3,119,121.25,3,69,56,93,72.30000000000001,Medium
AUD_3437,1707,40,Male,Sichuan,Undergraduate,8,Spontaneous,64.96,113,160.67,10,63,96,94,82.2,High
AUD_3438,1545,20,Female,Guangdong,High School,4,Reading,67.71,74,150.14,7,64,88,99,81.7,High
AUD_3439,1563,40,Female,Shanghai,High School,11,Spontaneous,34.78,187,90.49,9,55,66,63,60.699999999999996,Medium
AUD_3440,1623,31,Male,Henan,High School,4,Spontaneous,75.7,85,167.86,5,51,99,73,72.0,Medium
AUD_3441,1763,34,Male,Hubei,High School,5,Reading,53.54,188,125.74,6,78,84,92,84.0,High
AUD_3442,1593,36,Female,Guangdong,Undergraduate,8,Spontaneous,57.54,70,148.09,11,88,71,51,71.8,Medium
AUD_3443,1743,23,Male,Jiangsu,High School,4,Reading,58.21,195,125.71,6,81,56,83,74.1,Medium
AUD_3444,1226,21,Female,Beijing,Undergraduate,7,Spontaneous,40.08,117,169.32,12,54,59,98,68.69999999999999,Medium
AUD_3445,1744,24,Female,Hubei,Undergraduate,4,Reading,37.51,90,148.58,11,71,77,72,73.1,Medium
AUD_3446,1732,36,Male,Guangdong,Postgraduate,14,Spontaneous,20.33,64,142.14,5,77,88,57,74.3,Medium
AUD_3447,1435,34,Male,Sichuan,Postgraduate,6,Spontaneous,47.76,72,178.22,12,81,92,54,76.2,High
AUD_3448,1924,42,Female,Hubei,High School,13,Reading,53.96,183,115.26,3,78,78,78,78.0,High
AUD_3449,1421,33,Female,Henan,Undergraduate,13,Reading,72.0,161,95.87,7,89,84,92,88.39999999999999,High
AUD_3450,1553,32,Female,Sichuan,Postgraduate,5,Spontaneous,24.66,101,136.44,5,52,71,82,66.7,Medium
AUD_3451,1020,39,Female,Zhejiang,Undergraduate,7,Reading,84.68,186,128.16,12,80,58,69,70.1,Medium
AUD_3452,1553,25,Female,Zhejiang,Postgraduate,8,Reading,38.48,164,130.89,5,62,85,65,69.8,Medium
AUD_3453,1396,36,Male,Zhejiang,Undergraduate,9,Reading,45.67,93,145.81,11,55,57,86,64.89999999999999,Medium
AUD_3454,1624,25,Female,Hubei,High School,12,Reading,23.39,57,145.36,4,70,79,97,80.8,High
AUD_3455,1104,35,Female,Beijing,High School,10,Reading,65.72,148,125.3,9,63,79,86,74.7,Medium
AUD_3456,1191,33,Female,Jiangsu,Undergraduate,11,Spontaneous,69.62,100,167.66,7,74,80,91,80.9,High
AUD_3457,1016,37,Male,Henan,Postgraduate,6,Reading,85.02,148,148.63,10,56,71,90,70.7,Medium
AUD_3458,1119,36,Male,Hubei,Postgraduate,6,Reading,43.58,170,170.09,6,92,93,73,86.6,High
AUD_3459,1392,27,Female,Shanghai,High School,9,Reading,38.02,139,172.18,7,71,80,78,75.80000000000001,High
AUD_3460,1424,34,Female,Henan,High School,14,Reading,70.83,79,105.06,10,81,89,84,84.3,High
AUD_3461,1128,30,Male,Sichuan,High School,12,Spontaneous,69.48,188,151.25,5,90,96,58,82.19999999999999,High
AUD_3462,1129,30,Male,Sichuan,Postgraduate,12,Reading,85.6,197,118.58,11,81,77,71,76.8,High
AUD_3463,1571,24,Male,Hubei,Postgraduate,13,Spontaneous,34.37,80,165.28,8,91,95,69,85.60000000000001,High
AUD_3464,1559,44,Male,Hubei,High School,11,Spontaneous,69.37,189,155.96,14,79,54,89,74.5,Medium
AUD_3465,1028,27,Female,Jiangsu,Undergraduate,13,Reading,24.68,116,107.89,11,66,66,53,62.1,Medium
AUD_3466,1096,19,Male,Beijing,Postgraduate,4,Reading,53.63,166,174.49,13,89,60,92,81.2,High
AUD_3467,1009,21,Female,Hubei,High School,13,Spontaneous,28.36,54,151.51,11,87,71,85,81.60000000000001,High
AUD_3468,1241,42,Female,Zhejiang,Undergraduate,8,Spontaneous,65.72,126,175.38,12,70,96,61,75.1,High
AUD_3469,1825,23,Male,Jiangsu,Postgraduate,12,Spontaneous,62.1,61,108.17,12,75,74,72,73.8,Medium
AUD_3470,1955,41,Male,Shanghai,Undergraduate,12,Reading,23.42,108,168.27,7,92,62,88,81.80000000000001,High
AUD_3471,1231,35,Male,Zhejiang,Undergraduate,10,Spontaneous,42.37,114,150.13,7,52,85,57,63.39999999999999,Medium
AUD_3472,1788,40,Male,Shanghai,Postgraduate,7,Reading,47.65,101,139.71,7,87,94,59,80.7,High
AUD_3473,1283,23,Female,Guangdong,High School,7,Spontaneous,37.36,92,163.85,5,66,94,72,76.2,High
AUD_3474,1714,42,Female,Shanghai,Undergraduate,10,Spontaneous,22.71,132,146.96,11,88,60,78,76.6,High
AUD_3475,1758,40,Female,Zhejiang,High School,3,Reading,42.32,142,150.26,7,55,54,94,66.4,Medium
AUD_3476,1801,34,Male,Guangdong,Postgraduate,8,Reading,75.48,112,112.83,13,70,63,81,71.2,Medium
AUD_3477,1775,31,Female,Zhejiang,Undergraduate,12,Spontaneous,45.21,160,163.53,8,94,71,63,77.80000000000001,High
AUD_3478,1954,41,Male,Sichuan,Undergraduate,11,Reading,42.64,99,148.53,14,95,52,65,73.1,Medium
AUD_3479,1725,28,Female,Zhejiang,Undergraduate,14,Reading,85.92,161,166.0,3,89,99,88,91.69999999999999,High
AUD_3480,1199,43,Male,Guangdong,Undergraduate,8,Spontaneous,22.91,88,121.64,12,62,84,97,79.1,High
AUD_3481,1944,36,Female,Shanghai,Undergraduate,9,Reading,73.71,129,119.85,10,58,81,66,67.3,Medium
AUD_3482,1078,19,Female,Sichuan,Postgraduate,6,Reading,53.82,66,92.15,8,54,87,69,68.4,Medium
AUD_3483,1912,20,Male,Beijing,Undergraduate,14,Spontaneous,86.11,92,159.17,4,92,89,61,81.8,High
AUD_3484,1955,28,Female,Beijing,Postgraduate,12,Spontaneous,47.54,98,119.73,11,56,73,58,61.699999999999996,Medium
AUD_3485,1854,23,Female,Henan,High School,3,Reading,69.56,54,119.45,11,87,77,57,75.0,High
AUD_3486,1855,31,Male,Beijing,Postgraduate,11,Reading,24.9,178,151.98,8,93,70,90,85.2,High
AUD_3487,1172,36,Male,Beijing,Undergraduate,14,Reading,85.01,116,112.76,11,93,98,86,92.39999999999999,High
AUD_3488,1466,43,Male,Jiangsu,High School,8,Spontaneous,44.12,161,171.81,11,87,82,70,80.4,High
AUD_3489,1580,33,Male,Beijing,Postgraduate,5,Spontaneous,56.68,73,138.43,6,80,77,91,82.39999999999999,High
AUD_3490,1415,38,Male,Guangdong,Postgraduate,6,Reading,29.69,78,177.25,10,53,88,81,71.9,Medium
AUD_3491,1939,39,Female,Hubei,Postgraduate,12,Reading,86.19,192,96.9,7,62,99,86,80.3,High
AUD_3492,1448,41,Male,Beijing,Undergraduate,14,Reading,67.11,181,120.31,12,93,85,95,91.2,High
AUD_3493,1086,24,Female,Zhejiang,Undergraduate,8,Spontaneous,23.78,93,124.33,14,64,59,67,63.39999999999999,Medium
AUD_3494,1100,44,Female,Hubei,Postgraduate,8,Spontaneous,30.86,114,155.74,8,89,86,78,84.80000000000001,High
AUD_3495,1007,25,Male,Beijing,Postgraduate,14,Reading,47.99,169,109.17,5,62,89,56,68.3,Medium
AUD_3496,1844,36,Female,Hubei,High School,11,Reading,35.17,175,123.78,3,92,74,89,85.7,High
AUD_3497,1199,37,Female,Shanghai,Undergraduate,6,Reading,41.32,80,171.96,12,92,94,86,90.8,High
AUD_3498,1504,33,Male,Guangdong,Undergraduate,7,Reading,89.82,197,100.31,5,92,66,55,73.10000000000001,Medium
AUD_3499,1086,39,Female,Guangdong,High School,7,Spontaneous,66.11,59,157.08,10,75,53,69,66.6,Medium
AUD_3500,1042,44,Male,Henan,Postgraduate,5,Reading,84.56,60,153.22,4,68,59,58,62.300000000000004,Medium
AUD_3501,1384,24,Male,Hubei,Postgraduate,4,Reading,50.51,131,101.75,8,98,74,58,78.80000000000001,High
AUD_3502,1620,26,Male,Henan,High School,10,Spontaneous,69.72,73,151.96,14,50,81,57,61.39999999999999,Medium
AUD_3503,1434,30,Female,Sichuan,Postgraduate,12,Reading,52.18,88,141.28,5,62,57,66,61.7,Medium
AUD_3504,1407,18,Female,Jiangsu,Postgraduate,11,Reading,42.98,168,115.88,4,74,91,73,78.80000000000001,High
AUD_3505,1482,25,Female,Zhejiang,High School,12,Reading,56.34,125,118.0,6,69,94,89,82.5,High
AUD_3506,1663,41,Female,Hubei,High School,13,Reading,49.91,99,164.97,3,90,61,72,75.89999999999999,High
AUD_3507,1016,39,Male,Guangdong,High School,11,Reading,88.64,56,110.79,12,72,70,82,74.39999999999999,Medium
AUD_3508,1644,21,Female,Henan,Postgraduate,7,Reading,54.73,149,136.15,11,73,94,71,78.7,High
AUD_3509,1147,20,Male,Shanghai,High School,13,Spontaneous,76.78,130,151.3,5,92,76,99,89.30000000000001,High
AUD_3510,1276,44,Female,Beijing,Postgraduate,11,Reading,66.68,117,101.69,8,90,79,96,88.5,High
AUD_3511,1231,20,Female,Guangdong,Undergraduate,6,Spontaneous,53.57,86,173.91,13,98,59,71,78.2,High
AUD_3512,1825,39,Female,Shanghai,Undergraduate,4,Spontaneous,53.19,132,113.46,13,88,70,76,79.0,High
AUD_3513,1926,30,Female,Beijing,High School,5,Spontaneous,43.93,103,118.7,3,89,50,97,79.7,High
AUD_3514,1365,25,Female,Jiangsu,Postgraduate,3,Spontaneous,27.49,139,149.95,11,79,58,51,64.3,Medium
AUD_3515,1227,24,Male,Guangdong,Postgraduate,7,Reading,73.3,80,97.04,7,83,52,80,72.80000000000001,Medium
AUD_3516,1650,44,Female,Henan,Postgraduate,3,Reading,84.27,149,146.49,6,95,98,62,86.0,High
AUD_3517,1435,18,Female,Guangdong,High School,14,Reading,35.26,142,172.44,4,59,91,51,66.2,Medium
AUD_3518,1398,44,Female,Hubei,Postgraduate,13,Reading,84.8,138,112.42,6,90,68,95,84.9,High
AUD_3519,1210,33,Female,Hubei,Postgraduate,3,Spontaneous,36.26,172,122.57,11,50,55,56,53.3,Low
AUD_3520,1390,23,Male,Shanghai,Postgraduate,13,Spontaneous,57.11,167,110.91,8,61,56,60,59.2,Low
AUD_3521,1498,24,Female,Henan,Undergraduate,13,Spontaneous,44.05,96,163.69,4,95,92,96,94.39999999999999,High
AUD_3522,1539,29,Male,Sichuan,Postgraduate,9,Reading,28.02,195,105.08,9,78,65,75,73.2,Medium
AUD_3523,1562,40,Female,Hubei,Undergraduate,4,Spontaneous,23.7,52,121.2,8,60,85,98,78.9,High
AUD_3524,1490,26,Male,Zhejiang,Postgraduate,10,Reading,45.57,67,144.09,5,90,53,70,72.9,Medium
AUD_3525,1441,44,Male,Jiangsu,Postgraduate,8,Spontaneous,23.31,107,126.41,14,66,67,98,75.9,High
AUD_3526,1260,28,Male,Zhejiang,Postgraduate,6,Reading,27.29,120,95.89,14,69,81,64,71.10000000000001,Medium
AUD_3527,1772,27,Male,Guangdong,Undergraduate,11,Spontaneous,29.96,130,175.29,6,87,81,65,78.60000000000001,High
AUD_3528,1349,38,Male,Zhejiang,Postgraduate,12,Spontaneous,20.13,195,120.41,11,55,67,58,59.49999999999999,Low
AUD_3529,1351,18,Female,Beijing,High School,10,Reading,30.73,101,130.11,12,69,88,70,75.0,High
AUD_3530,1519,35,Male,Jiangsu,Postgraduate,12,Spontaneous,60.41,92,105.08,5,59,92,90,78.2,High
AUD_3531,1319,21,Female,Zhejiang,Undergraduate,5,Spontaneous,77.37,116,167.88,3,59,86,55,65.9,Medium
AUD_3532,1137,22,Male,Beijing,Undergraduate,5,Reading,33.54,138,116.23,13,80,77,50,70.1,Medium
AUD_3533,1549,26,Male,Shanghai,High School,6,Spontaneous,25.66,184,91.78,10,75,99,80,83.7,High
AUD_3534,1622,44,Female,Zhejiang,High School,11,Spontaneous,71.07,160,118.48,2,66,88,54,69.0,Medium
AUD_3535,1991,34,Male,Jiangsu,High School,11,Spontaneous,20.57,132,178.57,9,63,51,86,66.3,Medium
AUD_3536,1367,20,Male,Beijing,Undergraduate,7,Spontaneous,71.39,128,103.22,5,54,86,75,69.9,Medium
AUD_3537,1219,33,Male,Zhejiang,Postgraduate,14,Reading,29.18,134,92.81,10,52,86,50,61.6,Medium
AUD_3538,1336,22,Male,Shanghai,Postgraduate,11,Reading,35.98,70,142.04,4,92,51,50,67.1,Medium
AUD_3539,1222,33,Female,Zhejiang,High School,8,Spontaneous,28.4,171,123.45,8,69,68,78,71.4,Medium
AUD_3540,1647,20,Male,Beijing,High School,10,Reading,37.31,77,161.55,4,95,54,71,75.5,High
AUD_3541,1767,37,Male,Zhejiang,Postgraduate,13,Spontaneous,75.87,81,155.87,11,64,93,87,79.6,High
AUD_3542,1359,32,Female,Jiangsu,High School,10,Reading,29.28,103,106.69,13,52,62,90,66.4,Medium
AUD_3543,1920,20,Female,Guangdong,Postgraduate,14,Spontaneous,89.59,172,140.82,8,52,71,68,62.5,Medium
AUD_3544,1328,37,Male,Henan,Postgraduate,12,Spontaneous,42.9,136,92.92,3,72,56,77,68.7,Medium
AUD_3545,1961,31,Male,Henan,Postgraduate,9,Reading,84.54,89,129.55,4,58,51,54,54.7,Low
AUD_3546,1462,33,Female,Beijing,Postgraduate,6,Spontaneous,33.3,119,154.26,9,60,63,70,63.9,Medium
AUD_3547,1945,34,Male,Beijing,Undergraduate,6,Spontaneous,33.15,73,127.35,8,96,74,98,90.0,High
AUD_3548,1962,41,Female,Beijing,Postgraduate,8,Spontaneous,59.57,195,100.62,12,98,75,71,83.0,High
AUD_3549,1560,37,Male,Beijing,High School,11,Spontaneous,23.54,123,95.54,4,93,54,69,74.10000000000001,Medium
AUD_3550,1803,40,Female,Zhejiang,High School,9,Reading,76.07,192,166.83,9,98,69,61,78.2,High
AUD_3551,1381,35,Female,Jiangsu,High School,7,Reading,50.77,147,170.22,14,90,61,55,70.8,Medium
AUD_3552,1835,35,Female,Henan,High School,7,Reading,68.94,121,120.88,10,62,85,78,73.69999999999999,Medium
AUD_3553,1589,39,Male,Shanghai,Undergraduate,10,Reading,32.22,76,104.78,3,57,80,94,75.0,High
AUD_3554,1616,31,Male,Henan,Postgraduate,8,Spontaneous,64.97,138,178.08,3,71,66,89,74.9,Medium
AUD_3555,1168,35,Male,Jiangsu,Postgraduate,3,Spontaneous,61.58,180,139.13,8,87,65,84,79.5,High
AUD_3556,1216,32,Male,Beijing,High School,3,Spontaneous,72.9,70,132.9,12,76,59,60,66.1,Medium
AUD_3557,1377,32,Female,Sichuan,High School,11,Spontaneous,40.82,170,156.74,9,75,84,82,79.8,High
AUD_3558,1118,23,Female,Zhejiang,High School,10,Reading,85.32,88,105.2,6,72,82,74,75.6,High
AUD_3559,1189,44,Female,Sichuan,Postgraduate,8,Reading,87.29,81,142.2,3,88,87,63,80.19999999999999,High
AUD_3560,1766,32,Male,Zhejiang,Undergraduate,3,Reading,80.77,134,170.11,11,80,84,78,80.6,High
AUD_3561,1369,35,Male,Beijing,Undergraduate,4,Spontaneous,60.04,58,92.08,6,78,76,62,72.6,Medium
AUD_3562,1777,21,Male,Zhejiang,Undergraduate,12,Spontaneous,49.42,99,150.56,4,50,56,64,56.0,Low
AUD_3563,1148,40,Female,Beijing,Undergraduate,5,Spontaneous,24.06,50,139.63,14,59,76,57,63.5,Medium
AUD_3564,1675,25,Male,Jiangsu,High School,12,Spontaneous,86.31,53,175.57,10,96,90,96,94.2,High
AUD_3565,1651,32,Male,Hubei,Postgraduate,14,Reading,86.62,53,113.28,3,95,61,94,84.5,High
AUD_3566,1858,20,Female,Guangdong,High School,5,Reading,21.31,139,167.3,10,53,95,82,74.3,Medium
AUD_3567,1487,32,Female,Zhejiang,Undergraduate,4,Reading,44.98,64,117.81,3,80,82,60,74.6,Medium
AUD_3568,1769,30,Male,Beijing,High School,14,Spontaneous,81.6,158,128.69,2,53,62,64,59.0,Low
AUD_3569,1373,26,Female,Sichuan,Undergraduate,4,Reading,25.66,81,109.2,11,78,51,70,67.5,Medium
AUD_3570,1780,19,Male,Beijing,Postgraduate,8,Spontaneous,33.76,112,167.72,7,58,52,85,64.30000000000001,Medium
AUD_3571,1692,41,Female,Sichuan,Undergraduate,9,Reading,88.51,157,107.59,12,64,60,55,60.1,Medium
AUD_3572,1159,25,Female,Henan,High School,6,Reading,79.31,157,167.31,7,93,54,74,75.60000000000001,High
AUD_3573,1350,37,Female,Zhejiang,Postgraduate,3,Spontaneous,83.84,63,131.01,5,90,51,93,79.19999999999999,High
AUD_3574,1911,34,Male,Shanghai,Undergraduate,8,Spontaneous,29.95,72,165.16,14,52,95,50,64.3,Medium
AUD_3575,1287,30,Male,Sichuan,Undergraduate,9,Spontaneous,34.79,160,113.8,3,64,77,91,76.0,High
AUD_3576,1287,18,Male,Beijing,Postgraduate,6,Reading,62.38,114,101.95,14,60,62,99,72.3,Medium
AUD_3577,1891,19,Female,Zhejiang,High School,8,Reading,55.12,90,139.95,11,55,95,82,75.1,High
AUD_3578,1225,32,Female,Beijing,Postgraduate,11,Reading,40.9,75,135.85,13,96,84,88,90.0,High
AUD_3579,1522,29,Female,Shanghai,High School,6,Reading,81.87,97,122.09,12,56,89,81,73.4,Medium
AUD_3580,1521,31,Female,Guangdong,Undergraduate,14,Spontaneous,83.1,193,149.65,4,95,62,51,71.89999999999999,Medium
AUD_3581,1782,42,Male,Hubei,Undergraduate,12,Reading,40.42,81,98.56,14,53,61,74,61.7,Medium
AUD_3582,1272,19,Male,Hubei,Postgraduate,6,Spontaneous,30.9,187,145.98,7,70,67,89,74.8,Medium
AUD_3583,1935,35,Male,Shanghai,Undergraduate,12,Reading,30.44,131,109.06,5,50,67,82,64.69999999999999,Medium
AUD_3584,1401,39,Female,Jiangsu,Postgraduate,14,Spontaneous,53.91,158,101.61,6,72,66,87,74.7,Medium
AUD_3585,1182,24,Female,Zhejiang,Undergraduate,7,Spontaneous,29.3,52,171.86,12,62,88,60,69.2,Medium
AUD_3586,1968,40,Male,Shanghai,Undergraduate,5,Reading,53.13,111,131.38,10,92,71,68,78.5,High
AUD_3587,1664,42,Female,Guangdong,High School,12,Reading,52.34,128,158.71,6,77,62,74,71.6,Medium
AUD_3588,1487,23,Male,Beijing,Postgraduate,4,Spontaneous,81.89,59,98.02,11,78,94,77,82.5,High
AUD_3589,1826,31,Female,Zhejiang,Postgraduate,11,Reading,40.73,199,95.17,12,67,87,59,70.6,Medium
AUD_3590,1845,25,Female,Henan,Undergraduate,3,Spontaneous,59.25,191,134.54,9,72,68,80,73.2,Medium
AUD_3591,1123,44,Male,Sichuan,High School,7,Reading,72.04,185,118.4,3,77,73,65,72.2,Medium
AUD_3592,1984,39,Male,Shanghai,High School,7,Reading,61.71,172,90.44,13,58,68,97,72.7,Medium
AUD_3593,1625,19,Female,Henan,Postgraduate,10,Reading,86.78,151,106.5,7,92,70,91,85.10000000000001,High
AUD_3594,1789,34,Male,Henan,Postgraduate,8,Reading,62.16,192,109.69,12,55,73,67,64.0,Medium
AUD_3595,1413,22,Male,Guangdong,Undergraduate,8,Reading,83.13,159,115.97,12,65,79,71,71.0,Medium
AUD_3596,1979,31,Female,Henan,Postgraduate,8,Spontaneous,37.15,192,168.98,7,86,77,99,87.2,High
AUD_3597,1724,42,Female,Shanghai,Undergraduate,6,Reading,59.25,119,127.85,6,50,97,84,74.3,Medium
AUD_3598,1171,41,Female,Jiangsu,High School,3,Spontaneous,58.03,103,151.15,7,71,84,61,71.9,Medium
AUD_3599,1287,37,Male,Hubei,Postgraduate,5,Spontaneous,89.26,125,91.66,6,95,95,91,93.8,High
AUD_3600,1434,38,Female,Hubei,High School,12,Spontaneous,34.32,196,163.25,3,72,87,77,78.0,High
AUD_3601,1685,38,Female,Zhejiang,High School,14,Reading,29.87,89,111.63,6,70,66,97,76.89999999999999,High
AUD_3602,1112,39,Female,Beijing,Undergraduate,13,Spontaneous,62.82,76,117.81,2,80,97,58,78.5,High
AUD_3603,1887,20,Female,Guangdong,High School,8,Spontaneous,35.66,123,94.07,4,87,83,79,83.4,High
AUD_3604,1916,22,Female,Shanghai,Undergraduate,7,Spontaneous,64.74,92,126.87,8,77,58,67,68.3,Medium
AUD_3605,1994,33,Male,Zhejiang,Undergraduate,12,Spontaneous,88.07,95,166.73,5,93,62,94,84.0,High
AUD_3606,1121,35,Female,Shanghai,High School,3,Spontaneous,86.26,191,124.09,9,76,63,73,71.19999999999999,Medium
AUD_3607,1543,43,Female,Zhejiang,High School,7,Spontaneous,36.18,113,171.77,4,88,75,95,86.2,High
AUD_3608,1221,34,Male,Hubei,Undergraduate,4,Reading,31.96,147,168.07,8,91,70,68,77.8,High
AUD_3609,1630,28,Female,Henan,Undergraduate,3,Spontaneous,59.25,175,95.58,3,91,93,63,83.19999999999999,High
AUD_3610,1038,34,Female,Jiangsu,High School,6,Spontaneous,61.07,107,117.47,9,62,69,51,60.8,Medium
AUD_3611,1496,33,Male,Shanghai,Undergraduate,8,Reading,66.36,78,171.94,14,81,60,60,68.4,Medium
AUD_3612,1779,43,Female,Jiangsu,Undergraduate,9,Spontaneous,71.9,76,92.68,4,56,91,75,72.2,Medium
AUD_3613,1232,40,Male,Sichuan,Postgraduate,11,Reading,62.07,116,158.92,14,82,99,57,79.6,High
AUD_3614,1942,19,Female,Sichuan,Postgraduate,7,Reading,27.82,163,171.58,7,96,84,52,79.2,High
AUD_3615,1529,21,Male,Henan,Postgraduate,10,Spontaneous,75.31,127,159.34,3,95,97,64,86.3,High
AUD_3616,1148,38,Male,Hubei,Postgraduate,10,Spontaneous,25.57,139,156.94,8,62,80,94,77.0,High
AUD_3617,1396,24,Female,Guangdong,Postgraduate,13,Reading,21.4,180,165.9,14,81,67,89,79.2,High
AUD_3618,1660,19,Male,Jiangsu,Undergraduate,11,Reading,73.88,91,149.92,5,56,63,62,59.89999999999999,Low
AUD_3619,1637,23,Male,Zhejiang,Undergraduate,5,Reading,58.39,62,128.08,7,61,98,65,73.3,Medium
AUD_3620,1903,34,Female,Guangdong,Postgraduate,5,Reading,68.9,78,95.65,3,89,54,71,73.1,Medium
AUD_3621,1301,24,Female,Shanghai,High School,11,Spontaneous,46.79,58,160.92,4,64,66,82,70.0,Medium
AUD_3622,1359,42,Male,Shanghai,Postgraduate,9,Reading,20.78,81,171.47,4,98,70,51,75.5,High
AUD_3623,1237,22,Female,Zhejiang,High School,6,Reading,43.17,199,136.04,5,70,63,94,75.1,High
AUD_3624,1646,22,Male,Beijing,Undergraduate,3,Reading,62.57,135,137.93,2,61,52,78,63.4,Medium
AUD_3625,1662,37,Male,Henan,High School,9,Spontaneous,35.8,107,126.3,14,62,80,95,77.3,High
AUD_3626,1235,33,Female,Beijing,Undergraduate,12,Reading,68.15,106,167.12,7,89,74,83,82.69999999999999,High
AUD_3627,1735,36,Female,Henan,High School,8,Reading,75.61,187,91.33,12,91,96,65,84.69999999999999,High
AUD_3628,1202,26,Male,Shanghai,Undergraduate,5,Spontaneous,51.8,74,146.21,7,88,93,63,82.0,High
AUD_3629,1255,22,Female,Henan,Undergraduate,7,Spontaneous,81.3,125,171.67,5,51,66,88,66.6,Medium
AUD_3630,1597,25,Female,Hubei,Postgraduate,5,Reading,79.84,164,99.29,9,78,75,95,82.2,High
AUD_3631,1661,26,Male,Hubei,Undergraduate,10,Reading,81.46,180,176.32,6,97,66,99,88.30000000000001,High
AUD_3632,1234,22,Male,Zhejiang,Postgraduate,7,Reading,66.27,132,177.09,11,78,68,98,81.0,High
AUD_3633,1344,27,Male,Beijing,Postgraduate,12,Spontaneous,41.34,62,173.68,5,85,76,54,73.0,Medium
AUD_3634,1533,42,Male,Jiangsu,Postgraduate,12,Spontaneous,53.69,184,131.63,8,87,56,92,79.2,High
AUD_3635,1859,19,Male,Shanghai,High School,8,Reading,69.74,71,124.47,11,56,75,67,65.0,Medium
AUD_3636,1796,26,Male,Sichuan,High School,4,Reading,34.74,133,153.54,11,79,54,97,76.89999999999999,High
AUD_3637,1780,28,Female,Jiangsu,Undergraduate,10,Reading,71.72,156,118.68,9,72,51,75,66.6,Medium
AUD_3638,1465,21,Male,Zhejiang,Postgraduate,11,Spontaneous,58.37,72,96.15,3,77,65,59,68.0,Medium
AUD_3639,1769,39,Female,Sichuan,Postgraduate,5,Reading,26.72,63,171.13,14,72,94,55,73.5,Medium
AUD_3640,1540,39,Female,Jiangsu,Undergraduate,8,Reading,59.01,143,147.14,2,85,60,63,70.9,Medium
AUD_3641,1212,39,Male,Beijing,Postgraduate,8,Spontaneous,24.67,136,108.64,7,91,88,51,78.1,High
AUD_3642,1462,19,Female,Henan,Undergraduate,4,Reading,21.0,160,91.66,3,78,72,76,75.6,High
AUD_3643,1435,40,Male,Hubei,Postgraduate,12,Spontaneous,82.27,101,155.12,12,53,84,58,63.800000000000004,Medium
AUD_3644,1282,23,Female,Beijing,High School,10,Spontaneous,54.29,132,166.75,9,69,55,62,62.7,Medium
AUD_3645,1561,44,Male,Sichuan,Undergraduate,7,Reading,58.03,90,126.51,14,54,86,70,68.4,Medium
AUD_3646,1606,31,Male,Henan,Undergraduate,13,Spontaneous,39.6,55,97.28,6,95,50,93,80.9,High
AUD_3647,1462,18,Male,Henan,High School,13,Spontaneous,57.99,187,148.38,3,60,82,51,63.89999999999999,Medium
AUD_3648,1406,35,Male,Henan,Undergraduate,10,Reading,31.82,148,116.72,12,51,67,52,56.1,Low
AUD_3649,1087,24,Female,Guangdong,High School,10,Spontaneous,72.2,134,102.96,13,90,52,62,70.2,Medium
AUD_3650,1043,18,Female,Hubei,Postgraduate,14,Spontaneous,77.63,109,135.94,6,93,68,70,78.6,High
AUD_3651,1460,18,Female,Shanghai,High School,5,Reading,79.91,79,133.37,3,73,59,82,71.5,Medium
AUD_3652,1277,18,Female,Sichuan,High School,7,Reading,27.47,119,136.51,7,82,69,69,74.2,Medium
AUD_3653,1682,41,Female,Zhejiang,Undergraduate,9,Reading,59.04,54,164.15,9,71,60,85,71.9,Medium
AUD_3654,1420,21,Male,Shanghai,Postgraduate,7,Reading,76.61,128,133.61,3,96,81,67,82.8,High
AUD_3655,1700,21,Male,Jiangsu,High School,8,Reading,28.98,92,171.05,7,55,89,74,70.9,Medium
AUD_3656,1352,35,Male,Hubei,Postgraduate,4,Spontaneous,26.97,126,165.76,7,73,69,94,78.10000000000001,High
AUD_3657,1695,44,Male,Zhejiang,High School,10,Spontaneous,77.19,55,148.6,2,78,81,87,81.6,High
AUD_3658,1514,28,Male,Zhejiang,Undergraduate,7,Spontaneous,75.77,51,95.12,10,98,92,74,89.0,High
AUD_3659,1702,44,Female,Beijing,High School,8,Spontaneous,51.41,66,167.84,13,81,86,87,84.3,High
AUD_3660,1629,18,Male,Jiangsu,High School,3,Spontaneous,27.68,137,171.5,9,96,71,64,78.9,High
AUD_3661,1018,27,Male,Beijing,Postgraduate,12,Reading,56.13,61,123.75,13,79,53,99,77.2,High
AUD_3662,1022,26,Female,Beijing,High School,4,Reading,47.64,127,137.35,5,95,62,66,76.39999999999999,High
AUD_3663,1412,40,Female,Henan,Undergraduate,13,Reading,56.3,56,115.29,8,90,55,95,81.0,High
AUD_3664,1029,21,Male,Hubei,Undergraduate,6,Reading,50.79,122,91.32,5,52,78,85,69.7,Medium
AUD_3665,1806,23,Male,Guangdong,High School,13,Spontaneous,59.8,127,133.15,9,74,51,78,68.3,Medium
AUD_3666,1107,33,Female,Beijing,High School,11,Reading,70.9,74,101.64,11,77,74,82,77.6,High
AUD_3667,1366,19,Male,Shanghai,Postgraduate,8,Reading,74.24,102,106.5,3,64,81,81,74.2,Medium
AUD_3668,1280,40,Male,Zhejiang,Postgraduate,10,Spontaneous,65.43,131,133.26,3,66,75,57,66.0,Medium
AUD_3669,1127,35,Male,Hubei,Undergraduate,4,Spontaneous,33.93,130,168.03,4,51,75,92,70.5,Medium
AUD_3670,1228,27,Female,Beijing,Postgraduate,12,Reading,47.8,183,166.02,5,76,87,62,75.1,High
AUD_3671,1110,41,Male,Sichuan,High School,7,Spontaneous,24.99,125,176.86,12,85,71,66,75.1,High
AUD_3672,1135,41,Male,Shanghai,Undergraduate,14,Spontaneous,51.62,52,133.44,14,63,59,70,63.900000000000006,Medium
AUD_3673,1361,34,Female,Jiangsu,Postgraduate,14,Reading,87.92,84,139.68,7,92,72,63,77.30000000000001,High
AUD_3674,1185,30,Female,Zhejiang,Undergraduate,3,Spontaneous,64.92,96,163.99,6,81,53,74,70.5,Medium
AUD_3675,1655,41,Female,Hubei,High School,6,Reading,30.82,142,152.97,11,61,65,98,73.30000000000001,Medium
AUD_3676,1583,35,Male,Sichuan,Postgraduate,12,Spontaneous,38.8,180,106.45,14,72,91,73,78.0,High
AUD_3677,1128,39,Female,Hubei,High School,3,Spontaneous,24.52,108,125.84,11,65,82,82,75.19999999999999,High
AUD_3678,1875,30,Male,Hubei,High School,13,Spontaneous,32.77,145,173.62,8,93,62,57,72.89999999999999,Medium
AUD_3679,1260,34,Female,Sichuan,Undergraduate,13,Spontaneous,54.15,67,103.15,7,51,95,77,72.0,Medium
AUD_3680,1514,22,Male,Jiangsu,Undergraduate,11,Reading,44.14,175,108.84,5,56,93,68,70.69999999999999,Medium
AUD_3681,1448,28,Female,Sichuan,Undergraduate,4,Spontaneous,34.28,126,126.06,12,70,62,60,64.6,Medium
AUD_3682,1899,24,Male,Shanghai,Postgraduate,9,Reading,30.26,115,174.59,11,80,82,59,74.3,Medium
AUD_3683,1103,27,Male,Henan,Postgraduate,5,Reading,65.92,69,100.24,10,72,63,50,62.7,Medium
AUD_3684,1482,34,Female,Hubei,Undergraduate,4,Spontaneous,59.07,67,150.56,8,74,57,54,62.900000000000006,Medium
AUD_3685,1223,32,Female,Jiangsu,Postgraduate,6,Spontaneous,78.98,121,101.89,2,84,75,65,75.6,High
AUD_3686,1831,35,Male,Hubei,Postgraduate,9,Reading,32.83,171,137.21,9,84,71,69,75.60000000000001,High
AUD_3687,1873,40,Female,Sichuan,Undergraduate,9,Spontaneous,79.36,115,138.29,5,94,95,69,86.8,High
AUD_3688,1865,39,Male,Jiangsu,High School,11,Spontaneous,60.45,148,93.84,8,56,50,77,60.5,Medium
AUD_3689,1490,36,Female,Jiangsu,Postgraduate,14,Reading,38.64,75,175.87,12,54,98,54,67.2,Medium
AUD_3690,1472,43,Female,Beijing,Postgraduate,5,Spontaneous,39.15,54,162.6,3,81,65,97,81.0,High
AUD_3691,1009,19,Male,Beijing,High School,9,Reading,47.33,129,117.26,13,54,93,52,65.1,Medium
AUD_3692,1404,43,Female,Henan,High School,8,Spontaneous,52.21,155,101.76,4,74,78,79,76.7,High
AUD_3693,1895,21,Female,Beijing,High School,12,Spontaneous,25.78,60,121.11,2,80,72,72,75.19999999999999,High
AUD_3694,1301,20,Male,Sichuan,Undergraduate,9,Spontaneous,78.94,196,170.48,3,69,54,83,68.69999999999999,Medium
AUD_3695,1230,24,Male,Zhejiang,High School,9,Spontaneous,28.51,189,101.94,12,71,70,98,78.80000000000001,High
AUD_3696,1730,41,Female,Shanghai,Undergraduate,12,Spontaneous,53.84,179,121.44,6,87,99,77,87.6,High
AUD_3697,1922,35,Male,Sichuan,High School,7,Spontaneous,46.81,199,134.49,3,62,85,50,65.3,Medium
AUD_3698,1065,27,Female,Hubei,High School,11,Reading,55.86,82,92.96,14,88,69,97,85.0,High
AUD_3699,1936,24,Female,Beijing,Undergraduate,9,Reading,82.12,73,114.12,7,51,92,76,70.8,Medium
AUD_3700,1111,25,Male,Jiangsu,Undergraduate,9,Spontaneous,89.24,198,143.61,7,71,57,83,70.4,Medium
AUD_3701,1012,23,Male,Sichuan,High School,14,Spontaneous,21.42,95,119.16,7,58,75,80,69.7,Medium
AUD_3702,1392,39,Male,Jiangsu,High School,5,Reading,47.53,67,168.35,13,51,90,81,71.7,Medium
AUD_3703,1499,43,Male,Henan,High School,3,Reading,77.23,182,174.31,12,94,74,56,76.6,High
AUD_3704,1931,18,Male,Hubei,Postgraduate,7,Reading,42.86,57,129.74,4,81,91,92,87.3,High
AUD_3705,1597,21,Male,Jiangsu,High School,10,Spontaneous,65.43,134,137.88,12,57,56,87,65.7,Medium
AUD_3706,1233,31,Female,Jiangsu,Undergraduate,7,Spontaneous,89.46,160,146.77,4,65,71,83,72.19999999999999,Medium
AUD_3707,1601,34,Female,Henan,Postgraduate,12,Spontaneous,65.27,106,149.81,11,82,82,95,85.9,High
AUD_3708,1313,37,Male,Guangdong,Undergraduate,5,Reading,27.78,54,95.69,8,60,54,53,56.1,Low
AUD_3709,1565,35,Female,Zhejiang,Postgraduate,11,Reading,79.01,62,94.83,14,81,87,68,78.9,High
AUD_3710,1011,28,Female,Shanghai,Postgraduate,4,Spontaneous,87.67,132,167.9,14,57,61,71,62.400000000000006,Medium
AUD_3711,1208,38,Female,Shanghai,Undergraduate,5,Reading,69.88,139,109.79,5,81,93,78,83.69999999999999,High
AUD_3712,1973,43,Female,Beijing,Postgraduate,14,Spontaneous,49.33,118,142.57,7,70,63,83,71.8,Medium
AUD_3713,1013,31,Male,Guangdong,Undergraduate,6,Spontaneous,86.39,81,146.22,13,74,56,83,71.30000000000001,Medium
AUD_3714,1632,26,Female,Sichuan,High School,12,Reading,87.8,151,104.8,9,69,77,94,78.9,High
AUD_3715,1417,44,Female,Henan,Postgraduate,3,Spontaneous,85.46,179,158.54,4,50,95,94,76.7,High
AUD_3716,1436,32,Male,Sichuan,Undergraduate,13,Reading,48.83,118,167.94,10,70,65,52,63.1,Medium
AUD_3717,1376,29,Male,Shanghai,Postgraduate,6,Reading,75.28,192,115.68,10,56,90,70,70.4,Medium
AUD_3718,1019,27,Male,Zhejiang,Undergraduate,6,Spontaneous,65.79,121,169.01,4,74,51,87,71.0,Medium
AUD_3719,1586,36,Male,Jiangsu,High School,11,Spontaneous,32.58,160,97.29,7,58,98,70,73.6,Medium
AUD_3720,1911,41,Female,Hubei,High School,10,Reading,57.49,114,162.04,6,71,80,66,72.2,Medium
AUD_3721,1754,36,Male,Beijing,Postgraduate,4,Spontaneous,72.34,66,147.61,5,51,85,78,69.30000000000001,Medium
AUD_3722,1734,23,Female,Zhejiang,Postgraduate,9,Reading,82.71,129,142.48,9,68,63,82,70.7,Medium
AUD_3723,1069,37,Female,Shanghai,Undergraduate,8,Spontaneous,80.38,178,110.71,11,55,95,88,76.9,High
AUD_3724,1823,41,Male,Guangdong,Undergraduate,9,Reading,30.83,52,122.57,10,54,77,75,67.2,Medium
AUD_3725,1210,44,Male,Beijing,Postgraduate,13,Reading,54.16,176,171.93,13,94,96,56,83.2,High
AUD_3726,1100,23,Male,Henan,Undergraduate,6,Spontaneous,53.48,177,131.92,10,59,81,94,76.10000000000001,High
AUD_3727,1697,25,Male,Shanghai,Undergraduate,7,Spontaneous,82.91,119,143.49,6,50,77,58,60.49999999999999,Medium
AUD_3728,1131,18,Male,Sichuan,Undergraduate,8,Reading,20.14,101,174.23,6,75,61,67,68.39999999999999,Medium
AUD_3729,1622,39,Male,Beijing,Postgraduate,11,Reading,71.71,171,131.98,12,75,62,50,63.599999999999994,Medium
AUD_3730,1380,34,Female,Henan,High School,4,Reading,63.3,52,124.94,4,67,71,60,66.1,Medium
AUD_3731,1131,34,Female,Shanghai,High School,13,Reading,84.51,143,170.39,10,70,91,71,76.6,High
AUD_3732,1019,41,Female,Sichuan,Undergraduate,11,Spontaneous,51.98,96,171.98,2,95,97,81,91.39999999999999,High
AUD_3733,1905,32,Female,Hubei,Postgraduate,12,Spontaneous,66.04,124,121.92,13,61,78,92,75.39999999999999,High
AUD_3734,1535,24,Male,Sichuan,Undergraduate,3,Spontaneous,88.09,140,143.28,4,87,79,59,76.2,High
AUD_3735,1226,36,Male,Jiangsu,High School,6,Reading,72.07,135,176.74,8,63,64,98,73.80000000000001,Medium
AUD_3736,1153,39,Female,Henan,Undergraduate,14,Spontaneous,24.72,55,94.99,8,98,89,76,88.7,High
AUD_3737,1804,42,Female,Henan,High School,7,Reading,31.73,144,93.58,6,81,53,98,77.69999999999999,High
AUD_3738,1741,40,Female,Guangdong,Postgraduate,11,Reading,77.5,110,136.49,7,88,82,61,78.1,High
AUD_3739,1468,20,Male,Henan,Undergraduate,8,Spontaneous,43.44,92,116.21,5,84,95,79,85.8,High
AUD_3740,1821,39,Male,Jiangsu,Postgraduate,6,Spontaneous,69.41,105,142.37,9,66,58,59,61.5,Medium
AUD_3741,1999,28,Male,Shanghai,Undergraduate,4,Reading,68.99,163,155.19,5,59,87,61,68.0,Medium
AUD_3742,1870,37,Female,Hubei,Undergraduate,7,Reading,89.56,197,96.22,11,84,65,87,79.2,High
AUD_3743,1404,36,Female,Zhejiang,Undergraduate,10,Spontaneous,52.89,96,169.41,7,65,75,70,69.5,Medium
AUD_3744,1201,26,Male,Hubei,Undergraduate,10,Reading,71.65,80,114.92,6,55,92,76,72.39999999999999,Medium
AUD_3745,1037,27,Male,Hubei,Undergraduate,8,Spontaneous,23.41,151,124.32,13,53,76,55,60.5,Medium
AUD_3746,1941,19,Female,Henan,Postgraduate,13,Spontaneous,52.38,113,120.33,11,58,60,87,67.3,Medium
AUD_3747,1771,18,Female,Hubei,Postgraduate,3,Reading,33.07,139,165.59,7,78,95,57,76.8,High
AUD_3748,1187,33,Male,Henan,High School,10,Reading,78.84,140,105.36,4,56,92,86,75.8,High
AUD_3749,1056,35,Female,Jiangsu,Undergraduate,6,Reading,78.79,95,92.58,14,65,75,55,65.0,Medium
AUD_3750,1940,40,Male,Zhejiang,High School,4,Reading,36.55,159,177.46,4,55,63,83,65.8,Medium
AUD_3751,1019,43,Male,Sichuan,Postgraduate,3,Reading,42.28,144,178.26,11,93,50,98,81.6,High
AUD_3752,1272,34,Female,Henan,High School,9,Spontaneous,69.17,73,113.19,8,52,60,89,65.5,Medium
AUD_3753,1118,23,Female,Shanghai,Postgraduate,4,Spontaneous,71.68,138,90.84,14,93,79,71,82.2,High
AUD_3754,1582,31,Female,Guangdong,Undergraduate,6,Spontaneous,66.03,86,148.13,2,63,73,78,70.5,Medium
AUD_3755,1515,40,Male,Zhejiang,High School,6,Spontaneous,89.77,78,148.36,2,63,99,58,72.30000000000001,Medium
AUD_3756,1220,42,Female,Shanghai,High School,12,Reading,80.81,156,174.63,2,58,98,70,73.6,Medium
AUD_3757,1525,32,Female,Henan,High School,3,Spontaneous,49.19,179,116.86,7,85,53,81,74.2,Medium
AUD_3758,1514,31,Male,Zhejiang,High School,4,Reading,42.89,189,107.06,5,72,71,57,67.2,Medium
AUD_3759,1727,41,Male,Henan,Undergraduate,3,Reading,61.78,182,145.47,7,64,95,92,81.7,High
AUD_3760,1740,39,Female,Jiangsu,Postgraduate,8,Reading,77.23,140,140.73,2,56,57,59,57.2,Low
AUD_3761,1335,20,Male,Shanghai,Postgraduate,5,Reading,53.27,105,154.6,5,69,96,98,85.8,High
AUD_3762,1697,41,Male,Jiangsu,Undergraduate,3,Reading,71.64,127,169.66,5,68,65,72,68.3,Medium
AUD_3763,1054,40,Male,Beijing,Postgraduate,14,Spontaneous,21.34,120,140.38,3,55,82,69,67.3,Medium
AUD_3764,1499,36,Female,Shanghai,High School,10,Reading,84.81,85,103.51,2,88,82,62,78.39999999999999,High
AUD_3765,1899,42,Female,Zhejiang,Undergraduate,14,Reading,74.17,123,143.83,14,50,59,71,59.0,Low
AUD_3766,1887,29,Male,Beijing,Postgraduate,6,Spontaneous,47.59,78,123.67,9,56,51,90,64.7,Medium
AUD_3767,1765,19,Male,Jiangsu,Undergraduate,12,Spontaneous,46.88,129,130.75,7,84,93,64,80.7,High
AUD_3768,1535,20,Male,Jiangsu,Undergraduate,9,Spontaneous,27.2,151,176.35,5,74,53,80,69.5,Medium
AUD_3769,1161,35,Female,Zhejiang,Postgraduate,12,Reading,77.13,82,139.95,3,87,72,94,84.60000000000001,High
AUD_3770,1669,18,Male,Beijing,Postgraduate,4,Reading,73.8,142,103.47,13,72,76,81,75.9,High
AUD_3771,1593,37,Male,Hubei,Undergraduate,8,Reading,64.12,161,129.88,14,74,82,94,82.4,High
AUD_3772,1914,38,Female,Sichuan,Undergraduate,8,Reading,27.1,172,110.56,6,87,82,62,78.0,High
AUD_3773,1158,23,Male,Guangdong,Postgraduate,9,Spontaneous,38.36,190,102.19,10,60,90,74,73.2,Medium
AUD_3774,1187,22,Female,Zhejiang,Undergraduate,14,Spontaneous,52.12,183,154.1,8,83,69,70,74.9,Medium
AUD_3775,1059,18,Female,Jiangsu,Postgraduate,3,Spontaneous,38.62,57,146.57,5,80,62,53,66.5,Medium
AUD_3776,1914,36,Female,Shanghai,Undergraduate,14,Spontaneous,50.38,167,134.8,6,87,60,91,80.10000000000001,High
AUD_3777,1816,18,Male,Beijing,Undergraduate,3,Spontaneous,35.82,58,128.09,9,99,68,64,79.2,High
AUD_3778,1318,44,Male,Henan,Undergraduate,4,Spontaneous,44.47,70,119.0,12,95,98,70,88.4,High
AUD_3779,1877,38,Female,Sichuan,Postgraduate,13,Reading,65.66,178,97.92,14,61,81,91,76.0,High
AUD_3780,1210,38,Male,Guangdong,High School,4,Reading,82.47,95,116.93,6,58,52,57,55.900000000000006,Low
AUD_3781,1405,33,Female,Shanghai,Postgraduate,7,Spontaneous,46.95,111,165.46,13,62,62,80,67.4,Medium
AUD_3782,1663,29,Male,Beijing,Undergraduate,3,Spontaneous,68.43,51,160.53,7,69,77,59,68.4,Medium
AUD_3783,1108,44,Female,Sichuan,High School,13,Spontaneous,29.44,153,177.51,14,70,71,70,70.3,Medium
AUD_3784,1075,39,Female,Zhejiang,High School,4,Spontaneous,57.86,124,149.05,11,71,68,66,68.6,Medium
AUD_3785,1541,25,Male,Henan,Undergraduate,8,Reading,84.52,150,139.83,7,50,80,54,60.2,Medium
AUD_3786,1313,43,Male,Sichuan,Postgraduate,5,Reading,21.96,137,116.64,9,89,69,62,74.89999999999999,Medium
AUD_3787,1997,33,Male,Zhejiang,High School,6,Reading,38.73,177,96.92,14,90,73,70,78.9,High
AUD_3788,1116,18,Male,Henan,High School,3,Spontaneous,29.27,132,145.62,12,66,81,93,78.6,High
AUD_3789,1926,21,Female,Henan,Postgraduate,7,Spontaneous,57.32,54,133.93,6,94,58,61,73.3,Medium
AUD_3790,1867,27,Female,Hubei,Postgraduate,6,Spontaneous,67.57,142,158.32,2,53,68,74,63.8,Medium
AUD_3791,1703,28,Male,Beijing,High School,10,Reading,24.04,88,127.07,5,55,72,77,66.69999999999999,Medium
AUD_3792,1018,34,Male,Henan,Postgraduate,5,Reading,24.92,177,178.7,4,94,74,51,75.1,High
AUD_3793,1431,42,Female,Sichuan,High School,12,Reading,80.87,115,125.79,3,98,82,70,84.8,High
AUD_3794,1684,44,Male,Henan,Undergraduate,3,Spontaneous,51.94,94,119.98,8,68,98,90,83.6,High
AUD_3795,1739,40,Male,Guangdong,Postgraduate,12,Reading,52.41,124,168.39,14,79,95,71,81.4,High
AUD_3796,1349,24,Male,Sichuan,High School,7,Reading,86.12,150,125.6,14,72,93,51,72.0,Medium
AUD_3797,1182,29,Male,Beijing,Postgraduate,3,Spontaneous,42.41,190,168.38,8,81,51,79,71.39999999999999,Medium
AUD_3798,1112,38,Female,Shanghai,Postgraduate,13,Reading,82.79,142,92.46,9,78,52,50,61.800000000000004,Medium
AUD_3799,1182,24,Female,Shanghai,High School,7,Spontaneous,88.2,168,152.33,11,57,77,95,74.4,Medium
AUD_3800,1480,29,Male,Sichuan,Undergraduate,11,Spontaneous,36.92,81,96.47,6,70,86,62,72.39999999999999,Medium
AUD_3801,1145,32,Female,Sichuan,High School,7,Spontaneous,55.98,158,103.34,2,66,84,52,67.2,Medium
AUD_3802,1830,19,Male,Zhejiang,Postgraduate,4,Reading,57.4,92,153.01,7,66,63,69,66.0,Medium
AUD_3803,1627,31,Male,Beijing,High School,4,Reading,80.63,185,116.08,7,70,73,54,66.1,Medium
AUD_3804,1112,30,Male,Zhejiang,Postgraduate,12,Spontaneous,41.27,123,108.94,12,64,99,51,70.6,Medium
AUD_3805,1762,21,Female,Guangdong,High School,11,Reading,75.86,188,162.14,9,76,86,75,78.7,High
AUD_3806,1475,31,Female,Hubei,Undergraduate,14,Spontaneous,87.97,88,175.16,14,74,52,78,68.6,Medium
AUD_3807,1762,31,Female,Shanghai,Undergraduate,7,Reading,78.82,75,110.91,11,82,72,67,74.5,Medium
AUD_3808,1302,33,Female,Henan,Undergraduate,13,Spontaneous,83.64,121,118.55,3,51,83,58,62.699999999999996,Medium
AUD_3809,1970,24,Female,Henan,Undergraduate,10,Spontaneous,69.58,151,154.27,12,91,58,71,75.1,High
AUD_3810,1824,36,Male,Jiangsu,High School,12,Reading,83.28,75,163.38,10,65,67,77,69.19999999999999,Medium
AUD_3811,1117,19,Male,Jiangsu,Undergraduate,6,Spontaneous,31.54,81,179.92,12,85,51,61,67.6,Medium
AUD_3812,1812,27,Female,Beijing,High School,4,Spontaneous,69.87,95,114.6,14,57,71,86,69.9,Medium
AUD_3813,1160,35,Female,Henan,Postgraduate,6,Spontaneous,71.23,184,140.1,7,65,84,67,71.3,Medium
AUD_3814,1400,34,Female,Beijing,Postgraduate,14,Spontaneous,50.74,84,102.06,2,56,80,83,71.30000000000001,Medium
AUD_3815,1197,22,Male,Jiangsu,Postgraduate,13,Spontaneous,25.58,71,119.78,10,54,75,91,71.4,Medium
AUD_3816,1259,29,Female,Beijing,Undergraduate,6,Reading,63.57,199,94.05,9,72,99,91,85.8,High
AUD_3817,1659,23,Male,Shanghai,Undergraduate,13,Reading,23.63,171,108.98,11,57,63,52,57.300000000000004,Low
AUD_3818,1751,39,Male,Guangdong,Undergraduate,11,Spontaneous,46.77,52,135.59,2,52,94,95,77.5,High
AUD_3819,1046,26,Female,Guangdong,Postgraduate,12,Reading,47.56,95,104.74,9,84,97,54,78.9,High
AUD_3820,1986,37,Male,Henan,Postgraduate,13,Spontaneous,89.92,57,170.04,14,99,77,72,84.3,High
AUD_3821,1398,18,Male,Zhejiang,Postgraduate,8,Spontaneous,40.99,53,153.93,8,85,60,62,70.6,Medium
AUD_3822,1709,39,Female,Shanghai,Postgraduate,12,Spontaneous,77.43,64,92.5,6,85,81,73,80.19999999999999,High
AUD_3823,1558,32,Male,Hubei,High School,8,Spontaneous,23.72,93,168.9,14,64,70,77,69.7,Medium
AUD_3824,1077,38,Female,Beijing,High School,7,Spontaneous,57.08,169,177.96,7,79,72,66,73.0,Medium
AUD_3825,1123,43,Male,Beijing,Undergraduate,8,Reading,57.57,125,135.17,5,64,73,55,64.0,Medium
AUD_3826,1074,23,Female,Henan,Undergraduate,3,Reading,64.01,161,118.31,10,78,61,76,72.3,Medium
AUD_3827,1870,36,Female,Hubei,Postgraduate,7,Reading,76.7,136,113.71,10,53,52,94,65.0,Medium
AUD_3828,1136,35,Male,Zhejiang,High School,14,Reading,73.33,67,97.87,14,83,55,78,73.1,Medium
AUD_3829,1601,23,Female,Zhejiang,High School,8,Reading,73.27,101,134.24,11,72,97,61,76.2,High
AUD_3830,1399,30,Male,Beijing,Undergraduate,10,Reading,50.26,103,94.51,2,84,61,84,77.10000000000001,High
AUD_3831,1836,18,Male,Beijing,High School,6,Spontaneous,70.92,91,135.35,13,77,69,97,80.6,High
AUD_3832,1504,40,Female,Hubei,Undergraduate,7,Reading,54.39,142,112.73,10,80,55,54,64.7,Medium
AUD_3833,1499,40,Male,Henan,Postgraduate,6,Spontaneous,24.69,190,132.88,4,91,69,51,72.39999999999999,Medium
AUD_3834,1572,43,Female,Shanghai,Postgraduate,9,Spontaneous,82.31,81,127.65,13,82,63,60,69.7,Medium
AUD_3835,1137,30,Male,Hubei,Undergraduate,12,Reading,82.31,132,117.46,3,67,90,53,69.69999999999999,Medium
AUD_3836,1049,24,Male,Zhejiang,Postgraduate,8,Reading,42.6,130,130.38,5,54,98,71,72.3,Medium
AUD_3837,1770,32,Female,Hubei,Postgraduate,6,Spontaneous,83.97,115,132.66,5,58,93,50,66.1,Medium
AUD_3838,1972,29,Male,Hubei,High School,8,Spontaneous,73.06,131,165.03,10,69,50,94,70.8,Medium
AUD_3839,1618,44,Male,Hubei,High School,6,Spontaneous,48.06,127,149.92,5,87,69,99,85.2,High
AUD_3840,1624,43,Male,Shanghai,High School,14,Spontaneous,43.21,103,128.98,6,58,71,65,64.0,Medium
AUD_3841,1861,18,Male,Sichuan,High School,10,Spontaneous,88.26,122,171.47,7,67,89,51,68.8,Medium
AUD_3842,1253,32,Male,Beijing,High School,13,Reading,69.88,63,158.02,5,64,80,90,76.6,High
AUD_3843,1629,21,Male,Jiangsu,Undergraduate,5,Reading,46.52,185,96.81,2,64,80,76,72.4,Medium
AUD_3844,1709,30,Male,Henan,Undergraduate,10,Spontaneous,64.94,84,103.84,14,63,77,61,66.6,Medium
AUD_3845,1848,40,Male,Hubei,High School,4,Spontaneous,60.01,195,97.35,3,84,61,54,68.10000000000001,Medium
AUD_3846,1876,44,Female,Henan,Postgraduate,8,Spontaneous,56.72,127,118.7,4,89,65,54,71.3,Medium
AUD_3847,1562,42,Male,Jiangsu,Postgraduate,10,Spontaneous,65.13,101,129.21,5,92,82,71,82.7,High
AUD_3848,1756,22,Male,Sichuan,Undergraduate,3,Spontaneous,57.63,121,135.38,6,85,84,62,77.8,High
AUD_3849,1914,19,Female,Beijing,Undergraduate,8,Spontaneous,65.84,185,166.63,14,96,93,65,85.80000000000001,High
AUD_3850,1425,40,Female,Zhejiang,Undergraduate,11,Spontaneous,83.53,115,91.62,11,91,53,75,74.8,Medium
AUD_3851,1546,43,Female,Jiangsu,Postgraduate,12,Spontaneous,89.53,130,128.55,11,69,59,58,62.699999999999996,Medium
AUD_3852,1301,18,Male,Henan,Undergraduate,12,Reading,69.65,126,126.99,4,60,83,97,78.0,High
AUD_3853,1921,33,Female,Henan,Postgraduate,4,Spontaneous,84.95,167,175.27,12,90,90,81,87.3,High
AUD_3854,1580,40,Female,Henan,Undergraduate,13,Spontaneous,80.09,122,111.69,2,66,52,68,62.4,Medium
AUD_3855,1348,23,Male,Zhejiang,Postgraduate,3,Reading,40.65,76,101.02,12,90,80,85,85.5,High
AUD_3856,1831,40,Male,Jiangsu,Undergraduate,4,Spontaneous,85.3,197,102.8,12,74,80,77,76.7,High
AUD_3857,1932,33,Female,Henan,Undergraduate,7,Spontaneous,24.96,87,136.81,9,78,50,64,65.4,Medium
AUD_3858,1979,31,Female,Zhejiang,Postgraduate,8,Spontaneous,43.09,189,125.18,9,72,54,58,62.4,Medium
AUD_3859,1048,43,Male,Hubei,Undergraduate,3,Spontaneous,64.8,135,157.87,14,58,54,65,58.900000000000006,Low
AUD_3860,1916,20,Male,Henan,High School,9,Reading,56.88,150,119.09,5,74,51,55,61.4,Medium
AUD_3861,1073,32,Male,Jiangsu,Postgraduate,13,Spontaneous,57.97,152,101.52,8,90,64,57,72.3,Medium
AUD_3862,1703,20,Male,Zhejiang,Undergraduate,6,Spontaneous,75.64,80,124.82,5,72,50,82,68.39999999999999,Medium
AUD_3863,1260,40,Male,Sichuan,Postgraduate,11,Spontaneous,33.63,89,169.47,4,51,70,81,65.7,Medium
AUD_3864,1355,19,Female,Shanghai,Undergraduate,8,Reading,88.75,122,126.5,8,94,86,95,91.9,High
AUD_3865,1581,18,Male,Zhejiang,High School,11,Spontaneous,50.62,187,165.03,7,50,56,85,62.3,Medium
AUD_3866,1601,26,Male,Shanghai,Undergraduate,3,Spontaneous,86.49,179,123.44,2,87,60,91,80.10000000000001,High
AUD_3867,1259,26,Male,Shanghai,Undergraduate,6,Reading,46.82,131,115.32,10,55,75,97,73.6,Medium
AUD_3868,1637,40,Male,Beijing,High School,4,Reading,62.13,81,159.74,13,97,91,85,91.60000000000001,High
AUD_3869,1742,24,Male,Hubei,Postgraduate,8,Reading,51.52,137,108.83,3,93,51,83,77.4,High
AUD_3870,1294,20,Female,Sichuan,Undergraduate,6,Reading,67.32,151,110.86,14,64,79,51,64.6,Medium
AUD_3871,1930,43,Male,Shanghai,Undergraduate,11,Spontaneous,32.85,138,94.48,4,56,63,62,59.89999999999999,Low
AUD_3872,1640,35,Female,Guangdong,High School,5,Reading,48.04,138,106.91,6,51,54,92,64.2,Medium
AUD_3873,1791,28,Male,Hubei,Postgraduate,3,Reading,24.79,81,124.09,4,79,80,59,73.3,Medium
AUD_3874,1312,24,Female,Shanghai,Postgraduate,13,Reading,61.87,103,125.96,4,78,97,87,86.39999999999999,High
AUD_3875,1611,26,Female,Zhejiang,High School,13,Spontaneous,87.39,145,127.86,9,61,81,56,65.5,Medium
AUD_3876,1837,18,Male,Shanghai,High School,3,Reading,23.21,163,133.17,5,83,83,96,86.9,High
AUD_3877,1808,31,Male,Zhejiang,Undergraduate,14,Spontaneous,66.17,73,141.47,14,79,59,52,64.89999999999999,Medium
AUD_3878,1181,37,Male,Henan,High School,11,Spontaneous,74.26,79,107.05,14,85,80,76,80.8,High
AUD_3879,1685,23,Male,Zhejiang,High School,11,Reading,34.92,146,145.25,11,84,76,63,75.30000000000001,High
AUD_3880,1827,24,Male,Guangdong,High School,7,Spontaneous,39.12,104,120.29,3,51,67,79,64.2,Medium
AUD_3881,1363,27,Female,Shanghai,Postgraduate,4,Reading,34.11,113,156.06,6,99,54,83,80.69999999999999,High
AUD_3882,1187,24,Male,Shanghai,High School,11,Reading,40.82,82,140.15,3,52,66,72,62.2,Medium
AUD_3883,1568,43,Male,Jiangsu,Undergraduate,14,Spontaneous,27.71,95,139.88,11,91,60,97,83.5,High
AUD_3884,1542,19,Female,Hubei,Undergraduate,10,Spontaneous,45.92,82,151.69,12,61,54,66,60.400000000000006,Medium
AUD_3885,1595,21,Male,Jiangsu,Undergraduate,13,Spontaneous,45.83,79,119.97,13,53,87,64,66.5,Medium
AUD_3886,1663,38,Female,Beijing,High School,12,Spontaneous,76.51,128,128.63,9,56,97,94,79.7,High
AUD_3887,1984,34,Male,Zhejiang,Postgraduate,12,Reading,76.07,141,142.46,4,69,86,93,81.30000000000001,High
AUD_3888,1547,18,Female,Guangdong,High School,8,Spontaneous,75.77,145,127.94,3,68,70,56,65.0,Medium
AUD_3889,1724,27,Male,Jiangsu,High School,9,Spontaneous,59.69,79,129.98,4,57,73,52,60.300000000000004,Medium
AUD_3890,1925,36,Female,Shanghai,Undergraduate,14,Spontaneous,42.81,155,114.52,4,52,79,58,61.9,Medium
AUD_3891,1407,32,Female,Beijing,High School,8,Spontaneous,48.77,151,115.86,2,76,65,52,65.5,Medium
AUD_3892,1875,27,Male,Guangdong,Postgraduate,7,Reading,42.24,189,152.91,4,64,98,97,84.1,High
AUD_3893,1617,36,Male,Sichuan,Undergraduate,6,Reading,60.73,116,90.39,4,57,90,84,75.0,High
AUD_3894,1413,29,Male,Shanghai,Postgraduate,9,Spontaneous,85.66,192,98.58,5,67,71,89,74.8,Medium
AUD_3895,1341,41,Female,Shanghai,Postgraduate,6,Spontaneous,39.91,59,175.39,14,78,51,57,63.599999999999994,Medium
AUD_3896,1219,33,Female,Henan,Postgraduate,12,Reading,52.12,135,106.83,9,95,68,75,80.9,High
AUD_3897,1902,26,Female,Sichuan,High School,12,Reading,65.86,110,127.63,10,85,98,64,82.6,High
AUD_3898,1162,32,Male,Zhejiang,High School,12,Reading,79.13,72,166.47,2,52,86,54,62.8,Medium
AUD_3899,1950,44,Male,Zhejiang,High School,11,Reading,37.73,60,90.01,2,58,51,62,57.099999999999994,Low
AUD_3900,1219,34,Female,Jiangsu,High School,7,Spontaneous,39.62,65,173.27,7,59,60,64,60.8,Medium
AUD_3901,1269,31,Male,Jiangsu,Undergraduate,10,Spontaneous,81.96,98,94.81,2,89,82,88,86.6,High
AUD_3902,1631,44,Female,Shanghai,High School,14,Reading,25.62,159,105.38,13,69,58,61,63.3,Medium
AUD_3903,1905,35,Male,Hubei,Undergraduate,14,Reading,62.38,129,92.62,6,51,74,84,67.8,Medium
AUD_3904,1847,43,Male,Shanghai,Postgraduate,14,Spontaneous,80.23,191,136.76,13,50,55,57,53.599999999999994,Low
AUD_3905,1399,19,Female,Jiangsu,Undergraduate,8,Spontaneous,84.52,183,174.88,2,76,60,59,66.10000000000001,Medium
AUD_3906,1181,21,Male,Sichuan,High School,6,Reading,20.89,194,165.51,14,53,76,83,68.9,Medium
AUD_3907,1990,35,Male,Jiangsu,Undergraduate,14,Spontaneous,45.88,168,147.58,9,97,57,57,73.0,Medium
AUD_3908,1617,24,Male,Shanghai,High School,5,Reading,38.01,91,106.69,13,86,94,71,83.89999999999999,High
AUD_3909,1728,30,Male,Guangdong,High School,13,Spontaneous,59.76,59,168.26,6,81,80,99,86.1,High
AUD_3910,1204,32,Male,Shanghai,Undergraduate,8,Spontaneous,64.3,98,157.93,7,67,76,61,67.9,Medium
AUD_3911,1581,42,Female,Guangdong,Undergraduate,3,Reading,89.98,58,114.02,5,63,93,71,74.4,Medium
AUD_3912,1555,40,Male,Guangdong,Postgraduate,4,Spontaneous,55.89,51,162.46,14,94,90,76,87.39999999999999,High
AUD_3913,1840,39,Female,Shanghai,Postgraduate,9,Reading,58.6,117,168.94,9,97,96,67,87.69999999999999,High
AUD_3914,1812,43,Male,Hubei,Postgraduate,6,Spontaneous,49.0,101,152.84,13,64,54,68,62.199999999999996,Medium
AUD_3915,1227,18,Male,Hubei,Postgraduate,7,Reading,30.34,188,99.03,10,53,64,54,56.60000000000001,Low
AUD_3916,1695,28,Female,Beijing,Postgraduate,13,Reading,41.23,86,178.58,10,68,51,65,62.0,Medium
AUD_3917,1618,27,Female,Jiangsu,Undergraduate,12,Reading,37.29,71,96.84,2,73,64,98,77.80000000000001,High
AUD_3918,1595,42,Male,Hubei,Postgraduate,3,Spontaneous,76.09,54,148.9,8,79,80,90,82.6,High
AUD_3919,1849,22,Male,Zhejiang,Undergraduate,4,Reading,58.21,179,99.95,5,62,69,59,63.2,Medium
AUD_3920,1249,33,Female,Shanghai,Postgraduate,6,Reading,40.73,182,171.49,14,60,52,68,60.0,Medium
AUD_3921,1874,28,Female,Guangdong,High School,10,Spontaneous,54.24,148,121.5,14,77,91,93,86.0,High
AUD_3922,1440,38,Female,Shanghai,Postgraduate,12,Spontaneous,35.32,196,136.04,11,99,88,50,81.0,High
AUD_3923,1532,23,Female,Jiangsu,High School,6,Reading,32.96,152,106.09,12,60,59,71,63.0,Medium
AUD_3924,1195,26,Male,Sichuan,Undergraduate,5,Reading,80.2,164,139.19,9,50,75,66,62.3,Medium
AUD_3925,1689,30,Male,Hubei,Postgraduate,5,Spontaneous,86.14,53,174.5,8,96,59,84,81.30000000000001,High
AUD_3926,1928,41,Male,Hubei,Undergraduate,14,Spontaneous,25.6,136,171.15,2,91,89,88,89.5,High
AUD_3927,1986,25,Male,Hubei,Postgraduate,7,Spontaneous,73.54,95,95.75,2,53,62,58,57.199999999999996,Low
AUD_3928,1518,31,Male,Guangdong,Undergraduate,5,Reading,51.73,132,124.04,2,87,70,54,72.0,Medium
AUD_3929,1069,41,Female,Zhejiang,Postgraduate,10,Spontaneous,47.23,99,114.07,3,83,83,58,75.5,High
AUD_3930,1638,18,Female,Henan,Postgraduate,7,Reading,68.26,75,133.32,11,98,93,60,85.1,High
AUD_3931,1398,34,Female,Zhejiang,High School,14,Reading,38.64,120,165.04,3,61,81,63,67.6,Medium
AUD_3932,1977,41,Male,Hubei,Undergraduate,14,Reading,21.44,81,156.5,10,73,58,95,75.1,High
AUD_3933,1671,22,Female,Zhejiang,Undergraduate,9,Spontaneous,34.98,160,120.96,6,86,79,89,84.8,High
AUD_3934,1759,42,Male,Sichuan,Undergraduate,13,Spontaneous,32.94,166,124.44,2,81,50,73,69.3,Medium
AUD_3935,1202,19,Male,Hubei,Undergraduate,10,Spontaneous,22.38,146,148.88,8,68,61,69,66.2,Medium
AUD_3936,1147,42,Male,Beijing,Undergraduate,7,Reading,42.49,75,107.48,11,78,93,82,83.7,High
AUD_3937,1471,41,Female,Guangdong,High School,10,Reading,53.22,137,99.25,3,87,84,53,75.9,High
AUD_3938,1654,26,Male,Sichuan,Postgraduate,14,Spontaneous,71.51,100,111.83,4,98,73,65,80.6,High
AUD_3939,1943,21,Male,Henan,High School,5,Spontaneous,42.8,136,101.16,5,78,89,74,80.10000000000001,High
AUD_3940,1198,34,Female,Guangdong,Undergraduate,14,Reading,33.62,75,121.68,4,68,94,50,70.4,Medium
AUD_3941,1916,34,Male,Henan,Undergraduate,9,Reading,36.14,173,174.38,4,69,98,73,78.9,High
AUD_3942,1425,38,Female,Hubei,Postgraduate,10,Reading,82.38,80,100.83,10,52,59,52,54.1,Low
AUD_3943,1665,35,Male,Sichuan,High School,9,Reading,34.33,175,163.65,13,89,96,81,88.7,High
AUD_3944,1491,33,Female,Hubei,Postgraduate,4,Spontaneous,81.55,94,138.12,5,54,73,83,68.4,Medium
AUD_3945,1887,25,Male,Henan,Postgraduate,10,Reading,51.3,80,146.96,9,72,90,98,85.19999999999999,High
AUD_3946,1895,43,Male,Henan,High School,8,Reading,85.41,160,105.31,2,54,67,74,63.900000000000006,Medium
AUD_3947,1141,28,Female,Sichuan,Postgraduate,12,Spontaneous,48.57,110,103.62,14,79,57,92,76.3,High
AUD_3948,1312,38,Male,Hubei,High School,5,Spontaneous,32.44,94,104.65,7,81,95,52,76.5,High
AUD_3949,1164,38,Female,Beijing,High School,6,Spontaneous,58.43,109,150.04,2,73,92,56,73.6,Medium
AUD_3950,1313,35,Male,Guangdong,Undergraduate,9,Spontaneous,61.14,101,157.3,6,98,62,91,85.1,High
AUD_3951,1020,40,Female,Sichuan,Postgraduate,5,Reading,64.48,101,172.82,8,91,65,84,81.1,High
AUD_3952,1081,41,Male,Beijing,Undergraduate,3,Reading,48.8,125,125.84,14,84,63,78,75.9,High
AUD_3953,1580,27,Male,Shanghai,Postgraduate,8,Reading,23.4,111,131.58,13,81,58,89,76.5,High
AUD_3954,1130,30,Male,Hubei,Postgraduate,5,Reading,63.87,116,132.26,2,94,58,74,77.2,High
AUD_3955,1598,34,Female,Jiangsu,Undergraduate,13,Reading,85.31,128,114.29,10,97,54,77,78.1,High
AUD_3956,1729,35,Female,Sichuan,Undergraduate,12,Spontaneous,87.03,98,119.54,13,93,96,73,87.9,High
AUD_3957,1932,27,Female,Zhejiang,Undergraduate,8,Spontaneous,61.78,137,166.21,12,71,60,54,62.60000000000001,Medium
AUD_3958,1983,33,Female,Beijing,High School,12,Reading,21.39,164,120.93,10,70,68,76,71.2,Medium
AUD_3959,1304,37,Female,Beijing,Postgraduate,14,Spontaneous,27.42,93,168.22,7,77,87,59,74.6,Medium
AUD_3960,1914,22,Male,Sichuan,High School,5,Reading,78.38,85,117.47,3,98,59,61,75.2,High
AUD_3961,1370,30,Male,Henan,Postgraduate,8,Reading,78.08,71,120.59,3,83,65,67,72.8,Medium
AUD_3962,1856,35,Male,Beijing,Postgraduate,13,Reading,86.22,179,140.43,10,65,78,87,75.5,High
AUD_3963,1852,34,Male,Shanghai,High School,6,Reading,59.46,56,99.28,14,60,54,57,57.3,Low
AUD_3964,1383,26,Male,Beijing,High School,6,Reading,80.47,65,172.99,5,82,67,99,82.60000000000001,High
AUD_3965,1907,31,Female,Jiangsu,Postgraduate,12,Spontaneous,77.74,143,163.84,7,93,91,87,90.6,High
AUD_3966,1444,34,Male,Jiangsu,Undergraduate,12,Spontaneous,61.26,93,150.35,14,87,91,79,85.80000000000001,High
AUD_3967,1424,21,Female,Henan,Undergraduate,13,Reading,74.85,159,178.93,11,68,93,58,72.5,Medium
AUD_3968,1160,35,Male,Hubei,Undergraduate,4,Reading,28.8,114,91.44,3,77,84,97,85.1,High
AUD_3969,1177,44,Female,Hubei,Undergraduate,6,Spontaneous,64.74,122,127.0,5,78,85,92,84.3,High
AUD_3970,1628,37,Female,Henan,Postgraduate,13,Reading,86.74,120,167.25,3,86,71,74,77.9,High
AUD_3971,1707,41,Female,Zhejiang,Undergraduate,14,Reading,31.34,123,128.97,4,52,73,79,66.4,Medium
AUD_3972,1894,41,Male,Shanghai,Undergraduate,6,Reading,72.08,74,90.47,3,67,61,51,60.4,Medium
AUD_3973,1489,32,Male,Jiangsu,Undergraduate,13,Spontaneous,42.46,131,104.2,9,67,88,66,73.0,Medium
AUD_3974,1326,28,Male,Henan,Postgraduate,9,Reading,77.2,120,129.07,6,61,61,94,70.9,Medium
AUD_3975,1597,29,Male,Sichuan,High School,7,Reading,68.8,106,150.12,6,67,84,56,68.8,Medium
AUD_3976,1288,26,Female,Guangdong,Undergraduate,10,Spontaneous,84.83,99,104.64,9,81,99,71,83.39999999999999,High
AUD_3977,1592,30,Female,Guangdong,Postgraduate,9,Reading,69.84,124,130.32,12,91,68,59,74.5,Medium
AUD_3978,1663,32,Female,Guangdong,Postgraduate,12,Reading,48.72,187,91.15,9,85,86,75,82.3,High
AUD_3979,1572,44,Female,Hubei,Undergraduate,11,Spontaneous,20.76,199,132.98,14,68,63,62,64.7,Medium
AUD_3980,1572,32,Male,Sichuan,High School,10,Spontaneous,75.5,90,170.63,8,53,72,91,70.1,Medium
AUD_3981,1353,22,Female,Beijing,High School,11,Reading,48.59,96,143.71,6,60,89,77,73.8,Medium
AUD_3982,1027,40,Male,Sichuan,High School,3,Spontaneous,66.94,191,129.66,8,52,71,85,67.6,Medium
AUD_3983,1953,36,Female,Beijing,Postgraduate,12,Reading,27.35,180,104.6,14,76,96,60,77.2,High
AUD_3984,1042,43,Female,Guangdong,Undergraduate,14,Reading,82.37,127,108.22,2,96,97,58,84.9,High
AUD_3985,1680,37,Female,Zhejiang,Undergraduate,5,Spontaneous,50.5,102,96.89,4,65,99,65,75.2,High
AUD_3986,1422,43,Male,Zhejiang,Postgraduate,7,Reading,84.38,65,156.82,4,93,60,66,75.0,High
AUD_3987,1597,42,Male,Henan,Undergraduate,11,Spontaneous,69.49,168,96.94,3,67,51,54,58.3,Low
AUD_3988,1176,43,Female,Beijing,Undergraduate,10,Spontaneous,28.5,77,124.56,7,79,59,54,65.5,Medium
AUD_3989,1528,43,Female,Guangdong,High School,12,Spontaneous,60.54,179,157.49,4,73,92,87,82.89999999999999,High
AUD_3990,1609,31,Female,Sichuan,Undergraduate,9,Reading,83.7,110,154.15,5,55,54,80,62.2,Medium
AUD_3991,1965,34,Male,Zhejiang,Undergraduate,4,Spontaneous,76.0,104,141.98,4,96,79,51,77.4,High
AUD_3992,1493,35,Male,Beijing,Postgraduate,13,Reading,49.26,67,141.42,8,83,70,76,77.0,High
AUD_3993,1197,38,Male,Henan,Postgraduate,8,Spontaneous,86.85,98,98.13,5,61,98,95,82.3,High
AUD_3994,1609,20,Female,Sichuan,High School,6,Spontaneous,38.8,151,105.74,6,91,82,92,88.6,High
AUD_3995,1576,19,Male,Guangdong,Postgraduate,7,Reading,46.26,91,138.13,8,72,74,68,71.4,Medium
AUD_3996,1841,18,Female,Shanghai,High School,7,Reading,72.48,56,121.33,5,85,95,92,90.1,High
AUD_3997,1852,27,Male,Guangdong,High School,6,Spontaneous,36.3,181,91.7,7,89,96,74,86.60000000000001,High
AUD_3998,1516,36,Female,Hubei,Undergraduate,6,Reading,56.08,108,161.84,10,64,56,87,68.5,Medium
AUD_3999,1513,34,Female,Guangdong,High School,6,Reading,71.02,98,148.84,7,65,89,62,71.3,Medium
AUD_4000,1021,29,Male,Henan,Undergraduate,13,Spontaneous,65.08,109,119.32,6,94,77,78,84.1,High
AUD_4001,1111,18,Female,Sichuan,High School,4,Spontaneous,30.88,55,98.84,13,96,65,68,78.30000000000001,High
AUD_4002,1056,29,Female,Henan,Postgraduate,3,Reading,64.08,197,143.21,14,63,94,84,78.60000000000001,High
AUD_4003,1065,34,Female,Sichuan,Postgraduate,14,Spontaneous,60.09,80,121.37,2,64,86,74,73.60000000000001,Medium
AUD_4004,1841,41,Male,Jiangsu,Postgraduate,4,Spontaneous,59.05,165,112.99,9,61,52,97,69.1,Medium
AUD_4005,1097,20,Female,Jiangsu,High School,9,Spontaneous,77.82,199,154.93,6,92,94,58,82.4,High
AUD_4006,1143,28,Male,Sichuan,High School,14,Reading,32.87,134,119.53,6,84,68,84,79.2,High
AUD_4007,1879,34,Male,Sichuan,Undergraduate,3,Reading,72.61,96,102.24,4,74,61,64,67.10000000000001,Medium
AUD_4008,1434,40,Female,Shanghai,Undergraduate,8,Reading,73.26,93,133.35,11,63,68,71,66.9,Medium
AUD_4009,1636,43,Male,Shanghai,Undergraduate,6,Spontaneous,70.59,105,164.56,13,51,98,62,68.39999999999999,Medium
AUD_4010,1678,20,Female,Guangdong,Undergraduate,4,Reading,55.42,92,166.47,3,67,60,98,74.19999999999999,Medium
AUD_4011,1085,25,Male,Henan,High School,5,Spontaneous,47.69,103,166.44,2,84,52,79,72.9,Medium
AUD_4012,1587,37,Female,Hubei,High School,9,Spontaneous,47.63,117,127.88,10,58,51,70,59.5,Low
AUD_4013,1343,21,Male,Henan,Undergraduate,8,Spontaneous,71.37,102,161.18,6,60,95,74,74.7,Medium
AUD_4014,1935,38,Female,Zhejiang,High School,8,Spontaneous,54.85,89,166.52,11,75,75,74,74.7,Medium
AUD_4015,1293,39,Female,Henan,High School,10,Reading,43.69,135,131.36,13,52,71,89,68.8,Medium
AUD_4016,1955,24,Female,Hubei,High School,10,Spontaneous,63.78,186,118.69,5,54,66,71,62.7,Medium
AUD_4017,1570,31,Female,Shanghai,High School,8,Spontaneous,78.59,144,153.18,8,81,83,95,85.8,High
AUD_4018,1649,31,Male,Guangdong,Undergraduate,3,Reading,24.31,187,171.4,14,90,99,90,92.7,High
AUD_4019,1610,21,Male,Hubei,Undergraduate,12,Spontaneous,88.05,59,177.49,5,59,64,52,58.4,Low
AUD_4020,1703,33,Female,Henan,High School,9,Reading,26.77,187,116.12,12,87,61,58,70.5,Medium
AUD_4021,1242,41,Male,Beijing,Postgraduate,10,Reading,55.82,85,176.06,3,55,65,73,63.4,Medium
AUD_4022,1830,39,Female,Jiangsu,Undergraduate,7,Reading,59.21,92,134.94,10,60,65,93,71.4,Medium
AUD_4023,1560,18,Female,Hubei,Undergraduate,13,Spontaneous,29.67,156,117.54,9,66,88,96,81.6,High
AUD_4024,1959,34,Male,Zhejiang,Postgraduate,6,Reading,84.09,181,178.96,13,51,55,81,61.2,Medium
AUD_4025,1031,42,Male,Guangdong,Undergraduate,9,Spontaneous,53.0,189,169.0,5,90,95,66,84.3,High
AUD_4026,1390,27,Female,Hubei,Postgraduate,14,Reading,30.02,173,152.32,9,73,57,90,73.3,Medium
AUD_4027,1276,39,Male,Sichuan,Postgraduate,14,Reading,69.81,98,170.54,13,99,74,73,83.69999999999999,High
AUD_4028,1531,33,Female,Henan,High School,13,Reading,66.44,190,151.33,14,54,68,57,59.099999999999994,Low
AUD_4029,1153,33,Male,Beijing,Undergraduate,8,Reading,87.4,173,129.64,10,70,68,55,64.9,Medium
AUD_4030,1382,43,Male,Jiangsu,Postgraduate,14,Spontaneous,50.91,117,175.32,3,55,61,58,57.699999999999996,Low
AUD_4031,1067,25,Male,Beijing,High School,8,Spontaneous,38.75,151,176.69,5,53,58,64,57.8,Low
AUD_4032,1877,24,Male,Guangdong,Undergraduate,5,Reading,24.2,139,118.28,12,58,90,73,72.1,Medium
AUD_4033,1883,23,Male,Henan,High School,13,Reading,71.32,58,121.9,7,54,78,99,74.7,Medium
AUD_4034,1213,33,Female,Shanghai,High School,12,Reading,63.21,59,124.44,8,53,76,60,62.0,Medium
AUD_4035,1654,37,Male,Jiangsu,Postgraduate,6,Spontaneous,88.08,174,163.99,6,58,54,80,63.400000000000006,Medium
AUD_4036,1375,33,Male,Henan,Undergraduate,7,Reading,69.85,164,161.2,11,67,75,95,77.8,High
AUD_4037,1743,24,Female,Beijing,High School,11,Reading,85.32,114,178.48,13,92,79,94,88.7,High
AUD_4038,1212,26,Female,Shanghai,Postgraduate,10,Spontaneous,89.41,161,131.87,11,65,63,94,73.1,Medium
AUD_4039,1078,31,Female,Zhejiang,Postgraduate,5,Reading,49.99,121,156.31,14,51,82,62,63.599999999999994,Medium
AUD_4040,1725,28,Male,Guangdong,High School,8,Reading,30.52,123,167.1,8,78,84,79,80.10000000000001,High
AUD_4041,1627,43,Male,Guangdong,High School,12,Reading,33.71,103,109.91,12,97,60,74,79.0,High
AUD_4042,1603,43,Female,Jiangsu,Postgraduate,3,Reading,42.29,138,145.85,5,91,53,97,81.39999999999999,High
AUD_4043,1781,31,Female,Beijing,High School,5,Spontaneous,55.62,144,139.29,9,85,82,61,76.89999999999999,High
AUD_4044,1922,24,Female,Zhejiang,High School,12,Spontaneous,28.57,152,156.85,4,61,55,70,61.900000000000006,Medium
AUD_4045,1380,18,Female,Sichuan,Undergraduate,14,Spontaneous,41.12,110,152.59,14,90,77,73,81.0,High
AUD_4046,1679,43,Male,Jiangsu,Postgraduate,9,Reading,41.55,185,163.15,4,94,59,75,77.8,High
AUD_4047,1057,42,Male,Henan,High School,9,Reading,20.29,177,118.0,6,86,85,99,89.6,High
AUD_4048,1795,30,Male,Sichuan,Postgraduate,4,Spontaneous,44.79,114,109.47,7,83,98,61,80.9,High
AUD_4049,1025,37,Male,Jiangsu,Undergraduate,5,Reading,28.13,54,162.47,4,84,75,86,81.9,High
AUD_4050,1880,20,Male,Beijing,Postgraduate,9,Reading,50.08,169,122.45,11,89,79,98,88.69999999999999,High
AUD_4051,1446,37,Female,Zhejiang,Postgraduate,14,Spontaneous,33.76,164,115.88,3,55,71,70,64.3,Medium
AUD_4052,1065,21,Male,Beijing,Postgraduate,8,Spontaneous,77.55,158,120.31,6,86,54,72,72.19999999999999,Medium
AUD_4053,1920,43,Female,Guangdong,Undergraduate,9,Reading,25.64,92,95.97,11,85,51,50,64.3,Medium
AUD_4054,1759,28,Female,Sichuan,Undergraduate,12,Spontaneous,80.6,75,159.58,7,69,82,94,80.4,High
AUD_4055,1253,19,Female,Shanghai,Postgraduate,11,Reading,60.64,60,154.36,4,65,65,59,63.2,Medium
AUD_4056,1898,31,Male,Hubei,Postgraduate,10,Spontaneous,52.1,179,139.74,8,57,56,84,64.8,Medium
AUD_4057,1967,29,Female,Henan,Undergraduate,8,Spontaneous,58.48,70,154.45,4,93,70,87,84.3,High
AUD_4058,1043,34,Male,Guangdong,High School,14,Reading,46.33,164,123.58,13,71,84,97,82.7,High
AUD_4059,1096,29,Female,Guangdong,Undergraduate,6,Reading,28.93,177,116.58,14,54,95,77,73.2,Medium
AUD_4060,1553,43,Male,Sichuan,Postgraduate,12,Spontaneous,73.61,125,167.61,3,54,71,50,57.900000000000006,Low
AUD_4061,1226,29,Female,Henan,High School,11,Reading,84.95,122,128.02,14,94,97,57,83.8,High
AUD_4062,1773,18,Male,Jiangsu,High School,9,Reading,86.5,136,107.63,11,60,71,90,72.3,Medium
AUD_4063,1678,30,Female,Guangdong,High School,7,Reading,66.95,155,157.41,5,92,55,72,74.9,Medium
AUD_4064,1435,31,Female,Hubei,Undergraduate,4,Spontaneous,48.72,182,120.23,4,68,82,69,72.5,Medium
AUD_4065,1790,41,Female,Zhejiang,Undergraduate,11,Reading,53.49,58,109.07,8,88,88,81,85.9,High
AUD_4066,1600,19,Female,Guangdong,Undergraduate,9,Reading,65.99,168,92.45,9,66,92,72,75.6,High
AUD_4067,1378,29,Male,Zhejiang,Undergraduate,11,Spontaneous,77.62,99,177.35,4,86,74,56,73.39999999999999,Medium
AUD_4068,1177,43,Male,Beijing,Postgraduate,13,Spontaneous,46.22,59,132.06,7,87,67,60,72.9,Medium
AUD_4069,1426,38,Male,Henan,High School,11,Spontaneous,84.17,162,104.56,2,67,90,57,70.89999999999999,Medium
AUD_4070,1914,33,Female,Jiangsu,Postgraduate,12,Spontaneous,42.7,59,158.2,6,99,84,92,92.39999999999999,High
AUD_4071,1708,21,Female,Zhejiang,Undergraduate,7,Reading,57.16,127,169.89,3,58,73,63,64.0,Medium
AUD_4072,1306,25,Female,Guangdong,Undergraduate,9,Reading,87.3,85,137.52,2,99,89,63,85.19999999999999,High
AUD_4073,1778,19,Female,Jiangsu,Postgraduate,7,Spontaneous,85.67,105,92.55,14,66,89,85,78.6,High
AUD_4074,1503,27,Female,Hubei,High School,5,Spontaneous,68.7,167,122.86,8,90,72,90,84.6,High
AUD_4075,1267,26,Female,Jiangsu,High School,12,Reading,42.72,86,111.88,11,82,82,89,84.10000000000001,High
AUD_4076,1585,40,Male,Zhejiang,Undergraduate,10,Reading,35.33,97,147.28,5,69,78,96,79.8,High
AUD_4077,1007,32,Male,Henan,Undergraduate,10,Spontaneous,25.61,199,136.7,6,67,59,76,67.3,Medium
AUD_4078,1919,30,Male,Zhejiang,Undergraduate,11,Reading,69.61,136,122.02,3,73,64,69,69.10000000000001,Medium
AUD_4079,1507,40,Male,Shanghai,Undergraduate,13,Reading,55.24,110,148.37,9,62,59,87,68.6,Medium
AUD_4080,1475,34,Male,Shanghai,High School,14,Spontaneous,60.06,124,142.6,12,89,75,74,80.3,High
AUD_4081,1296,33,Male,Jiangsu,Postgraduate,8,Spontaneous,53.07,166,171.58,14,77,89,97,86.6,High
AUD_4082,1163,19,Male,Sichuan,High School,4,Spontaneous,53.81,164,143.71,11,95,78,97,90.5,High
AUD_4083,1484,37,Male,Henan,Postgraduate,5,Spontaneous,59.99,148,135.69,4,52,83,78,69.1,Medium
AUD_4084,1596,37,Female,Sichuan,Undergraduate,13,Reading,84.0,97,164.13,8,85,67,63,73.0,Medium
AUD_4085,1071,44,Female,Shanghai,Undergraduate,14,Spontaneous,22.06,86,108.22,12,60,51,77,62.39999999999999,Medium
AUD_4086,1566,31,Female,Guangdong,Postgraduate,12,Reading,76.11,54,111.92,2,88,74,79,81.10000000000001,High
AUD_4087,1904,20,Female,Beijing,Undergraduate,13,Reading,47.34,149,160.52,11,70,70,64,68.2,Medium
AUD_4088,1558,40,Female,Jiangsu,High School,8,Reading,72.14,66,129.81,2,86,80,70,79.4,High
AUD_4089,1910,29,Female,Beijing,Undergraduate,3,Spontaneous,86.4,139,126.83,8,51,71,61,60.0,Medium
AUD_4090,1943,25,Female,Shanghai,Undergraduate,4,Reading,41.44,157,169.84,2,55,58,99,69.1,Medium
AUD_4091,1237,19,Male,Zhejiang,Undergraduate,10,Spontaneous,26.27,69,144.91,13,54,76,60,62.400000000000006,Medium
AUD_4092,1103,21,Male,Hubei,Undergraduate,13,Spontaneous,36.26,152,162.26,10,96,74,88,87.0,High
AUD_4093,1209,31,Female,Jiangsu,High School,10,Spontaneous,35.55,146,162.89,10,92,74,55,75.5,High
AUD_4094,1553,33,Male,Shanghai,Postgraduate,8,Reading,71.93,193,100.8,9,81,76,52,70.8,Medium
AUD_4095,1827,36,Male,Henan,Undergraduate,5,Spontaneous,24.33,56,148.83,9,86,59,90,79.1,High
AUD_4096,1467,19,Male,Guangdong,Undergraduate,4,Spontaneous,23.57,143,175.73,5,99,79,64,82.5,High
AUD_4097,1453,29,Male,Hubei,High School,8,Reading,68.55,115,133.2,5,89,53,83,76.4,High
AUD_4098,1267,31,Male,Jiangsu,High School,3,Spontaneous,58.97,61,155.9,6,60,70,53,60.9,Medium
AUD_4099,1385,23,Female,Jiangsu,High School,12,Reading,49.24,89,141.01,10,66,79,83,75.0,High
AUD_4100,1774,30,Male,Henan,Undergraduate,8,Reading,60.28,50,108.44,4,63,82,87,75.89999999999999,High
AUD_4101,1847,21,Female,Sichuan,Postgraduate,11,Spontaneous,71.47,107,107.57,5,51,92,93,75.9,High
AUD_4102,1386,39,Female,Zhejiang,High School,9,Spontaneous,27.24,180,129.04,11,88,75,88,84.1,High
AUD_4103,1876,35,Female,Jiangsu,High School,11,Spontaneous,58.73,57,133.47,6,67,51,90,69.1,Medium
AUD_4104,1258,29,Male,Zhejiang,High School,4,Spontaneous,77.71,139,135.28,8,82,72,55,70.9,Medium
AUD_4105,1282,37,Female,Shanghai,Postgraduate,13,Reading,45.37,124,175.95,6,79,80,71,76.9,High
AUD_4106,1625,44,Female,Guangdong,Undergraduate,7,Spontaneous,73.41,134,99.02,10,64,53,86,67.3,Medium
AUD_4107,1874,39,Female,Hubei,Undergraduate,11,Spontaneous,79.18,54,124.25,7,78,96,81,84.3,High
AUD_4108,1039,38,Female,Hubei,Undergraduate,9,Reading,77.47,75,136.31,4,75,69,77,73.8,Medium
AUD_4109,1485,36,Male,Guangdong,High School,11,Spontaneous,65.52,134,176.68,7,50,74,75,64.7,Medium
AUD_4110,1928,25,Female,Jiangsu,Undergraduate,13,Spontaneous,70.21,122,135.39,7,66,94,53,70.5,Medium
AUD_4111,1219,24,Female,Jiangsu,High School,8,Spontaneous,75.14,194,159.77,13,88,50,59,67.9,Medium
AUD_4112,1128,33,Female,Shanghai,Postgraduate,9,Spontaneous,71.36,150,157.44,11,97,51,76,76.9,High
AUD_4113,1519,36,Female,Sichuan,Postgraduate,12,Spontaneous,51.62,115,140.98,2,51,55,69,57.60000000000001,Low
AUD_4114,1612,23,Male,Sichuan,Undergraduate,7,Reading,31.14,168,101.76,8,64,56,85,67.9,Medium
AUD_4115,1927,37,Female,Sichuan,High School,8,Spontaneous,41.68,96,109.69,4,71,53,54,60.5,Medium
AUD_4116,1891,44,Female,Zhejiang,High School,3,Reading,34.51,141,111.61,2,69,67,66,67.5,Medium
AUD_4117,1687,38,Female,Sichuan,Undergraduate,3,Reading,45.3,76,93.48,2,78,90,99,87.9,High
AUD_4118,1618,28,Female,Guangdong,Postgraduate,4,Reading,54.25,89,124.13,6,74,92,81,81.5,High
AUD_4119,1612,22,Female,Hubei,Postgraduate,13,Reading,87.13,50,144.95,11,92,54,84,78.2,High
AUD_4120,1259,33,Female,Hubei,Postgraduate,6,Spontaneous,87.16,188,102.98,11,73,74,72,73.0,Medium
AUD_4121,1989,24,Male,Zhejiang,Postgraduate,13,Spontaneous,73.87,67,105.75,3,83,50,62,66.8,Medium
AUD_4122,1965,44,Female,Shanghai,Postgraduate,11,Reading,88.61,140,153.63,3,92,83,50,76.7,High
AUD_4123,1365,22,Male,Guangdong,Undergraduate,9,Spontaneous,89.86,96,105.23,13,70,52,80,67.6,Medium
AUD_4124,1757,28,Male,Hubei,Undergraduate,8,Spontaneous,81.97,70,102.18,5,97,66,68,79.0,High
AUD_4125,1786,32,Female,Guangdong,Undergraduate,3,Reading,25.57,178,178.01,11,51,81,72,66.3,Medium
AUD_4126,1543,20,Male,Hubei,Postgraduate,7,Spontaneous,49.82,63,91.33,12,65,73,83,72.8,Medium
AUD_4127,1648,43,Female,Beijing,Postgraduate,13,Reading,57.39,69,119.29,13,89,51,53,66.8,Medium
AUD_4128,1523,22,Male,Shanghai,Undergraduate,14,Reading,28.69,170,93.14,13,70,50,97,72.1,Medium
AUD_4129,1906,40,Female,Shanghai,Undergraduate,6,Spontaneous,76.6,171,165.42,8,86,83,97,88.39999999999999,High
AUD_4130,1813,38,Male,Henan,Postgraduate,7,Spontaneous,30.41,101,142.52,9,57,57,98,69.3,Medium
AUD_4131,1886,22,Male,Beijing,High School,13,Spontaneous,46.83,117,94.32,12,63,94,93,81.30000000000001,High
AUD_4132,1015,26,Female,Zhejiang,Undergraduate,11,Reading,24.82,86,145.38,11,95,95,83,91.4,High
AUD_4133,1128,32,Male,Hubei,Postgraduate,14,Reading,56.72,131,101.08,8,71,93,79,80.0,High
AUD_4134,1574,20,Male,Henan,Postgraduate,5,Spontaneous,61.79,98,134.62,10,67,58,59,61.900000000000006,Medium
AUD_4135,1108,23,Male,Hubei,Undergraduate,6,Reading,71.46,88,150.25,8,54,77,55,61.2,Medium
AUD_4136,1886,34,Male,Hubei,High School,10,Spontaneous,43.76,187,103.37,5,91,68,61,75.1,High
AUD_4137,1532,43,Male,Sichuan,Postgraduate,5,Spontaneous,61.34,186,134.73,10,96,69,61,77.4,High
AUD_4138,1669,38,Female,Sichuan,Undergraduate,5,Spontaneous,71.39,141,131.17,10,94,56,98,83.80000000000001,High
AUD_4139,1268,25,Male,Sichuan,Postgraduate,11,Spontaneous,73.34,190,172.42,4,79,91,67,79.0,High
AUD_4140,1161,38,Male,Sichuan,Postgraduate,7,Reading,41.11,67,179.61,11,80,84,85,82.7,High
AUD_4141,1259,42,Female,Sichuan,Postgraduate,12,Spontaneous,24.74,189,148.9,9,58,68,84,68.8,Medium
AUD_4142,1923,28,Female,Beijing,Postgraduate,3,Reading,22.63,121,166.94,2,80,66,74,74.0,Medium
AUD_4143,1101,23,Female,Shanghai,High School,9,Reading,73.76,54,148.22,3,80,89,98,88.1,High
AUD_4144,1505,25,Male,Zhejiang,Undergraduate,9,Reading,46.98,56,168.87,9,90,67,90,83.1,High
AUD_4145,1734,27,Male,Guangdong,Undergraduate,8,Reading,29.38,192,128.99,14,58,56,71,61.3,Medium
AUD_4146,1570,41,Male,Sichuan,Undergraduate,8,Reading,32.91,195,144.72,9,86,76,79,80.9,High
AUD_4147,1246,20,Male,Beijing,Undergraduate,5,Reading,73.63,87,166.07,7,55,88,93,76.3,High
AUD_4148,1639,40,Female,Henan,Undergraduate,5,Spontaneous,61.92,75,172.63,9,91,79,78,83.5,High
AUD_4149,1794,31,Female,Henan,High School,12,Reading,55.1,108,92.22,9,75,72,56,68.39999999999999,Medium
AUD_4150,1836,40,Male,Hubei,Postgraduate,13,Spontaneous,63.61,101,99.36,3,59,69,97,73.39999999999999,Medium
AUD_4151,1536,31,Male,Zhejiang,Postgraduate,11,Reading,29.62,198,173.81,4,55,72,89,70.3,Medium
AUD_4152,1130,27,Male,Henan,Undergraduate,3,Spontaneous,42.33,194,141.17,8,82,75,52,70.9,Medium
AUD_4153,1352,29,Male,Zhejiang,Postgraduate,9,Spontaneous,46.18,156,179.12,4,94,97,70,87.7,High
AUD_4154,1195,23,Female,Zhejiang,Postgraduate,14,Reading,42.01,111,161.34,14,79,96,94,88.6,High
AUD_4155,1792,29,Female,Beijing,Postgraduate,13,Spontaneous,80.51,108,163.63,12,89,63,69,75.2,High
AUD_4156,1915,40,Male,Guangdong,Undergraduate,12,Spontaneous,60.7,51,124.75,3,73,97,58,75.69999999999999,High
AUD_4157,1929,31,Female,Sichuan,Undergraduate,9,Reading,71.05,74,113.18,7,77,80,90,81.8,High
AUD_4158,1665,19,Male,Zhejiang,High School,10,Reading,36.57,68,143.84,3,94,76,85,85.9,High
AUD_4159,1381,26,Male,Beijing,Undergraduate,8,Reading,38.49,74,169.11,3,87,58,63,71.1,Medium
AUD_4160,1644,27,Female,Hubei,High School,10,Reading,35.77,53,155.31,12,78,72,67,72.89999999999999,Medium
AUD_4161,1226,43,Male,Shanghai,Undergraduate,3,Reading,68.16,52,132.5,3,93,59,82,79.5,High
AUD_4162,1700,34,Female,Hubei,Postgraduate,3,Reading,44.43,155,157.79,5,64,96,51,69.7,Medium
AUD_4163,1475,34,Male,Beijing,High School,11,Reading,48.36,187,152.14,8,57,72,86,70.2,Medium
AUD_4164,1476,20,Female,Beijing,High School,14,Reading,69.64,162,172.17,7,72,59,80,70.5,Medium
AUD_4165,1264,36,Male,Beijing,High School,6,Spontaneous,88.03,76,113.72,6,92,51,71,73.4,Medium
AUD_4166,1371,18,Female,Zhejiang,Undergraduate,5,Reading,31.33,161,100.74,5,58,86,95,77.5,High
AUD_4167,1485,29,Male,Beijing,High School,8,Spontaneous,24.39,139,132.3,3,60,89,58,68.1,Medium
AUD_4168,1433,24,Male,Shanghai,Undergraduate,12,Reading,33.64,178,122.5,12,55,87,69,68.8,Medium
AUD_4169,1645,21,Female,Zhejiang,High School,14,Reading,71.45,93,177.74,9,96,87,69,85.2,High
AUD_4170,1210,27,Male,Hubei,Undergraduate,14,Reading,33.62,101,90.68,14,98,50,96,83.0,High
AUD_4171,1571,30,Female,Shanghai,High School,11,Reading,60.9,114,174.0,13,61,97,50,68.5,Medium
AUD_4172,1939,19,Female,Henan,Postgraduate,12,Spontaneous,61.32,60,175.96,3,83,67,79,77.0,High
AUD_4173,1376,27,Male,Jiangsu,Postgraduate,13,Spontaneous,40.61,117,94.59,12,70,84,68,73.6,Medium
AUD_4174,1394,38,Male,Hubei,High School,6,Reading,24.81,170,170.06,9,81,56,85,74.7,Medium
AUD_4175,1449,39,Male,Beijing,Undergraduate,11,Spontaneous,47.94,126,132.37,11,85,93,63,80.8,High
AUD_4176,1942,42,Male,Sichuan,Undergraduate,7,Reading,33.07,64,158.95,5,74,91,50,71.9,Medium
AUD_4177,1363,21,Female,Sichuan,Undergraduate,9,Spontaneous,32.91,106,97.13,13,84,71,54,71.10000000000001,Medium
AUD_4178,1875,35,Male,Zhejiang,Postgraduate,5,Reading,56.58,123,175.97,6,83,74,59,73.10000000000001,Medium
AUD_4179,1456,22,Male,Sichuan,Postgraduate,5,Spontaneous,67.12,113,144.68,12,68,91,58,71.9,Medium
AUD_4180,1724,36,Male,Hubei,Postgraduate,14,Spontaneous,25.28,60,170.88,2,86,72,98,85.4,High
AUD_4181,1727,19,Female,Zhejiang,Undergraduate,5,Spontaneous,60.48,170,150.57,3,66,58,63,62.699999999999996,Medium
AUD_4182,1225,29,Male,Hubei,Undergraduate,10,Reading,37.23,174,138.31,12,65,76,88,75.19999999999999,High
AUD_4183,1981,34,Female,Beijing,Undergraduate,8,Spontaneous,67.13,197,105.52,9,65,60,67,64.1,Medium
AUD_4184,1130,27,Male,Guangdong,High School,11,Reading,76.72,79,106.02,2,93,76,91,87.3,High
AUD_4185,1587,19,Female,Guangdong,High School,11,Spontaneous,76.49,59,132.53,4,53,89,74,70.10000000000001,Medium
AUD_4186,1475,23,Male,Shanghai,High School,10,Reading,45.89,103,168.34,3,98,77,85,87.8,High
AUD_4187,1797,25,Male,Beijing,Postgraduate,3,Reading,59.71,178,100.37,11,79,67,80,75.7,High
AUD_4188,1985,36,Female,Sichuan,Postgraduate,8,Reading,75.56,107,179.85,6,83,85,95,87.2,High
AUD_4189,1276,28,Male,Beijing,Undergraduate,6,Spontaneous,24.26,198,168.83,13,54,83,84,71.7,Medium
AUD_4190,1155,42,Male,Jiangsu,High School,6,Spontaneous,62.39,192,125.33,5,82,62,76,74.2,Medium
AUD_4191,1759,29,Male,Guangdong,Undergraduate,5,Reading,78.56,196,112.78,5,95,95,71,87.8,High
AUD_4192,1217,26,Female,Sichuan,High School,14,Reading,46.06,181,172.98,14,58,79,60,64.9,Medium
AUD_4193,1189,19,Male,Hubei,High School,11,Reading,51.88,125,101.09,5,66,77,59,67.2,Medium
AUD_4194,1416,25,Female,Hubei,Undergraduate,4,Spontaneous,68.91,138,121.26,12,61,71,57,62.8,Medium
AUD_4195,1980,43,Female,Guangdong,Undergraduate,3,Spontaneous,24.75,147,97.55,5,73,73,90,78.1,High
AUD_4196,1674,28,Female,Beijing,High School,12,Spontaneous,46.99,130,175.81,5,61,96,77,76.3,High
AUD_4197,1691,38,Male,Sichuan,High School,5,Spontaneous,40.7,119,145.59,7,64,79,72,70.89999999999999,Medium
AUD_4198,1545,21,Female,Shanghai,Postgraduate,6,Spontaneous,21.19,61,120.26,3,65,94,55,70.7,Medium
AUD_4199,1040,27,Female,Hubei,Undergraduate,6,Reading,33.72,176,114.79,14,72,87,63,73.8,Medium
AUD_4200,1306,38,Male,Beijing,Undergraduate,8,Reading,47.71,128,129.97,14,67,69,73,69.4,Medium
AUD_4201,1942,37,Female,Shanghai,Undergraduate,3,Reading,33.82,194,98.22,5,71,55,58,62.300000000000004,Medium
AUD_4202,1337,33,Female,Henan,Undergraduate,3,Reading,62.17,178,170.04,8,95,82,95,91.1,High
AUD_4203,1313,25,Male,Sichuan,High School,4,Spontaneous,51.41,63,135.98,8,93,96,89,92.7,High
AUD_4204,1074,21,Male,Guangdong,Postgraduate,6,Spontaneous,22.76,168,155.26,2,80,87,87,84.19999999999999,High
AUD_4205,1952,27,Female,Henan,Undergraduate,9,Reading,39.25,51,111.04,11,92,64,74,78.2,High
AUD_4206,1278,29,Male,Jiangsu,High School,8,Spontaneous,21.36,53,135.34,13,64,64,87,70.89999999999999,Medium
AUD_4207,1175,31,Male,Henan,High School,13,Reading,45.07,115,109.0,10,70,81,79,76.0,High
AUD_4208,1895,33,Male,Zhejiang,High School,11,Spontaneous,38.14,139,163.45,8,57,63,71,63.0,Medium
AUD_4209,1661,39,Female,Guangdong,High School,9,Spontaneous,68.17,109,159.77,12,98,91,51,81.8,High
AUD_4210,1272,35,Female,Shanghai,High School,14,Reading,41.52,146,103.34,7,89,57,74,74.9,Medium
AUD_4211,1836,38,Male,Beijing,Undergraduate,7,Reading,46.26,176,96.71,3,85,85,73,81.4,High
AUD_4212,1619,39,Female,Henan,Undergraduate,8,Reading,70.77,109,164.18,7,91,71,86,83.5,High
AUD_4213,1650,38,Male,Hubei,Postgraduate,12,Spontaneous,53.66,132,99.87,6,87,87,52,76.5,High
AUD_4214,1861,29,Male,Sichuan,Undergraduate,11,Spontaneous,58.95,123,139.36,10,55,69,92,70.3,Medium
AUD_4215,1782,35,Male,Henan,High School,3,Spontaneous,78.89,104,138.1,13,66,73,75,70.8,Medium
AUD_4216,1858,24,Male,Guangdong,Postgraduate,13,Reading,34.48,75,108.26,2,89,70,79,80.3,High
AUD_4217,1930,37,Male,Hubei,High School,11,Reading,89.24,170,143.22,6,94,77,78,84.1,High
AUD_4218,1288,41,Female,Hubei,High School,8,Reading,83.01,116,135.25,4,96,98,56,84.60000000000001,High
AUD_4219,1723,40,Female,Jiangsu,Undergraduate,14,Spontaneous,40.06,165,135.83,10,85,72,58,73.0,Medium
AUD_4220,1892,24,Female,Sichuan,High School,6,Spontaneous,82.51,116,122.37,13,77,73,94,80.9,High
AUD_4221,1271,26,Female,Henan,Undergraduate,14,Reading,72.78,55,165.46,2,96,88,79,88.50000000000001,High
AUD_4222,1929,18,Male,Shanghai,High School,7,Reading,85.15,163,97.59,7,72,93,65,76.2,High
AUD_4223,1065,43,Male,Sichuan,Postgraduate,3,Reading,68.38,59,129.48,4,80,72,93,81.5,High
AUD_4224,1482,23,Female,Henan,High School,9,Spontaneous,67.21,87,113.38,2,95,53,89,80.6,High
AUD_4225,1935,23,Female,Sichuan,Undergraduate,10,Spontaneous,20.24,173,166.36,12,60,95,63,71.4,Medium
AUD_4226,1247,39,Male,Beijing,High School,13,Reading,53.22,126,110.26,4,69,53,75,66.0,Medium
AUD_4227,1155,29,Male,Zhejiang,Undergraduate,7,Reading,34.02,151,159.03,3,81,79,95,84.6,High
AUD_4228,1046,39,Male,Henan,Undergraduate,4,Reading,42.69,61,145.04,11,66,97,86,81.3,High
AUD_4229,1934,29,Female,Hubei,Postgraduate,10,Spontaneous,88.52,95,168.73,13,91,77,59,77.2,High
AUD_4230,1453,27,Male,Shanghai,Undergraduate,12,Spontaneous,25.99,98,143.44,13,87,80,79,82.5,High
AUD_4231,1200,40,Male,Henan,Postgraduate,9,Spontaneous,70.57,140,140.08,13,55,82,71,67.89999999999999,Medium
AUD_4232,1659,43,Female,Henan,Postgraduate,12,Reading,32.11,173,162.1,9,50,99,79,73.4,Medium
AUD_4233,1123,23,Female,Beijing,High School,11,Reading,20.52,121,140.62,4,86,68,81,79.1,High
AUD_4234,1000,34,Female,Hubei,Postgraduate,6,Reading,55.1,151,166.01,12,53,59,63,57.800000000000004,Low
AUD_4235,1967,36,Male,Zhejiang,Undergraduate,13,Reading,31.29,92,94.44,8,80,74,72,75.8,High
AUD_4236,1758,35,Male,Beijing,Undergraduate,11,Reading,87.58,109,134.56,11,60,86,66,69.6,Medium
AUD_4237,1854,23,Female,Zhejiang,Postgraduate,6,Reading,34.26,150,163.14,7,66,62,85,70.5,Medium
AUD_4238,1639,41,Male,Zhejiang,High School,5,Reading,33.44,135,166.35,8,56,55,78,62.300000000000004,Medium
AUD_4239,1190,36,Male,Zhejiang,Postgraduate,13,Reading,22.25,175,165.06,12,84,79,73,79.19999999999999,High
AUD_4240,1578,27,Male,Beijing,Postgraduate,5,Reading,43.09,60,144.39,8,51,72,96,70.8,Medium
AUD_4241,1515,41,Female,Sichuan,Undergraduate,12,Reading,21.69,84,179.46,11,89,85,60,79.1,High
AUD_4242,1441,25,Female,Henan,High School,4,Reading,54.92,72,106.32,2,86,65,90,80.9,High
AUD_4243,1920,38,Male,Zhejiang,High School,12,Spontaneous,55.39,198,105.7,5,86,57,64,70.7,Medium
AUD_4244,1814,41,Male,Sichuan,High School,5,Reading,23.73,77,92.95,5,59,65,71,64.4,Medium
AUD_4245,1805,23,Male,Henan,High School,10,Reading,36.8,165,179.04,6,61,60,76,65.2,Medium
AUD_4246,1142,38,Male,Hubei,Undergraduate,13,Spontaneous,78.25,144,121.32,11,66,50,83,66.30000000000001,Medium
AUD_4247,1190,42,Female,Henan,High School,10,Reading,52.38,107,158.58,6,95,71,82,83.89999999999999,High
AUD_4248,1532,24,Female,Hubei,High School,4,Spontaneous,50.42,102,95.37,9,75,67,70,71.1,Medium
AUD_4249,1226,41,Male,Shanghai,High School,13,Spontaneous,68.91,77,116.88,5,54,85,73,69.0,Medium
AUD_4250,1312,18,Male,Jiangsu,Undergraduate,4,Reading,70.04,91,146.15,14,54,60,69,60.3,Medium
AUD_4251,1628,44,Female,Sichuan,Undergraduate,4,Reading,73.34,134,137.23,2,87,69,98,84.9,High
AUD_4252,1948,35,Male,Henan,High School,12,Spontaneous,78.13,142,108.7,6,96,59,53,72.0,Medium
AUD_4253,1301,41,Female,Hubei,Undergraduate,9,Reading,36.26,173,131.54,2,76,97,86,85.3,High
AUD_4254,1653,42,Male,Jiangsu,Postgraduate,8,Reading,24.65,96,99.79,13,54,59,86,65.1,Medium
AUD_4255,1995,37,Female,Zhejiang,High School,14,Reading,46.62,164,138.84,4,57,86,95,77.1,High
AUD_4256,1459,29,Male,Jiangsu,Undergraduate,13,Spontaneous,79.86,59,98.72,9,80,99,82,86.3,High
AUD_4257,1400,33,Male,Jiangsu,High School,3,Spontaneous,25.46,72,147.23,11,82,71,80,78.10000000000001,High
AUD_4258,1550,27,Female,Zhejiang,High School,4,Reading,60.32,54,103.98,6,70,60,83,70.9,Medium
AUD_4259,1392,44,Female,Sichuan,Undergraduate,3,Reading,69.08,131,139.24,8,84,84,71,80.1,High
AUD_4260,1866,27,Male,Henan,Postgraduate,14,Spontaneous,53.7,168,101.62,2,70,58,91,72.7,Medium
AUD_4261,1763,31,Male,Zhejiang,High School,13,Spontaneous,37.86,55,126.06,7,64,64,79,68.5,Medium
AUD_4262,1844,42,Female,Shanghai,Postgraduate,9,Reading,42.84,174,121.66,13,85,68,54,70.6,Medium
AUD_4263,1206,37,Female,Guangdong,Undergraduate,8,Reading,25.02,96,158.08,9,51,86,90,73.2,Medium
AUD_4264,1209,27,Male,Henan,High School,4,Reading,40.48,77,147.7,7,79,55,94,76.3,High
AUD_4265,1114,27,Male,Beijing,Undergraduate,4,Spontaneous,23.11,62,174.34,5,77,85,72,77.89999999999999,High
AUD_4266,1736,43,Female,Zhejiang,Undergraduate,4,Spontaneous,70.84,74,172.97,12,66,93,62,72.89999999999999,Medium
AUD_4267,1645,42,Female,Zhejiang,Undergraduate,10,Reading,82.86,56,155.25,9,93,54,58,70.80000000000001,Medium
AUD_4268,1250,28,Female,Jiangsu,Undergraduate,9,Spontaneous,64.35,129,159.35,9,69,52,63,62.1,Medium
AUD_4269,1218,40,Female,Shanghai,High School,3,Reading,65.97,115,146.24,7,89,59,66,73.1,Medium
AUD_4270,1406,19,Female,Hubei,Postgraduate,6,Reading,53.05,85,152.25,9,78,62,84,75.0,High
AUD_4271,1442,42,Male,Hubei,Postgraduate,13,Reading,30.92,51,145.55,13,54,53,67,57.599999999999994,Low
AUD_4272,1602,37,Male,Jiangsu,High School,6,Reading,20.54,162,118.06,7,74,89,61,74.6,Medium
AUD_4273,1353,25,Female,Sichuan,High School,9,Reading,44.08,87,121.56,5,59,82,90,75.2,High
AUD_4274,1887,40,Male,Henan,Postgraduate,4,Spontaneous,72.6,63,141.73,12,68,83,65,71.6,Medium
AUD_4275,1557,24,Male,Zhejiang,Postgraduate,6,Spontaneous,87.23,192,154.82,13,90,85,79,85.2,High
AUD_4276,1549,25,Female,Henan,High School,3,Reading,50.18,134,126.55,7,97,82,62,82.0,High
AUD_4277,1141,18,Male,Henan,Undergraduate,13,Spontaneous,45.58,189,102.84,10,50,70,67,61.099999999999994,Medium
AUD_4278,1611,38,Male,Zhejiang,High School,13,Reading,51.22,164,131.35,9,96,88,61,83.10000000000001,High
AUD_4279,1500,19,Male,Jiangsu,Postgraduate,6,Spontaneous,49.94,146,176.69,8,83,54,83,74.30000000000001,Medium
AUD_4280,1839,35,Female,Henan,Undergraduate,13,Spontaneous,63.81,135,109.27,6,63,94,82,78.0,High
AUD_4281,1701,32,Female,Zhejiang,Postgraduate,3,Spontaneous,71.39,151,148.42,14,74,62,55,64.7,Medium
AUD_4282,1546,18,Male,Sichuan,Undergraduate,4,Spontaneous,74.95,131,178.43,8,75,89,67,76.8,High
AUD_4283,1658,22,Male,Henan,Postgraduate,4,Reading,65.47,93,123.86,2,70,66,52,63.4,Medium
AUD_4284,1541,19,Male,Guangdong,Undergraduate,14,Spontaneous,50.64,179,169.91,9,65,59,55,60.2,Medium
AUD_4285,1845,37,Male,Beijing,High School,12,Spontaneous,86.51,142,167.76,6,59,59,85,66.8,Medium
AUD_4286,1506,20,Male,Beijing,High School,14,Spontaneous,69.77,154,120.51,8,81,51,98,77.1,High
AUD_4287,1595,36,Male,Beijing,Undergraduate,5,Spontaneous,49.87,174,98.87,8,93,87,99,93.0,High
AUD_4288,1880,35,Female,Guangdong,Undergraduate,10,Spontaneous,51.26,122,106.07,9,94,70,71,79.9,High
AUD_4289,1280,39,Male,Zhejiang,High School,13,Spontaneous,77.26,121,122.92,8,69,50,56,59.400000000000006,Low
AUD_4290,1423,35,Male,Jiangsu,High School,8,Spontaneous,50.84,182,176.32,7,58,79,79,70.60000000000001,Medium
AUD_4291,1855,31,Female,Hubei,Undergraduate,8,Spontaneous,56.14,127,114.7,13,83,67,51,68.6,Medium
AUD_4292,1269,41,Male,Shanghai,Undergraduate,11,Reading,40.41,107,173.42,7,80,84,81,81.5,High
AUD_4293,1153,25,Male,Zhejiang,High School,10,Reading,78.72,174,106.32,6,68,88,64,72.8,Medium
AUD_4294,1613,29,Male,Guangdong,Postgraduate,4,Reading,56.56,60,177.28,6,96,97,71,88.8,High
AUD_4295,1726,38,Male,Henan,High School,8,Spontaneous,58.68,76,116.42,5,80,71,98,82.69999999999999,High
AUD_4296,1661,27,Female,Sichuan,Undergraduate,3,Reading,81.65,105,146.98,8,79,52,87,73.3,Medium
AUD_4297,1943,40,Male,Guangdong,Undergraduate,11,Reading,84.44,175,96.27,14,96,55,57,72.0,Medium
AUD_4298,1082,37,Female,Henan,Postgraduate,6,Reading,77.69,108,116.97,13,73,85,57,71.8,Medium
AUD_4299,1621,34,Male,Hubei,High School,6,Spontaneous,24.58,158,108.96,12,82,65,88,78.7,High
AUD_4300,1946,28,Male,Beijing,Undergraduate,11,Reading,51.05,89,90.31,4,67,52,85,67.9,Medium
AUD_4301,1898,19,Female,Zhejiang,High School,5,Reading,44.03,195,104.11,6,70,85,69,74.2,Medium
AUD_4302,1425,43,Male,Hubei,Undergraduate,7,Reading,34.95,110,143.38,4,80,60,86,75.8,High
AUD_4303,1274,43,Female,Beijing,Postgraduate,3,Reading,83.63,171,125.09,9,88,66,57,72.1,Medium
AUD_4304,1712,21,Female,Shanghai,High School,8,Reading,82.3,155,155.03,6,91,68,63,75.69999999999999,High
AUD_4305,1283,18,Female,Henan,High School,5,Reading,52.57,72,150.4,12,90,57,69,73.8,Medium
AUD_4306,1979,32,Male,Henan,Postgraduate,3,Reading,29.42,85,161.94,14,92,63,84,80.9,High
AUD_4307,1172,30,Male,Sichuan,Undergraduate,12,Spontaneous,20.94,87,168.03,11,53,75,74,65.9,Medium
AUD_4308,1326,25,Male,Beijing,Undergraduate,8,Reading,50.69,121,163.78,7,75,97,67,79.19999999999999,High
AUD_4309,1717,42,Male,Shanghai,High School,14,Reading,22.8,105,130.33,2,82,74,96,83.8,High
AUD_4310,1062,21,Female,Henan,Postgraduate,12,Spontaneous,62.67,125,117.79,12,93,97,70,87.3,High
AUD_4311,1072,27,Male,Guangdong,High School,4,Spontaneous,62.59,156,135.21,5,82,59,86,76.3,High
AUD_4312,1762,36,Male,Beijing,High School,10,Spontaneous,82.93,198,138.16,10,98,81,96,92.3,High
AUD_4313,1635,35,Female,Beijing,Undergraduate,13,Spontaneous,33.3,111,118.19,6,69,64,80,70.8,Medium
AUD_4314,1374,22,Female,Jiangsu,Undergraduate,14,Spontaneous,46.0,72,138.6,2,90,53,55,68.4,Medium
AUD_4315,1632,36,Male,Sichuan,Undergraduate,4,Reading,80.17,198,99.52,5,57,77,91,73.2,Medium
AUD_4316,1507,43,Female,Sichuan,Undergraduate,6,Reading,53.2,169,110.79,13,85,53,96,78.69999999999999,High
AUD_4317,1786,40,Female,Hubei,Undergraduate,5,Reading,24.18,193,157.14,7,57,62,69,62.099999999999994,Medium
AUD_4318,1942,44,Female,Guangdong,Postgraduate,11,Spontaneous,27.75,114,106.45,8,80,61,77,73.39999999999999,Medium
AUD_4319,1397,39,Female,Jiangsu,High School,4,Reading,76.94,157,102.51,8,71,64,90,74.6,Medium
AUD_4320,1119,33,Female,Hubei,Postgraduate,5,Reading,72.06,129,115.86,9,91,78,85,85.3,High
AUD_4321,1933,18,Male,Shanghai,High School,9,Spontaneous,81.31,182,123.39,6,99,72,89,87.9,High
AUD_4322,1436,29,Male,Hubei,Undergraduate,6,Spontaneous,28.32,113,119.57,7,96,62,75,79.5,High
AUD_4323,1828,41,Male,Shanghai,Postgraduate,8,Reading,73.23,90,123.71,12,68,87,62,71.89999999999999,Medium
AUD_4324,1675,19,Male,Guangdong,High School,5,Spontaneous,65.86,147,102.59,12,69,95,98,85.5,High
AUD_4325,1935,38,Male,Henan,Undergraduate,3,Reading,36.26,138,104.89,3,72,84,53,69.9,Medium
AUD_4326,1464,42,Male,Sichuan,Undergraduate,13,Spontaneous,88.17,155,111.23,13,73,89,83,80.80000000000001,High
AUD_4327,1285,25,Male,Henan,Postgraduate,8,Reading,59.92,192,126.18,11,92,61,86,80.9,High
AUD_4328,1264,35,Female,Shanghai,Postgraduate,6,Reading,83.48,103,120.23,13,73,79,83,77.80000000000001,High
AUD_4329,1319,42,Male,Guangdong,Postgraduate,4,Reading,80.14,126,161.22,3,85,95,65,82.0,High
AUD_4330,1672,33,Male,Henan,Undergraduate,9,Spontaneous,43.32,91,137.3,4,58,54,72,61.0,Medium
AUD_4331,1375,22,Male,Hubei,High School,12,Spontaneous,57.52,74,141.81,5,89,51,72,72.5,Medium
AUD_4332,1819,43,Female,Shanghai,High School,14,Spontaneous,50.2,116,140.45,7,65,91,64,72.5,Medium
AUD_4333,1088,39,Male,Zhejiang,Postgraduate,7,Spontaneous,69.64,161,125.89,7,76,79,74,76.3,High
AUD_4334,1653,30,Male,Beijing,High School,8,Reading,61.16,122,178.24,4,94,84,78,86.19999999999999,High
AUD_4335,1202,36,Female,Hubei,Undergraduate,8,Reading,74.94,199,93.36,2,86,59,85,77.6,High
AUD_4336,1820,20,Male,Sichuan,High School,11,Reading,20.82,161,109.43,4,62,58,64,61.400000000000006,Medium
AUD_4337,1738,43,Male,Henan,Undergraduate,14,Reading,68.15,186,115.62,5,51,66,86,66.0,Medium
AUD_4338,1954,25,Female,Hubei,Postgraduate,4,Spontaneous,42.33,72,169.32,10,61,87,84,75.7,High
AUD_4339,1333,44,Male,Zhejiang,High School,14,Spontaneous,35.7,64,172.7,11,90,79,95,88.2,High
AUD_4340,1221,43,Female,Guangdong,Undergraduate,8,Spontaneous,76.09,176,166.15,9,82,90,88,86.2,High
AUD_4341,1040,43,Male,Guangdong,Postgraduate,11,Spontaneous,26.25,63,127.53,14,72,84,96,82.8,High
AUD_4342,1707,29,Male,Hubei,Postgraduate,14,Reading,35.99,101,172.32,5,63,56,86,67.8,Medium
AUD_4343,1067,19,Male,Zhejiang,Postgraduate,6,Spontaneous,34.26,133,98.87,8,88,61,90,80.5,High
AUD_4344,1987,28,Female,Henan,Postgraduate,14,Spontaneous,49.39,85,148.72,14,98,99,77,92.0,High
AUD_4345,1775,29,Female,Hubei,High School,13,Spontaneous,42.56,194,174.35,14,79,91,94,87.10000000000001,High
AUD_4346,1513,35,Female,Beijing,Undergraduate,8,Reading,70.43,53,157.94,10,95,83,79,86.6,High
AUD_4347,1872,30,Male,Beijing,High School,9,Reading,68.96,180,115.01,3,98,98,56,85.39999999999999,High
AUD_4348,1636,22,Male,Jiangsu,Undergraduate,3,Reading,42.78,68,154.58,4,83,52,53,64.7,Medium
AUD_4349,1621,39,Female,Shanghai,Postgraduate,7,Spontaneous,50.59,107,116.53,2,58,82,56,64.6,Medium
AUD_4350,1597,29,Female,Jiangsu,High School,6,Reading,34.55,56,100.04,9,64,89,82,76.89999999999999,High
AUD_4351,1936,19,Male,Henan,Postgraduate,12,Reading,66.96,85,154.55,3,73,62,96,76.6,High
AUD_4352,1631,22,Male,Beijing,Undergraduate,4,Reading,47.74,125,106.13,8,97,60,96,85.6,High
AUD_4353,1126,24,Male,Zhejiang,Postgraduate,4,Reading,29.3,197,100.0,8,90,89,67,82.8,High
AUD_4354,1254,43,Male,Shanghai,High School,4,Reading,28.91,151,139.66,12,74,69,64,69.5,Medium
AUD_4355,1694,43,Female,Henan,High School,9,Reading,42.56,125,145.86,4,85,80,84,83.2,High
AUD_4356,1015,41,Male,Zhejiang,Undergraduate,13,Spontaneous,72.31,117,94.6,3,81,82,86,82.8,High
AUD_4357,1476,29,Male,Henan,Undergraduate,13,Spontaneous,21.79,115,90.4,4,96,83,54,79.5,High
AUD_4358,1061,33,Male,Jiangsu,High School,6,Reading,38.04,96,169.39,13,70,99,97,86.8,High
AUD_4359,1880,40,Male,Guangdong,High School,8,Spontaneous,31.37,183,100.37,9,91,99,72,87.69999999999999,High
AUD_4360,1431,25,Male,Zhejiang,High School,9,Reading,86.95,67,142.55,13,88,58,59,70.3,Medium
AUD_4361,1669,26,Male,Jiangsu,High School,11,Spontaneous,69.37,71,175.82,10,55,56,74,61.0,Medium
AUD_4362,1267,32,Male,Jiangsu,Undergraduate,13,Reading,36.33,117,136.07,12,96,58,71,77.10000000000001,High
AUD_4363,1034,22,Female,Jiangsu,High School,4,Spontaneous,34.52,147,102.58,9,74,91,80,80.9,High
AUD_4364,1778,30,Female,Guangdong,Undergraduate,12,Reading,80.06,58,125.41,12,51,75,72,64.5,Medium
AUD_4365,1575,22,Female,Guangdong,High School,14,Reading,33.32,124,146.16,3,80,51,77,70.39999999999999,Medium
AUD_4366,1493,28,Male,Hubei,High School,11,Spontaneous,89.79,66,158.66,13,79,54,94,76.0,High
AUD_4367,1561,27,Female,Guangdong,Postgraduate,13,Reading,39.76,100,144.62,14,64,98,64,74.2,Medium
AUD_4368,1468,37,Male,Shanghai,Postgraduate,7,Spontaneous,25.9,73,93.09,10,67,51,89,68.8,Medium
AUD_4369,1766,30,Male,Guangdong,High School,8,Reading,68.37,174,102.88,7,81,59,56,66.89999999999999,Medium
AUD_4370,1660,26,Male,Guangdong,Undergraduate,8,Reading,62.67,64,123.46,13,63,80,95,77.7,High
AUD_4371,1324,38,Male,Guangdong,High School,13,Reading,89.99,180,153.51,3,67,82,87,77.5,High
AUD_4372,1303,31,Female,Henan,Postgraduate,5,Reading,76.15,101,142.59,10,84,93,89,88.2,High
AUD_4373,1275,35,Male,Zhejiang,High School,13,Spontaneous,50.02,103,94.02,6,71,96,64,76.4,High
AUD_4374,1868,32,Male,Guangdong,Postgraduate,13,Spontaneous,67.36,107,161.72,7,63,55,98,71.1,Medium
AUD_4375,1962,27,Female,Shanghai,High School,12,Spontaneous,77.25,94,144.46,2,87,63,54,69.9,Medium
AUD_4376,1683,41,Female,Henan,High School,9,Spontaneous,55.96,167,169.84,13,63,63,61,62.400000000000006,Medium
AUD_4377,1928,24,Female,Jiangsu,Undergraduate,9,Spontaneous,39.1,126,127.59,14,83,64,62,71.0,Medium
AUD_4378,1200,25,Male,Zhejiang,Postgraduate,10,Reading,34.71,99,134.12,3,71,82,52,68.6,Medium
AUD_4379,1444,20,Female,Beijing,Postgraduate,7,Reading,40.67,71,126.5,2,65,80,68,70.4,Medium
AUD_4380,1904,32,Male,Henan,Postgraduate,4,Spontaneous,79.36,101,155.02,5,97,66,75,81.10000000000001,High
AUD_4381,1323,33,Male,Guangdong,Undergraduate,5,Reading,46.63,80,157.69,3,98,92,79,90.5,High
AUD_4382,1034,21,Female,Henan,High School,11,Spontaneous,40.07,120,155.09,14,65,64,77,68.3,Medium
AUD_4383,1976,38,Female,Hubei,Undergraduate,8,Reading,76.41,139,116.24,2,65,69,64,65.9,Medium
AUD_4384,1481,23,Female,Hubei,High School,10,Spontaneous,22.23,80,147.24,4,89,97,67,84.8,High
AUD_4385,1727,18,Male,Henan,Undergraduate,10,Reading,61.58,151,120.47,5,87,70,56,72.60000000000001,Medium
AUD_4386,1479,21,Male,Jiangsu,Undergraduate,7,Reading,81.15,181,165.08,5,67,78,63,69.1,Medium
AUD_4387,1064,28,Male,Jiangsu,Postgraduate,3,Spontaneous,48.71,146,94.96,4,72,58,73,68.1,Medium
AUD_4388,1007,29,Male,Zhejiang,Undergraduate,8,Reading,38.85,116,93.39,3,95,78,73,83.3,High
AUD_4389,1300,43,Male,Hubei,High School,9,Spontaneous,54.42,186,99.15,13,97,93,60,84.7,High
AUD_4390,1342,22,Male,Beijing,Undergraduate,11,Reading,70.22,132,108.21,9,89,83,88,86.9,High
AUD_4391,1430,40,Female,Sichuan,Undergraduate,4,Spontaneous,56.16,105,93.39,11,67,96,92,83.19999999999999,High
AUD_4392,1423,38,Male,Hubei,High School,14,Reading,20.53,75,96.45,14,95,58,89,82.1,High
AUD_4393,1331,33,Female,Henan,Postgraduate,4,Spontaneous,25.48,109,117.55,12,98,97,59,86.0,High
AUD_4394,1437,30,Female,Hubei,High School,12,Reading,70.49,177,98.98,3,71,79,92,79.7,High
AUD_4395,1587,30,Female,Shanghai,High School,3,Reading,48.0,176,162.19,6,89,66,82,80.0,High
AUD_4396,1173,34,Female,Sichuan,High School,7,Spontaneous,74.93,121,94.85,8,79,53,69,68.2,Medium
AUD_4397,1558,44,Female,Jiangsu,Undergraduate,4,Spontaneous,65.46,139,171.71,10,97,89,91,92.8,High
AUD_4398,1526,24,Male,Sichuan,Undergraduate,5,Spontaneous,60.71,107,168.38,13,91,81,88,87.1,High
AUD_4399,1872,25,Male,Hubei,High School,4,Spontaneous,83.1,112,108.75,4,91,81,71,82.0,High
AUD_4400,1658,30,Male,Jiangsu,High School,13,Reading,21.49,169,96.44,2,67,56,84,68.8,Medium
AUD_4401,1025,40,Male,Sichuan,Postgraduate,6,Reading,30.85,180,99.5,10,67,87,77,76.0,High
AUD_4402,1819,44,Female,Jiangsu,Undergraduate,13,Reading,63.71,184,140.32,2,90,81,85,85.8,High
AUD_4403,1604,33,Female,Jiangsu,Undergraduate,5,Reading,24.61,163,144.08,9,50,54,79,59.900000000000006,Low
AUD_4404,1405,21,Female,Zhejiang,Undergraduate,11,Reading,65.15,51,118.4,3,97,91,55,82.60000000000001,High
AUD_4405,1231,25,Male,Beijing,Undergraduate,12,Spontaneous,88.89,189,116.72,8,91,52,50,67.0,Medium
AUD_4406,1532,33,Male,Jiangsu,High School,14,Spontaneous,81.52,97,137.84,13,64,69,53,62.199999999999996,Medium
AUD_4407,1818,38,Male,Shanghai,High School,4,Spontaneous,61.36,102,117.51,4,54,66,74,63.60000000000001,Medium
AUD_4408,1549,27,Male,Hubei,Postgraduate,9,Spontaneous,82.58,174,174.09,7,76,65,88,76.30000000000001,High
AUD_4409,1787,42,Female,Hubei,Undergraduate,13,Spontaneous,28.14,166,124.44,7,66,60,60,62.400000000000006,Medium
AUD_4410,1504,29,Female,Shanghai,Undergraduate,5,Reading,51.83,140,109.78,5,90,62,87,80.69999999999999,High
AUD_4411,1668,29,Male,Guangdong,High School,12,Reading,50.01,131,103.14,9,81,67,86,78.3,High
AUD_4412,1178,43,Male,Jiangsu,Postgraduate,10,Spontaneous,43.55,117,146.85,13,87,63,61,72.0,Medium
AUD_4413,1131,22,Female,Henan,High School,6,Spontaneous,20.01,143,119.4,13,75,83,78,78.3,High
AUD_4414,1822,33,Female,Jiangsu,Undergraduate,6,Spontaneous,82.37,198,106.99,6,51,61,83,63.6,Medium
AUD_4415,1454,18,Female,Jiangsu,Undergraduate,11,Reading,74.44,121,114.82,8,77,71,67,72.2,Medium
AUD_4416,1347,26,Female,Henan,Postgraduate,13,Spontaneous,65.7,152,117.71,14,94,70,58,76.0,High
AUD_4417,1539,29,Male,Sichuan,High School,5,Spontaneous,29.03,62,146.33,6,72,75,95,79.8,High
AUD_4418,1771,22,Female,Jiangsu,Undergraduate,9,Spontaneous,46.47,173,105.72,14,99,91,61,85.2,High
AUD_4419,1405,39,Female,Jiangsu,Undergraduate,3,Reading,84.7,199,155.95,13,69,88,58,71.4,Medium
AUD_4420,1075,37,Female,Shanghai,Postgraduate,9,Spontaneous,63.19,56,117.44,5,85,51,50,64.3,Medium
AUD_4421,1940,39,Female,Beijing,Undergraduate,12,Reading,62.24,73,133.95,7,91,99,56,82.89999999999999,High
AUD_4422,1578,41,Male,Beijing,Undergraduate,13,Spontaneous,83.92,182,148.94,4,71,98,88,84.19999999999999,High
AUD_4423,1853,20,Male,Guangdong,High School,4,Spontaneous,59.19,99,138.93,7,60,65,91,70.8,Medium
AUD_4424,1491,22,Male,Shanghai,Postgraduate,14,Reading,61.83,75,149.6,7,77,83,83,80.6,High
AUD_4425,1193,19,Male,Jiangsu,Postgraduate,8,Reading,44.2,187,119.03,12,94,60,81,79.9,High
AUD_4426,1983,31,Male,Beijing,Postgraduate,11,Spontaneous,46.0,60,176.71,12,71,68,77,71.89999999999999,Medium
AUD_4427,1161,19,Male,Zhejiang,High School,8,Spontaneous,67.99,89,131.31,7,66,79,75,72.6,Medium
AUD_4428,1346,30,Female,Zhejiang,Postgraduate,5,Reading,42.43,151,118.97,12,80,56,85,74.3,Medium
AUD_4429,1950,24,Female,Zhejiang,Undergraduate,3,Reading,59.14,60,116.68,4,60,76,89,73.5,Medium
AUD_4430,1360,27,Female,Jiangsu,Postgraduate,14,Spontaneous,39.54,161,93.84,14,85,71,63,74.19999999999999,Medium
AUD_4431,1768,30,Female,Jiangsu,Undergraduate,14,Reading,31.63,143,151.63,9,63,66,94,73.2,Medium
AUD_4432,1583,33,Male,Henan,Postgraduate,6,Reading,51.81,53,113.63,5,84,64,80,76.8,High
AUD_4433,1086,43,Female,Guangdong,Postgraduate,6,Spontaneous,35.22,51,176.3,12,72,58,65,65.7,Medium
AUD_4434,1933,31,Male,Hubei,High School,10,Spontaneous,82.89,94,108.94,3,78,61,88,75.9,High
AUD_4435,1261,28,Female,Guangdong,Postgraduate,12,Spontaneous,41.25,123,137.65,8,72,57,91,73.2,Medium
AUD_4436,1213,27,Female,Guangdong,Postgraduate,12,Reading,61.82,152,156.19,12,93,51,60,70.5,Medium
AUD_4437,1664,23,Female,Sichuan,High School,9,Spontaneous,38.44,91,168.31,9,85,98,60,81.4,High
AUD_4438,1721,21,Male,Zhejiang,Undergraduate,12,Spontaneous,38.06,78,104.08,12,65,97,87,81.19999999999999,High
AUD_4439,1912,38,Female,Jiangsu,Postgraduate,9,Reading,44.54,193,178.69,5,88,65,61,73.0,Medium
AUD_4440,1572,18,Male,Zhejiang,Postgraduate,9,Spontaneous,84.11,149,171.61,7,69,52,91,70.5,Medium
AUD_4441,1779,24,Male,Guangdong,Undergraduate,14,Reading,47.4,181,176.66,9,74,97,58,76.1,High
AUD_4442,1261,41,Female,Jiangsu,High School,4,Reading,77.49,149,166.74,6,68,80,71,72.5,Medium
AUD_4443,1729,26,Male,Shanghai,Postgraduate,11,Spontaneous,33.81,65,168.99,10,75,92,87,83.69999999999999,High
AUD_4444,1282,25,Male,Henan,High School,8,Spontaneous,23.37,55,143.89,7,81,75,58,72.3,Medium
AUD_4445,1647,22,Female,Beijing,Undergraduate,4,Reading,74.72,91,166.08,7,99,90,52,82.19999999999999,High
AUD_4446,1466,36,Female,Beijing,Undergraduate,3,Spontaneous,57.93,177,138.06,13,70,95,88,82.9,High
AUD_4447,1379,27,Female,Guangdong,High School,13,Reading,55.26,149,138.44,14,58,51,84,63.7,Medium
AUD_4448,1361,28,Female,Hubei,Undergraduate,3,Reading,39.05,125,140.63,3,92,79,79,84.2,High
AUD_4449,1448,42,Female,Zhejiang,Undergraduate,3,Spontaneous,25.06,91,179.67,8,68,62,75,68.3,Medium
AUD_4450,1440,32,Female,Shanghai,Postgraduate,6,Spontaneous,53.8,144,99.4,10,98,86,57,82.1,High
AUD_4451,1092,23,Male,Jiangsu,High School,6,Reading,80.71,61,162.5,6,70,63,81,71.2,Medium
AUD_4452,1620,32,Female,Hubei,Postgraduate,14,Reading,28.4,173,114.6,6,67,50,71,63.099999999999994,Medium
AUD_4453,1752,22,Female,Zhejiang,High School,11,Spontaneous,85.04,113,122.51,13,55,81,57,63.39999999999999,Medium
AUD_4454,1866,36,Male,Guangdong,Postgraduate,14,Reading,39.23,78,97.25,14,84,55,94,78.3,High
AUD_4455,1423,39,Female,Zhejiang,Undergraduate,14,Reading,57.25,68,121.64,12,63,71,51,61.8,Medium
AUD_4456,1141,36,Male,Guangdong,High School,3,Reading,24.66,146,179.17,6,58,60,63,60.1,Medium
AUD_4457,1290,27,Female,Sichuan,High School,5,Spontaneous,49.75,94,125.74,2,84,98,54,79.2,High
AUD_4458,1431,29,Female,Beijing,High School,5,Reading,28.81,103,150.27,6,51,72,62,60.599999999999994,Medium
AUD_4459,1748,39,Male,Hubei,High School,10,Reading,23.36,159,100.86,11,55,63,72,62.5,Medium
AUD_4460,1851,21,Female,Beijing,Undergraduate,4,Spontaneous,87.66,129,173.02,9,84,63,62,71.1,Medium
AUD_4461,1823,35,Male,Zhejiang,Undergraduate,8,Reading,71.11,62,164.5,4,74,69,68,70.69999999999999,Medium
AUD_4462,1688,33,Female,Shanghai,Undergraduate,13,Reading,70.33,189,124.77,10,58,56,73,61.9,Medium
AUD_4463,1652,25,Female,Jiangsu,Postgraduate,6,Spontaneous,26.34,162,121.36,10,99,68,84,85.2,High
AUD_4464,1700,21,Male,Guangdong,Undergraduate,12,Spontaneous,85.05,120,128.9,7,80,75,63,73.4,Medium
AUD_4465,1997,42,Female,Jiangsu,Postgraduate,8,Spontaneous,52.86,63,126.11,5,56,71,53,59.6,Low
AUD_4466,1048,40,Female,Beijing,Postgraduate,7,Spontaneous,79.66,91,113.22,5,77,55,75,69.8,Medium
AUD_4467,1301,29,Male,Henan,Undergraduate,14,Spontaneous,20.88,148,179.18,12,51,62,59,56.7,Low
AUD_4468,1880,19,Female,Shanghai,Undergraduate,11,Reading,40.87,125,162.95,2,50,59,87,63.8,Medium
AUD_4469,1189,21,Male,Shanghai,Undergraduate,11,Reading,89.72,153,114.11,11,86,68,87,80.89999999999999,High
AUD_4470,1135,22,Female,Jiangsu,Postgraduate,3,Spontaneous,49.95,170,178.36,6,73,80,83,78.1,High
AUD_4471,1554,20,Male,Beijing,High School,5,Reading,82.19,114,91.4,6,84,59,83,76.19999999999999,High
AUD_4472,1403,26,Female,Henan,Undergraduate,3,Spontaneous,42.96,194,129.41,6,56,86,68,68.6,Medium
AUD_4473,1891,38,Male,Jiangsu,Postgraduate,8,Reading,56.77,87,141.25,13,87,62,52,69.0,Medium
AUD_4474,1864,35,Male,Zhejiang,Postgraduate,14,Reading,79.8,77,93.38,2,78,66,85,76.5,High
AUD_4475,1601,28,Female,Shanghai,Undergraduate,5,Reading,62.41,82,104.49,2,50,54,53,52.1,Low
AUD_4476,1806,20,Female,Shanghai,Postgraduate,3,Spontaneous,70.76,160,113.23,11,79,70,75,75.1,High
AUD_4477,1340,42,Male,Zhejiang,Undergraduate,8,Spontaneous,36.02,175,154.82,13,95,88,60,82.4,High
AUD_4478,1756,40,Female,Beijing,Postgraduate,7,Spontaneous,30.91,177,174.58,3,81,69,52,68.69999999999999,Medium
AUD_4479,1944,19,Male,Shanghai,High School,14,Reading,36.12,119,146.21,2,59,56,98,69.80000000000001,Medium
AUD_4480,1703,26,Female,Hubei,Postgraduate,14,Spontaneous,54.51,134,140.64,14,83,64,58,69.80000000000001,Medium
AUD_4481,1317,31,Female,Henan,Undergraduate,10,Reading,76.07,181,138.31,9,60,64,95,71.7,Medium
AUD_4482,1617,21,Male,Sichuan,High School,4,Reading,44.78,168,121.56,13,97,72,51,75.7,High
AUD_4483,1362,26,Male,Sichuan,Undergraduate,10,Spontaneous,59.54,59,164.49,13,98,82,63,82.69999999999999,High
AUD_4484,1821,30,Female,Sichuan,Postgraduate,14,Reading,76.34,85,138.67,5,86,93,52,77.89999999999999,High
AUD_4485,1381,35,Female,Guangdong,High School,7,Reading,36.71,122,110.71,7,76,51,51,61.0,Medium
AUD_4486,1232,32,Female,Hubei,High School,10,Reading,81.81,181,102.31,9,99,99,71,90.6,High
AUD_4487,1776,27,Female,Guangdong,Postgraduate,14,Spontaneous,86.72,171,178.7,6,97,81,78,86.5,High
AUD_4488,1343,33,Female,Beijing,High School,12,Spontaneous,22.73,185,91.57,7,59,64,82,67.39999999999999,Medium
AUD_4489,1548,29,Male,Zhejiang,High School,6,Spontaneous,24.14,76,174.01,5,87,56,85,77.10000000000001,High
AUD_4490,1816,37,Female,Jiangsu,High School,6,Reading,26.37,186,109.65,7,71,58,59,63.5,Medium
AUD_4491,1552,22,Female,Hubei,Undergraduate,12,Reading,74.37,90,149.18,7,73,77,96,81.1,High
AUD_4492,1528,19,Male,Henan,Undergraduate,6,Spontaneous,33.25,153,117.14,4,57,71,93,72.0,Medium
AUD_4493,1855,27,Male,Beijing,High School,13,Reading,70.8,75,167.38,5,55,52,87,63.7,Medium
AUD_4494,1788,18,Male,Jiangsu,Postgraduate,8,Spontaneous,50.89,181,138.91,7,53,91,70,69.5,Medium
AUD_4495,1818,24,Female,Beijing,Postgraduate,6,Spontaneous,78.54,165,102.7,9,54,51,80,60.9,Medium
AUD_4496,1570,43,Male,Guangdong,Undergraduate,11,Spontaneous,76.6,178,114.29,14,55,71,84,68.5,Medium
AUD_4497,1934,34,Male,Sichuan,Postgraduate,11,Spontaneous,87.18,197,118.83,8,96,74,52,76.2,High
AUD_4498,1182,33,Male,Zhejiang,High School,5,Reading,37.57,141,169.73,5,81,74,68,75.0,High
AUD_4499,1040,44,Male,Guangdong,Postgraduate,9,Reading,36.05,145,159.01,4,87,81,71,80.4,High
AUD_4500,1550,44,Female,Zhejiang,Undergraduate,14,Reading,22.21,101,164.66,12,69,93,69,76.2,High
AUD_4501,1396,41,Female,Hubei,Undergraduate,7,Spontaneous,48.73,143,94.7,9,89,56,85,77.9,High
AUD_4502,1703,20,Female,Jiangsu,High School,14,Reading,52.13,113,142.09,7,94,80,68,82.0,High
AUD_4503,1778,31,Male,Beijing,Undergraduate,11,Spontaneous,87.52,70,179.93,13,85,86,95,88.3,High
AUD_4504,1493,27,Male,Shanghai,Undergraduate,4,Spontaneous,78.15,155,160.67,9,98,53,53,71.0,Medium
AUD_4505,1658,39,Male,Shanghai,Undergraduate,5,Spontaneous,31.68,129,100.86,10,63,82,81,74.1,Medium
AUD_4506,1906,24,Male,Zhejiang,Postgraduate,12,Reading,75.89,125,151.09,10,99,64,57,75.89999999999999,High
AUD_4507,1332,43,Male,Sichuan,Undergraduate,7,Spontaneous,32.48,145,157.08,11,96,58,75,78.30000000000001,High
AUD_4508,1126,34,Male,Sichuan,Postgraduate,14,Reading,25.44,74,136.28,12,68,55,50,58.7,Low
AUD_4509,1557,23,Female,Zhejiang,Undergraduate,7,Reading,78.6,75,97.09,10,60,95,75,75.0,High
AUD_4510,1556,40,Female,Guangdong,Undergraduate,12,Reading,88.32,149,93.12,11,88,80,96,88.0,High
AUD_4511,1000,39,Male,Shanghai,Postgraduate,14,Reading,26.17,130,174.4,2,50,83,92,72.5,Medium
AUD_4512,1167,21,Female,Guangdong,Postgraduate,9,Reading,76.97,76,113.18,13,84,93,58,78.9,High
AUD_4513,1619,34,Male,Jiangsu,High School,10,Reading,80.14,112,124.11,4,68,87,84,78.5,High
AUD_4514,1018,44,Male,Shanghai,High School,10,Reading,28.31,135,161.57,10,82,62,67,71.5,Medium
AUD_4515,1331,26,Female,Jiangsu,Postgraduate,3,Reading,39.83,167,152.03,5,81,85,68,78.3,High
AUD_4516,1583,21,Male,Beijing,Undergraduate,3,Spontaneous,71.36,87,177.17,11,85,81,97,87.39999999999999,High
AUD_4517,1455,24,Female,Guangdong,High School,5,Spontaneous,76.54,95,98.36,13,73,71,65,70.0,Medium
AUD_4518,1956,40,Male,Zhejiang,Postgraduate,3,Reading,44.78,176,153.62,3,92,97,77,89.0,High
AUD_4519,1108,19,Male,Shanghai,Postgraduate,3,Reading,31.2,120,97.4,2,56,78,52,61.4,Medium
AUD_4520,1267,34,Female,Guangdong,Undergraduate,12,Reading,65.38,180,90.01,6,56,60,67,60.5,Medium
AUD_4521,1444,41,Male,Zhejiang,Postgraduate,10,Reading,69.14,183,100.82,5,95,55,62,73.1,Medium
AUD_4522,1239,25,Male,Beijing,High School,3,Reading,55.25,62,145.51,6,96,54,76,77.4,High
AUD_4523,1928,40,Male,Shanghai,Undergraduate,11,Spontaneous,30.15,139,150.86,12,54,50,89,63.3,Medium
AUD_4524,1300,32,Female,Jiangsu,Postgraduate,4,Reading,79.11,161,129.45,6,63,88,88,78.0,High
AUD_4525,1601,32,Male,Beijing,Postgraduate,11,Reading,65.17,82,94.15,9,94,99,73,89.19999999999999,High
AUD_4526,1102,25,Male,Sichuan,Undergraduate,9,Reading,80.84,111,147.07,7,75,59,78,71.1,Medium
AUD_4527,1987,33,Male,Zhejiang,Undergraduate,11,Spontaneous,85.31,112,97.72,4,99,59,71,78.6,High
AUD_4528,1249,36,Female,Henan,Undergraduate,5,Spontaneous,76.4,105,102.76,10,50,98,75,71.9,Medium
AUD_4529,1452,28,Female,Shanghai,High School,3,Reading,87.11,88,136.13,9,62,73,69,67.4,Medium
AUD_4530,1519,19,Female,Shanghai,High School,3,Spontaneous,86.8,109,120.63,10,72,56,73,67.5,Medium
AUD_4531,1152,40,Female,Hubei,Postgraduate,13,Spontaneous,63.35,154,131.83,5,69,71,61,67.2,Medium
AUD_4532,1858,41,Female,Hubei,Postgraduate,12,Spontaneous,70.97,176,147.16,14,56,70,67,63.5,Medium
AUD_4533,1173,34,Male,Beijing,Undergraduate,8,Spontaneous,68.96,132,104.4,9,55,71,96,72.1,Medium
AUD_4534,1342,43,Female,Shanghai,Postgraduate,9,Spontaneous,63.48,154,170.38,12,58,82,61,66.1,Medium
AUD_4535,1669,33,Female,Zhejiang,Postgraduate,11,Spontaneous,21.35,123,140.35,4,77,93,87,84.8,High
AUD_4536,1430,42,Male,Beijing,Undergraduate,8,Spontaneous,44.91,184,91.99,6,59,74,81,70.1,Medium
AUD_4537,1726,32,Female,Jiangsu,High School,7,Spontaneous,27.01,171,146.56,8,84,80,98,87.0,High
AUD_4538,1688,30,Male,Beijing,High School,4,Reading,41.02,111,131.69,2,56,98,72,73.39999999999999,Medium
AUD_4539,1686,32,Female,Beijing,High School,4,Reading,24.8,50,153.15,2,74,65,53,65.0,Medium
AUD_4540,1851,44,Male,Henan,Postgraduate,10,Spontaneous,84.4,128,160.56,4,79,64,61,69.1,Medium
AUD_4541,1849,21,Male,Jiangsu,Undergraduate,3,Spontaneous,51.59,167,174.5,5,92,78,66,80.0,High
AUD_4542,1657,33,Female,Sichuan,High School,10,Reading,33.26,114,179.85,2,75,68,70,71.4,Medium
AUD_4543,1961,29,Female,Hubei,Postgraduate,13,Reading,60.93,115,139.47,9,93,66,86,82.8,High
AUD_4544,1323,21,Male,Zhejiang,Undergraduate,12,Spontaneous,33.75,116,140.54,3,61,75,78,70.30000000000001,Medium
AUD_4545,1989,20,Male,Sichuan,High School,13,Reading,76.31,149,92.02,12,62,85,55,66.8,Medium
AUD_4546,1672,39,Male,Sichuan,High School,9,Spontaneous,41.41,103,167.87,6,89,85,96,89.9,High
AUD_4547,1638,34,Male,Sichuan,Undergraduate,9,Reading,42.04,170,92.58,14,53,84,77,69.5,Medium
AUD_4548,1419,39,Male,Hubei,Postgraduate,7,Spontaneous,80.9,149,146.94,7,50,89,57,63.8,Medium
AUD_4549,1593,35,Male,Guangdong,Postgraduate,5,Reading,59.14,152,98.87,12,55,72,80,67.6,Medium
AUD_4550,1484,42,Male,Hubei,High School,9,Spontaneous,82.11,157,115.73,7,51,58,69,58.5,Low
AUD_4551,1658,35,Female,Sichuan,Undergraduate,9,Reading,48.9,61,102.63,7,95,83,65,82.4,High
AUD_4552,1750,40,Male,Guangdong,Postgraduate,9,Reading,44.07,197,102.37,12,76,67,62,69.1,Medium
AUD_4553,1411,34,Female,Jiangsu,Undergraduate,14,Spontaneous,55.43,136,96.71,2,67,65,64,65.5,Medium
AUD_4554,1935,29,Female,Hubei,Undergraduate,13,Spontaneous,24.3,135,118.61,4,91,81,62,79.3,High
AUD_4555,1083,40,Male,Zhejiang,High School,4,Reading,30.79,81,128.13,4,78,77,96,83.1,High
AUD_4556,1112,38,Male,Sichuan,Undergraduate,5,Reading,35.37,120,131.8,9,82,81,51,72.4,Medium
AUD_4557,1736,41,Female,Shanghai,Undergraduate,5,Spontaneous,77.17,93,129.57,7,52,99,69,71.2,Medium
AUD_4558,1331,21,Male,Jiangsu,Undergraduate,6,Reading,71.37,115,137.13,3,69,67,77,70.8,Medium
AUD_4559,1377,29,Male,Guangdong,Postgraduate,14,Reading,33.53,127,167.38,14,53,93,67,69.2,Medium
AUD_4560,1754,43,Female,Hubei,High School,11,Reading,39.37,104,146.86,2,67,83,56,68.5,Medium
AUD_4561,1654,40,Female,Zhejiang,High School,12,Reading,86.1,65,91.56,5,57,78,70,67.2,Medium
AUD_4562,1040,39,Female,Beijing,Undergraduate,3,Reading,26.01,137,105.57,2,71,70,90,76.4,High
AUD_4563,1934,38,Male,Zhejiang,Undergraduate,14,Spontaneous,58.32,120,121.41,6,90,50,88,77.4,High
AUD_4564,1769,37,Male,Zhejiang,Postgraduate,9,Reading,56.54,117,175.41,13,71,65,58,65.30000000000001,Medium
AUD_4565,1958,32,Female,Sichuan,High School,9,Reading,70.8,173,97.03,12,68,98,93,84.5,High
AUD_4566,1796,40,Male,Sichuan,Postgraduate,13,Spontaneous,38.3,182,153.91,9,77,82,59,73.1,Medium
AUD_4567,1104,33,Female,Hubei,High School,6,Spontaneous,85.43,54,92.98,11,51,70,80,65.4,Medium
AUD_4568,1201,22,Male,Hubei,Postgraduate,13,Spontaneous,48.74,174,122.63,3,58,84,91,75.7,High
AUD_4569,1449,38,Female,Henan,Undergraduate,3,Spontaneous,40.0,180,159.31,9,84,76,62,75.0,High
AUD_4570,1818,32,Male,Guangdong,Postgraduate,5,Spontaneous,43.58,185,120.95,14,71,69,54,65.3,Medium
AUD_4571,1842,34,Female,Henan,Undergraduate,7,Reading,44.41,123,128.73,9,75,80,89,80.7,High
AUD_4572,1972,35,Male,Hubei,High School,14,Reading,33.92,174,171.48,7,83,65,91,80.0,High
AUD_4573,1265,22,Male,Guangdong,High School,4,Reading,84.96,147,95.96,9,56,63,87,67.39999999999999,Medium
AUD_4574,1909,30,Female,Sichuan,Undergraduate,9,Spontaneous,32.24,172,137.49,14,79,97,92,88.3,High
AUD_4575,1209,36,Male,Sichuan,High School,12,Spontaneous,81.8,149,122.96,3,98,81,85,89.0,High
AUD_4576,1562,30,Male,Shanghai,Postgraduate,12,Spontaneous,48.35,102,176.74,8,74,90,51,71.9,Medium
AUD_4577,1117,35,Female,Shanghai,Undergraduate,9,Reading,38.85,125,161.43,13,98,81,55,80.0,High
AUD_4578,1712,31,Male,Jiangsu,High School,14,Reading,33.9,177,100.99,9,58,51,62,57.099999999999994,Low
AUD_4579,1376,21,Male,Sichuan,Postgraduate,12,Reading,55.3,63,173.47,5,76,94,78,82.0,High
AUD_4580,1550,21,Male,Beijing,Postgraduate,7,Reading,66.85,54,109.01,10,50,71,93,69.19999999999999,Medium
AUD_4581,1539,37,Female,Shanghai,High School,14,Reading,82.88,161,97.63,12,82,86,63,77.5,High
AUD_4582,1770,37,Female,Guangdong,High School,12,Reading,65.67,76,138.74,7,57,66,79,66.3,Medium
AUD_4583,1083,36,Female,Zhejiang,Postgraduate,8,Spontaneous,53.86,174,156.3,13,98,81,74,85.7,High
AUD_4584,1453,30,Female,Hubei,Undergraduate,3,Reading,22.34,78,154.44,4,81,87,89,85.2,High
AUD_4585,1666,29,Female,Hubei,High School,6,Reading,84.08,52,138.07,14,89,66,84,80.60000000000001,High
AUD_4586,1628,24,Male,Jiangsu,High School,6,Reading,83.17,186,134.35,5,68,83,86,77.9,High
AUD_4587,1513,42,Male,Shanghai,Undergraduate,13,Reading,46.51,50,177.26,13,85,56,56,67.6,Medium
AUD_4588,1604,29,Female,Zhejiang,Undergraduate,10,Reading,22.03,72,163.85,5,99,78,99,92.7,High
AUD_4589,1677,38,Male,Zhejiang,High School,4,Spontaneous,71.34,116,152.88,2,94,66,87,83.5,High
AUD_4590,1386,21,Male,Shanghai,Undergraduate,3,Reading,75.42,55,107.57,14,71,73,67,70.39999999999999,Medium
AUD_4591,1911,44,Male,Beijing,Postgraduate,9,Reading,57.97,98,163.78,11,88,57,57,69.39999999999999,Medium
AUD_4592,1349,19,Male,Beijing,Postgraduate,8,Spontaneous,48.2,192,157.48,2,75,72,56,68.39999999999999,Medium
AUD_4593,1295,19,Female,Jiangsu,Postgraduate,7,Spontaneous,79.58,79,179.28,2,52,82,83,70.3,Medium
AUD_4594,1257,22,Female,Henan,High School,14,Reading,33.48,89,101.97,5,95,78,85,86.9,High
AUD_4595,1080,40,Male,Beijing,Undergraduate,10,Reading,50.77,112,154.38,2,58,68,90,70.6,Medium
AUD_4596,1936,27,Male,Jiangsu,Postgraduate,13,Reading,21.71,97,178.12,7,84,54,97,78.89999999999999,High
AUD_4597,1267,27,Female,Henan,Undergraduate,4,Reading,31.48,173,131.63,3,56,86,59,65.9,Medium
AUD_4598,1418,26,Male,Henan,Postgraduate,4,Reading,85.86,117,156.01,2,64,72,89,73.9,Medium
AUD_4599,1234,30,Male,Guangdong,Undergraduate,11,Spontaneous,60.47,184,177.78,8,53,75,78,67.1,Medium
AUD_4600,1832,24,Male,Henan,Postgraduate,3,Spontaneous,76.39,92,139.27,7,86,73,65,75.8,High
AUD_4601,1310,22,Female,Shanghai,Postgraduate,8,Reading,54.06,193,152.91,2,77,70,74,74.0,Medium
AUD_4602,1812,43,Female,Henan,Postgraduate,5,Reading,78.44,71,91.81,13,58,82,78,71.19999999999999,Medium
AUD_4603,1974,27,Male,Zhejiang,Postgraduate,7,Spontaneous,57.73,112,136.77,14,84,75,57,73.2,Medium
AUD_4604,1985,27,Male,Jiangsu,Postgraduate,10,Spontaneous,20.32,90,113.02,11,97,59,69,77.2,High
AUD_4605,1356,23,Male,Hubei,Postgraduate,9,Reading,82.98,99,101.81,13,97,91,85,91.60000000000001,High
AUD_4606,1212,44,Male,Beijing,Postgraduate,14,Reading,30.4,116,153.77,10,74,78,76,75.8,High
AUD_4607,1573,36,Male,Hubei,Postgraduate,6,Reading,51.54,135,93.52,7,58,84,62,67.0,Medium
AUD_4608,1048,38,Male,Jiangsu,Postgraduate,10,Reading,53.37,86,171.44,3,82,77,75,78.4,High
AUD_4609,1126,25,Female,Sichuan,Undergraduate,13,Reading,23.31,199,136.6,8,66,61,91,72.0,Medium
AUD_4610,1222,18,Female,Jiangsu,Undergraduate,13,Reading,23.71,76,148.34,4,61,93,74,74.5,Medium
AUD_4611,1920,34,Male,Beijing,High School,12,Spontaneous,73.38,169,112.81,8,58,56,77,63.099999999999994,Medium
AUD_4612,1278,24,Female,Sichuan,Postgraduate,13,Spontaneous,41.03,179,106.4,10,54,65,58,58.5,Low
AUD_4613,1407,31,Male,Sichuan,Undergraduate,4,Spontaneous,48.67,71,111.94,6,96,69,75,81.60000000000001,High
AUD_4614,1504,38,Male,Henan,Undergraduate,9,Spontaneous,59.49,66,110.91,2,75,78,61,71.7,Medium
AUD_4615,1293,38,Female,Beijing,Undergraduate,7,Reading,46.14,161,167.81,6,94,84,75,85.3,High
AUD_4616,1795,34,Female,Sichuan,Undergraduate,13,Spontaneous,74.25,174,160.86,9,68,77,96,79.1,High
AUD_4617,1276,26,Male,Shanghai,Undergraduate,8,Spontaneous,81.91,105,166.75,9,84,56,71,71.7,Medium
AUD_4618,1437,34,Male,Zhejiang,Undergraduate,5,Reading,24.18,92,156.14,4,51,71,50,56.7,Low
AUD_4619,1106,22,Female,Hubei,High School,13,Spontaneous,64.48,170,147.92,5,94,63,61,74.8,Medium
AUD_4620,1657,43,Female,Shanghai,Undergraduate,12,Reading,42.24,182,137.51,13,56,85,73,69.80000000000001,Medium
AUD_4621,1419,42,Male,Shanghai,High School,9,Reading,60.83,179,113.89,9,58,59,79,64.60000000000001,Medium
AUD_4622,1610,37,Male,Beijing,High School,9,Spontaneous,53.87,170,153.48,9,71,51,63,62.6,Medium
AUD_4623,1428,25,Male,Henan,Postgraduate,4,Spontaneous,43.36,181,102.29,8,91,71,72,79.3,High
AUD_4624,1374,23,Female,Beijing,Postgraduate,3,Spontaneous,26.64,161,136.0,7,82,65,51,67.60000000000001,Medium
AUD_4625,1072,28,Male,Hubei,Postgraduate,12,Reading,59.16,183,107.57,5,65,84,52,66.8,Medium
AUD_4626,1948,36,Female,Zhejiang,Undergraduate,4,Spontaneous,27.9,54,135.43,11,92,96,55,82.1,High
AUD_4627,1997,21,Male,Jiangsu,Postgraduate,14,Reading,30.93,110,116.45,14,73,89,68,76.30000000000001,High
AUD_4628,1633,35,Female,Shanghai,Undergraduate,10,Spontaneous,88.75,105,94.81,10,57,97,70,72.9,Medium
AUD_4629,1029,18,Female,Sichuan,Undergraduate,13,Reading,42.17,151,135.33,3,79,60,94,77.8,High
AUD_4630,1187,30,Female,Zhejiang,Postgraduate,12,Spontaneous,60.91,168,106.36,3,75,92,69,78.3,High
AUD_4631,1363,31,Female,Shanghai,Postgraduate,5,Spontaneous,39.06,62,104.5,2,94,92,70,86.2,High
AUD_4632,1865,41,Male,Jiangsu,High School,13,Reading,80.59,75,124.59,12,97,82,89,90.10000000000001,High
AUD_4633,1799,18,Female,Henan,High School,6,Spontaneous,39.83,113,122.56,13,84,83,53,74.4,Medium
AUD_4634,1450,28,Female,Sichuan,Undergraduate,10,Spontaneous,45.68,188,168.03,4,94,82,74,84.4,High
AUD_4635,1194,34,Female,Shanghai,Undergraduate,5,Reading,62.59,111,140.82,4,66,68,56,63.599999999999994,Medium
AUD_4636,1155,21,Male,Guangdong,Postgraduate,8,Spontaneous,80.9,173,166.91,5,87,69,56,72.3,Medium
AUD_4637,1171,43,Male,Hubei,Postgraduate,4,Spontaneous,77.13,119,103.22,4,59,59,82,65.89999999999999,Medium
AUD_4638,1846,29,Male,Zhejiang,High School,5,Reading,38.47,124,122.16,11,90,68,75,78.9,High
AUD_4639,1040,27,Male,Hubei,Postgraduate,3,Spontaneous,78.07,59,139.98,7,99,92,66,87.0,High
AUD_4640,1062,23,Male,Beijing,Undergraduate,11,Reading,69.08,193,103.78,10,66,61,57,61.8,Medium
AUD_4641,1022,42,Male,Shanghai,Postgraduate,6,Spontaneous,89.29,61,101.53,9,56,59,75,62.6,Medium
AUD_4642,1359,18,Female,Sichuan,High School,8,Spontaneous,85.48,137,149.53,7,51,56,64,56.400000000000006,Low
AUD_4643,1074,24,Female,Sichuan,Undergraduate,9,Reading,57.32,99,148.85,9,60,89,69,71.4,Medium
AUD_4644,1559,43,Female,Zhejiang,High School,4,Spontaneous,72.5,192,111.07,9,99,60,68,78.0,High
AUD_4645,1671,44,Male,Zhejiang,High School,10,Reading,59.91,108,110.44,11,52,99,56,67.3,Medium
AUD_4646,1824,38,Female,Hubei,Undergraduate,14,Reading,61.65,111,157.09,7,95,65,94,85.7,High
AUD_4647,1117,33,Female,Sichuan,High School,11,Spontaneous,27.11,121,100.53,3,69,82,50,67.2,Medium
AUD_4648,1611,41,Male,Sichuan,Postgraduate,12,Reading,20.16,99,173.09,6,62,87,88,77.3,High
AUD_4649,1379,31,Female,Sichuan,Postgraduate,13,Spontaneous,23.37,103,174.94,5,72,66,86,74.4,Medium
AUD_4650,1928,40,Male,Shanghai,High School,4,Reading,87.66,103,168.39,13,66,94,67,74.7,Medium
AUD_4651,1919,37,Female,Sichuan,Postgraduate,7,Spontaneous,28.84,153,108.96,7,78,74,57,70.5,Medium
AUD_4652,1678,37,Male,Beijing,High School,4,Spontaneous,23.11,100,91.51,3,92,91,64,83.30000000000001,High
AUD_4653,1289,23,Male,Sichuan,Postgraduate,13,Reading,41.68,123,174.3,5,88,80,99,88.9,High
AUD_4654,1439,39,Male,Beijing,High School,7,Spontaneous,61.17,178,120.96,14,81,91,55,76.2,High
AUD_4655,1667,42,Female,Shanghai,Postgraduate,9,Spontaneous,86.39,134,117.94,9,84,50,86,74.4,Medium
AUD_4656,1932,22,Female,Zhejiang,Undergraduate,8,Spontaneous,68.99,118,113.55,2,84,88,71,81.3,High
AUD_4657,1006,41,Male,Henan,Undergraduate,6,Reading,39.34,178,112.01,4,83,69,60,71.9,Medium
AUD_4658,1195,38,Male,Beijing,Postgraduate,4,Spontaneous,85.73,166,156.11,5,70,58,75,67.9,Medium
AUD_4659,1420,35,Female,Shanghai,High School,9,Spontaneous,22.52,104,171.71,3,65,92,57,70.69999999999999,Medium
AUD_4660,1567,32,Female,Henan,Postgraduate,14,Reading,88.53,134,160.75,13,72,51,58,61.5,Medium
AUD_4661,1832,23,Male,Henan,High School,12,Spontaneous,24.1,138,150.67,3,60,50,62,57.599999999999994,Low
AUD_4662,1192,42,Female,Sichuan,Postgraduate,11,Reading,72.77,122,115.9,7,63,93,52,68.7,Medium
AUD_4663,1558,36,Female,Shanghai,Postgraduate,3,Reading,23.17,129,139.23,7,52,88,52,62.800000000000004,Medium
AUD_4664,1147,18,Female,Henan,Undergraduate,5,Spontaneous,85.21,159,111.33,4,56,54,56,55.400000000000006,Low
AUD_4665,1786,18,Male,Sichuan,High School,9,Reading,27.61,110,100.04,9,89,61,52,69.5,Medium
AUD_4666,1668,30,Male,Hubei,High School,11,Spontaneous,23.53,152,100.83,13,94,63,60,74.5,Medium
AUD_4667,1201,20,Female,Shanghai,High School,7,Spontaneous,82.25,162,144.34,4,60,88,95,78.9,High
AUD_4668,1443,27,Male,Henan,High School,9,Spontaneous,26.71,129,93.46,3,82,81,77,80.2,High
AUD_4669,1913,38,Female,Zhejiang,High School,12,Reading,75.86,191,177.59,6,68,89,91,81.2,High
AUD_4670,1987,20,Female,Beijing,Undergraduate,9,Reading,72.29,161,179.59,14,94,95,80,90.1,High
AUD_4671,1418,26,Male,Hubei,Postgraduate,6,Spontaneous,61.92,147,103.45,8,98,93,58,84.5,High
AUD_4672,1426,25,Male,Zhejiang,High School,7,Spontaneous,46.46,137,128.46,2,90,58,76,76.2,High
AUD_4673,1478,20,Male,Guangdong,High School,4,Reading,84.09,149,159.13,3,72,91,61,74.4,Medium
AUD_4674,1474,42,Female,Sichuan,Postgraduate,10,Spontaneous,80.98,169,175.96,3,72,91,57,73.2,Medium
AUD_4675,1125,30,Female,Henan,Undergraduate,14,Reading,49.84,178,170.22,9,78,82,93,83.69999999999999,High
AUD_4676,1394,23,Male,Beijing,Undergraduate,3,Reading,36.22,96,112.93,11,55,74,90,71.2,Medium
AUD_4677,1816,30,Male,Zhejiang,Undergraduate,4,Spontaneous,39.08,198,97.67,7,88,87,71,82.6,High
AUD_4678,1880,40,Male,Beijing,Postgraduate,14,Spontaneous,35.42,88,115.99,14,54,63,67,60.599999999999994,Medium
AUD_4679,1805,37,Female,Guangdong,Postgraduate,5,Spontaneous,57.89,52,129.35,14,81,58,79,73.5,Medium
AUD_4680,1575,37,Female,Jiangsu,Undergraduate,9,Reading,80.8,193,122.39,14,89,76,98,87.80000000000001,High
AUD_4681,1324,29,Female,Sichuan,Undergraduate,8,Reading,74.15,117,159.65,5,75,93,60,75.9,High
AUD_4682,1391,30,Male,Sichuan,Postgraduate,9,Reading,75.69,62,113.2,5,63,68,51,60.9,Medium
AUD_4683,1929,19,Male,Shanghai,Undergraduate,13,Reading,51.38,69,167.28,6,67,74,78,72.4,Medium
AUD_4684,1687,38,Female,Henan,High School,7,Spontaneous,42.57,132,110.31,4,70,81,75,74.8,Medium
AUD_4685,1627,41,Male,Sichuan,Postgraduate,6,Reading,73.01,76,122.52,13,74,71,63,69.80000000000001,Medium
AUD_4686,1439,40,Male,Sichuan,Undergraduate,9,Spontaneous,75.53,179,130.3,5,69,78,77,74.1,Medium
AUD_4687,1203,33,Male,Zhejiang,High School,5,Reading,68.67,59,116.21,13,73,77,84,77.5,High
AUD_4688,1485,40,Male,Hubei,Postgraduate,12,Reading,22.25,138,158.97,5,52,93,55,65.2,Medium
AUD_4689,1832,23,Female,Sichuan,Postgraduate,9,Spontaneous,61.28,68,126.86,8,71,62,85,72.5,Medium
AUD_4690,1030,36,Male,Sichuan,High School,4,Reading,44.29,192,169.83,8,57,77,61,64.2,Medium
AUD_4691,1387,38,Female,Henan,Postgraduate,14,Spontaneous,33.73,152,176.72,2,95,52,83,78.5,High
AUD_4692,1624,30,Female,Guangdong,Undergraduate,14,Reading,68.61,96,167.38,13,95,79,55,78.2,High
AUD_4693,1876,34,Male,Hubei,Postgraduate,10,Spontaneous,38.8,65,137.04,4,78,60,86,75.0,High
AUD_4694,1433,40,Female,Guangdong,Undergraduate,14,Reading,83.9,130,135.88,10,56,51,86,63.5,Medium
AUD_4695,1836,26,Female,Henan,High School,8,Reading,40.87,181,109.43,7,55,99,57,68.8,Medium
AUD_4696,1925,34,Male,Beijing,High School,14,Spontaneous,58.86,162,143.3,7,55,99,86,77.5,High
AUD_4697,1375,19,Female,Beijing,Postgraduate,5,Spontaneous,77.94,115,175.75,5,61,58,89,68.5,Medium
AUD_4698,1343,36,Female,Sichuan,High School,5,Spontaneous,48.15,103,97.25,11,71,82,82,77.6,High
AUD_4699,1442,36,Female,Sichuan,High School,7,Reading,78.01,51,157.72,10,96,75,90,87.9,High
AUD_4700,1578,41,Female,Shanghai,Postgraduate,5,Reading,70.66,110,168.26,13,75,65,95,78.0,High
AUD_4701,1074,24,Female,Beijing,Undergraduate,8,Reading,84.46,64,178.8,4,74,74,80,75.8,High
AUD_4702,1556,39,Female,Zhejiang,Postgraduate,4,Reading,42.81,109,120.13,9,68,50,83,67.1,Medium
AUD_4703,1771,27,Female,Sichuan,Postgraduate,10,Reading,27.35,161,122.0,14,85,70,60,73.0,Medium
AUD_4704,1665,27,Female,Zhejiang,Undergraduate,13,Reading,50.12,92,110.68,7,84,69,85,79.8,High
AUD_4705,1154,44,Male,Sichuan,Undergraduate,14,Spontaneous,75.01,142,161.02,13,62,54,53,56.9,Low
AUD_4706,1429,37,Male,Henan,Undergraduate,13,Reading,51.53,79,102.6,3,74,66,66,69.2,Medium
AUD_4707,1362,26,Male,Zhejiang,Postgraduate,11,Reading,38.34,112,114.1,4,97,89,65,85.0,High
AUD_4708,1447,34,Female,Jiangsu,Undergraduate,9,Spontaneous,21.93,73,116.57,2,94,87,79,87.4,High
AUD_4709,1986,44,Female,Zhejiang,High School,5,Spontaneous,41.91,63,123.74,4,81,50,88,73.8,Medium
AUD_4710,1233,32,Female,Hubei,Undergraduate,13,Spontaneous,69.94,77,127.95,5,79,62,93,78.1,High
AUD_4711,1562,19,Male,Beijing,High School,12,Spontaneous,30.33,191,140.31,7,70,67,98,77.5,High
AUD_4712,1817,21,Male,Sichuan,Undergraduate,6,Spontaneous,43.86,157,175.35,11,91,53,54,68.5,Medium
AUD_4713,1261,36,Male,Beijing,High School,14,Reading,21.42,83,112.26,8,94,96,89,93.10000000000001,High
AUD_4714,1826,34,Female,Hubei,High School,12,Reading,70.52,127,160.13,4,89,63,86,80.3,High
AUD_4715,1124,22,Male,Hubei,High School,4,Spontaneous,81.65,61,150.88,12,93,97,92,93.89999999999999,High
AUD_4716,1910,24,Male,Zhejiang,High School,11,Spontaneous,59.8,110,100.44,14,57,54,75,61.5,Medium
AUD_4717,1244,35,Female,Guangdong,High School,7,Reading,21.81,154,162.93,8,90,82,77,83.69999999999999,High
AUD_4718,1541,38,Male,Guangdong,Undergraduate,14,Spontaneous,35.23,89,98.16,14,91,75,68,79.3,High
AUD_4719,1937,39,Female,Hubei,Postgraduate,4,Reading,50.69,197,156.5,5,56,53,70,59.3,Low
AUD_4720,1484,44,Male,Guangdong,Postgraduate,12,Reading,61.13,56,154.42,2,52,79,77,67.6,Medium
AUD_4721,1121,24,Female,Sichuan,Postgraduate,8,Spontaneous,54.74,128,152.05,2,86,66,68,74.6,Medium
AUD_4722,1124,34,Female,Shanghai,Postgraduate,9,Reading,84.11,170,114.9,9,52,77,85,69.4,Medium
AUD_4723,1548,24,Female,Jiangsu,Postgraduate,4,Reading,85.7,122,141.6,11,67,55,60,61.3,Medium
AUD_4724,1169,21,Female,Zhejiang,High School,3,Reading,27.5,117,158.54,8,91,76,68,79.6,High
AUD_4725,1123,25,Female,Shanghai,Undergraduate,9,Reading,29.69,80,147.38,5,58,85,54,64.9,Medium
AUD_4726,1868,30,Male,Guangdong,High School,3,Spontaneous,45.06,119,162.39,2,73,56,51,61.3,Medium
AUD_4727,1034,21,Female,Zhejiang,Undergraduate,5,Spontaneous,49.49,96,151.91,7,56,50,74,59.60000000000001,Low
AUD_4728,1086,23,Female,Shanghai,Undergraduate,6,Spontaneous,61.02,107,114.7,12,82,59,75,73.0,Medium
AUD_4729,1645,42,Female,Beijing,Undergraduate,4,Spontaneous,74.12,199,103.78,13,74,62,79,71.9,Medium
AUD_4730,1707,22,Female,Guangdong,Undergraduate,9,Spontaneous,29.5,73,146.88,12,91,90,66,83.2,High
AUD_4731,1785,29,Male,Henan,Postgraduate,7,Reading,76.18,83,158.38,11,83,81,70,78.5,High
AUD_4732,1200,21,Female,Shanghai,Undergraduate,3,Reading,62.7,112,102.81,8,87,63,69,74.4,Medium
AUD_4733,1368,41,Male,Henan,Undergraduate,14,Reading,88.66,196,105.73,7,70,82,67,72.69999999999999,Medium
AUD_4734,1796,26,Female,Sichuan,Postgraduate,14,Reading,65.58,73,91.09,13,87,79,96,87.3,High
AUD_4735,1076,21,Female,Beijing,High School,10,Spontaneous,70.13,113,137.86,7,89,58,65,72.5,Medium
AUD_4736,1058,36,Male,Guangdong,High School,12,Spontaneous,33.66,197,138.81,9,67,55,77,66.39999999999999,Medium
AUD_4737,1430,41,Male,Jiangsu,High School,9,Reading,73.82,165,135.01,7,88,59,61,71.2,Medium
AUD_4738,1637,31,Male,Hubei,High School,6,Spontaneous,25.55,147,118.44,3,99,60,89,84.3,High
AUD_4739,1499,22,Female,Guangdong,Undergraduate,4,Reading,65.96,76,128.5,8,82,88,55,75.7,High
AUD_4740,1912,35,Male,Henan,Postgraduate,9,Reading,23.89,93,158.96,14,77,69,73,73.4,Medium
AUD_4741,1108,27,Female,Sichuan,Postgraduate,13,Spontaneous,28.07,142,106.36,11,74,74,99,81.5,High
AUD_4742,1735,42,Male,Jiangsu,High School,4,Spontaneous,27.55,114,108.14,14,63,61,92,71.1,Medium
AUD_4743,1277,36,Male,Jiangsu,Postgraduate,8,Spontaneous,23.67,168,150.03,5,69,71,55,65.4,Medium
AUD_4744,1067,29,Female,Jiangsu,Undergraduate,3,Reading,42.48,103,168.02,12,88,61,66,73.3,Medium
AUD_4745,1068,35,Male,Zhejiang,High School,9,Spontaneous,89.6,169,120.64,12,69,63,91,73.8,Medium
AUD_4746,1164,34,Male,Zhejiang,Undergraduate,9,Reading,44.38,56,173.95,4,56,91,68,70.1,Medium
AUD_4747,1488,41,Female,Henan,Undergraduate,14,Spontaneous,73.25,103,95.19,9,53,97,96,79.1,High
AUD_4748,1304,28,Female,Hubei,Undergraduate,6,Reading,29.26,92,100.67,11,80,85,97,86.6,High
AUD_4749,1908,20,Female,Jiangsu,Undergraduate,6,Spontaneous,51.81,69,131.4,13,79,63,77,73.6,Medium
AUD_4750,1673,40,Male,Hubei,Undergraduate,12,Reading,32.96,133,155.11,13,86,51,78,73.1,Medium
AUD_4751,1364,34,Male,Beijing,High School,7,Reading,33.45,92,123.38,6,70,51,98,72.69999999999999,Medium
AUD_4752,1853,18,Male,Jiangsu,Undergraduate,4,Spontaneous,26.98,176,139.93,5,50,92,56,64.39999999999999,Medium
AUD_4753,1820,32,Male,Shanghai,High School,11,Reading,50.24,85,92.57,12,52,92,68,68.8,Medium
AUD_4754,1378,26,Male,Jiangsu,Postgraduate,12,Spontaneous,25.29,115,131.57,5,62,55,57,58.39999999999999,Low
AUD_4755,1342,32,Female,Henan,Undergraduate,6,Spontaneous,83.69,170,111.83,6,56,74,57,61.7,Medium
AUD_4756,1946,41,Male,Zhejiang,Undergraduate,13,Spontaneous,51.35,58,136.47,13,55,52,54,53.8,Low
AUD_4757,1898,20,Female,Zhejiang,Postgraduate,11,Reading,78.7,132,137.32,5,55,72,92,71.19999999999999,Medium
AUD_4758,1553,39,Male,Shanghai,High School,5,Spontaneous,88.56,128,157.78,4,83,58,83,75.5,High
AUD_4759,1353,44,Female,Shanghai,Undergraduate,11,Reading,67.44,70,138.59,5,81,80,99,86.1,High
AUD_4760,1415,36,Male,Guangdong,Postgraduate,3,Spontaneous,83.11,65,145.28,11,65,77,70,70.1,Medium
AUD_4761,1108,30,Male,Beijing,Postgraduate,9,Spontaneous,29.48,75,137.67,14,87,74,53,72.9,Medium
AUD_4762,1562,29,Female,Beijing,Undergraduate,6,Reading,78.1,78,179.13,14,57,84,93,75.9,High
AUD_4763,1761,37,Male,Henan,High School,9,Reading,38.99,147,161.25,6,70,50,85,68.5,Medium
AUD_4764,1496,18,Female,Henan,High School,12,Spontaneous,53.08,120,158.01,13,60,51,54,55.5,Low
AUD_4765,1340,38,Male,Henan,Undergraduate,8,Reading,65.26,192,146.45,3,99,64,98,88.19999999999999,High
AUD_4766,1941,34,Male,Henan,Postgraduate,6,Spontaneous,83.25,66,137.55,8,72,92,72,78.0,High
AUD_4767,1382,30,Female,Henan,Undergraduate,6,Reading,83.77,186,121.03,6,55,89,68,69.1,Medium
AUD_4768,1532,18,Male,Henan,High School,10,Reading,26.45,81,160.56,10,95,65,91,84.8,High
AUD_4769,1299,27,Female,Beijing,Postgraduate,9,Spontaneous,45.52,115,107.06,7,64,72,95,75.7,High
AUD_4770,1138,32,Male,Sichuan,Undergraduate,6,Reading,75.52,108,93.29,12,60,98,64,72.6,Medium
AUD_4771,1358,44,Male,Zhejiang,Postgraduate,13,Spontaneous,69.22,160,152.84,2,76,84,63,74.5,Medium
AUD_4772,1835,44,Male,Beijing,High School,8,Spontaneous,21.84,132,103.04,10,64,57,97,71.8,Medium
AUD_4773,1498,24,Male,Henan,High School,8,Reading,51.49,159,171.34,6,94,56,57,71.5,Medium
AUD_4774,1384,39,Male,Guangdong,High School,3,Spontaneous,78.05,108,159.36,10,87,70,58,73.2,Medium
AUD_4775,1603,35,Male,Guangdong,Undergraduate,4,Reading,71.64,79,144.2,2,53,84,89,73.10000000000001,Medium
AUD_4776,1958,33,Male,Beijing,Postgraduate,6,Reading,48.83,60,118.25,3,63,88,60,69.6,Medium
AUD_4777,1279,31,Female,Shanghai,Undergraduate,8,Spontaneous,71.46,168,147.41,4,94,86,93,91.30000000000001,High
AUD_4778,1636,44,Male,Guangdong,Undergraduate,8,Reading,58.58,143,132.92,13,59,82,95,76.7,High
AUD_4779,1482,35,Male,Hubei,Undergraduate,3,Spontaneous,83.88,51,116.2,6,78,86,67,77.1,High
AUD_4780,1908,44,Male,Shanghai,Undergraduate,10,Spontaneous,61.1,80,175.06,7,61,84,81,73.9,Medium
AUD_4781,1110,24,Female,Hubei,Postgraduate,4,Reading,48.05,112,104.57,6,89,67,93,83.6,High
AUD_4782,1865,34,Female,Zhejiang,Postgraduate,7,Reading,80.4,166,157.8,2,69,68,85,73.5,Medium
AUD_4783,1138,35,Male,Sichuan,Undergraduate,6,Spontaneous,23.49,176,162.0,5,86,59,94,80.3,High
AUD_4784,1995,29,Male,Guangdong,Undergraduate,7,Spontaneous,83.04,85,175.66,7,51,53,70,57.3,Low
AUD_4785,1434,25,Male,Shanghai,High School,7,Spontaneous,68.74,89,139.45,5,69,79,76,74.1,Medium
AUD_4786,1508,39,Female,Henan,High School,12,Reading,85.84,72,138.14,5,61,94,97,81.7,High
AUD_4787,1272,19,Male,Hubei,Postgraduate,10,Reading,37.54,67,172.83,6,87,82,91,86.7,High
AUD_4788,1098,24,Female,Beijing,High School,12,Spontaneous,68.64,128,162.1,9,79,53,70,68.5,Medium
AUD_4789,1763,21,Male,Hubei,Postgraduate,9,Reading,76.66,83,158.73,6,96,58,60,73.80000000000001,Medium
AUD_4790,1849,35,Female,Hubei,Postgraduate,14,Spontaneous,69.15,156,161.02,8,67,66,93,74.5,Medium
AUD_4791,1103,23,Female,Zhejiang,Postgraduate,11,Reading,34.72,98,134.39,9,99,92,99,96.9,High
AUD_4792,1213,44,Male,Jiangsu,High School,14,Spontaneous,39.29,111,93.73,7,59,88,83,74.9,Medium
AUD_4793,1760,26,Male,Jiangsu,High School,13,Spontaneous,59.67,91,107.84,7,56,73,54,60.5,Medium
AUD_4794,1663,44,Male,Beijing,Postgraduate,3,Spontaneous,51.27,73,147.87,3,91,88,77,85.89999999999999,High
AUD_4795,1761,26,Male,Zhejiang,Postgraduate,8,Spontaneous,71.46,126,125.65,14,54,62,59,57.900000000000006,Low
AUD_4796,1786,31,Male,Zhejiang,Undergraduate,8,Spontaneous,46.51,144,144.61,14,97,75,97,90.4,High
AUD_4797,1164,25,Male,Henan,Postgraduate,4,Spontaneous,80.16,132,139.65,11,78,68,61,69.9,Medium
AUD_4798,1998,36,Male,Zhejiang,Postgraduate,13,Reading,50.23,142,129.48,6,84,66,90,80.4,High
AUD_4799,1852,20,Female,Zhejiang,Undergraduate,10,Spontaneous,22.8,71,111.13,2,88,99,52,80.5,High
AUD_4800,1519,35,Male,Jiangsu,Postgraduate,8,Spontaneous,21.22,154,154.71,10,61,79,50,63.1,Medium
AUD_4801,1283,22,Male,Shanghai,Postgraduate,13,Spontaneous,65.27,134,171.81,8,59,75,86,71.9,Medium
AUD_4802,1516,31,Female,Zhejiang,Postgraduate,12,Spontaneous,57.84,110,159.3,3,86,62,89,79.7,High
AUD_4803,1656,21,Male,Shanghai,Undergraduate,11,Spontaneous,57.99,118,100.8,7,51,98,98,79.19999999999999,High
AUD_4804,1612,24,Male,Hubei,High School,12,Reading,75.3,55,138.42,11,52,67,50,55.9,Low
AUD_4805,1163,37,Male,Hubei,Postgraduate,7,Spontaneous,46.3,134,165.18,10,63,70,62,64.8,Medium
AUD_4806,1885,42,Male,Zhejiang,Undergraduate,9,Spontaneous,89.68,163,143.19,13,96,83,87,89.4,High
AUD_4807,1658,29,Female,Guangdong,Postgraduate,8,Spontaneous,86.19,188,129.56,6,69,96,64,75.6,High
AUD_4808,1063,19,Female,Sichuan,Undergraduate,13,Spontaneous,20.91,73,115.61,4,94,58,56,71.8,Medium
AUD_4809,1090,28,Male,Guangdong,Postgraduate,7,Reading,82.7,128,119.74,12,98,79,79,86.60000000000001,High
AUD_4810,1116,31,Male,Hubei,Undergraduate,8,Reading,67.64,159,111.79,11,53,78,73,66.5,Medium
AUD_4811,1865,39,Female,Sichuan,High School,6,Spontaneous,55.15,153,107.62,12,75,78,57,70.5,Medium
AUD_4812,1266,40,Male,Guangdong,High School,5,Spontaneous,60.79,100,143.0,5,96,95,52,82.5,High
AUD_4813,1821,33,Female,Zhejiang,High School,3,Reading,78.93,68,135.84,4,64,68,64,65.2,Medium
AUD_4814,1684,37,Female,Shanghai,Postgraduate,3,Spontaneous,86.57,180,156.13,2,58,57,85,65.8,Medium
AUD_4815,1558,23,Female,Sichuan,Undergraduate,8,Reading,59.22,180,117.71,11,52,93,90,75.7,High
AUD_4816,1139,40,Male,Jiangsu,Postgraduate,11,Spontaneous,32.69,177,131.47,12,51,66,92,67.8,Medium
AUD_4817,1245,21,Male,Beijing,Postgraduate,10,Reading,64.78,141,151.23,14,88,61,63,72.4,Medium
AUD_4818,1660,32,Male,Sichuan,Undergraduate,14,Reading,25.34,80,176.69,8,90,64,76,78.0,High
AUD_4819,1757,41,Female,Sichuan,Postgraduate,4,Spontaneous,64.46,155,121.4,9,79,54,79,71.5,Medium
AUD_4820,1394,42,Male,Jiangsu,Undergraduate,11,Spontaneous,76.6,173,116.84,3,86,83,90,86.3,High
AUD_4821,1486,18,Male,Zhejiang,Undergraduate,10,Spontaneous,44.73,162,130.44,9,66,99,93,84.0,High
AUD_4822,1475,24,Female,Guangdong,High School,14,Spontaneous,24.98,185,155.15,13,52,52,86,62.2,Medium
AUD_4823,1516,42,Male,Guangdong,High School,11,Reading,68.46,66,176.54,10,58,54,55,55.900000000000006,Low
AUD_4824,1976,29,Male,Hubei,High School,6,Reading,43.75,148,138.29,8,57,83,68,68.1,Medium
AUD_4825,1183,27,Male,Shanghai,Undergraduate,11,Spontaneous,37.44,149,163.12,12,58,58,86,66.4,Medium
AUD_4826,1019,22,Female,Zhejiang,High School,4,Reading,68.24,153,131.8,2,66,73,50,63.3,Medium
AUD_4827,1936,29,Male,Jiangsu,Undergraduate,3,Spontaneous,87.87,94,93.59,5,73,54,74,67.60000000000001,Medium
AUD_4828,1557,35,Female,Zhejiang,Postgraduate,11,Spontaneous,72.17,146,170.48,8,57,76,59,63.3,Medium
AUD_4829,1523,27,Female,Zhejiang,High School,12,Spontaneous,54.39,109,116.09,7,63,98,95,83.1,High
AUD_4830,1581,23,Female,Guangdong,Undergraduate,10,Reading,62.04,163,102.48,12,65,69,75,69.2,Medium
AUD_4831,1528,29,Male,Jiangsu,Undergraduate,9,Spontaneous,29.96,70,179.65,9,67,96,72,77.19999999999999,High
AUD_4832,1882,24,Male,Henan,Undergraduate,10,Reading,76.92,161,121.27,7,98,94,66,87.2,High
AUD_4833,1146,35,Male,Beijing,Undergraduate,14,Spontaneous,62.3,198,102.29,11,73,90,79,79.9,High
AUD_4834,1665,19,Female,Sichuan,High School,3,Reading,87.61,174,118.04,7,88,51,76,73.3,Medium
AUD_4835,1303,27,Female,Guangdong,High School,11,Reading,88.56,77,136.25,11,96,72,60,78.0,High
AUD_4836,1619,32,Male,Jiangsu,High School,14,Reading,44.82,130,97.92,7,76,83,53,71.19999999999999,Medium
AUD_4837,1747,29,Female,Shanghai,Undergraduate,12,Reading,89.2,131,121.74,8,77,78,67,74.3,Medium
AUD_4838,1819,43,Male,Sichuan,Postgraduate,13,Spontaneous,86.98,95,150.2,6,56,92,68,70.4,Medium
AUD_4839,1863,34,Male,Sichuan,Undergraduate,11,Reading,64.79,93,172.43,13,83,84,85,83.9,High
AUD_4840,1581,21,Male,Henan,Postgraduate,14,Reading,43.34,138,125.77,12,76,79,93,82.0,High
AUD_4841,1694,24,Male,Henan,High School,13,Spontaneous,72.73,167,140.81,10,83,52,95,77.30000000000001,High
AUD_4842,1761,26,Male,Guangdong,Undergraduate,11,Reading,38.99,169,147.25,8,88,59,99,82.60000000000001,High
AUD_4843,1227,36,Male,Hubei,Undergraduate,8,Spontaneous,64.09,112,96.37,2,68,83,75,74.6,Medium
AUD_4844,1101,44,Male,Shanghai,High School,6,Reading,21.72,126,120.8,12,55,50,50,52.0,Low
AUD_4845,1586,40,Female,Guangdong,Undergraduate,4,Spontaneous,64.0,137,151.58,13,79,55,69,68.8,Medium
AUD_4846,1416,24,Male,Zhejiang,Postgraduate,13,Reading,86.61,189,156.21,13,77,55,60,65.3,Medium
AUD_4847,1957,40,Female,Hubei,Postgraduate,6,Reading,36.46,127,122.04,10,61,92,74,74.2,Medium
AUD_4848,1215,19,Female,Jiangsu,Postgraduate,9,Reading,74.47,113,90.61,12,64,65,68,65.5,Medium
AUD_4849,1406,23,Male,Henan,Undergraduate,3,Reading,40.54,53,90.62,7,94,50,81,76.9,High
AUD_4850,1398,35,Female,Shanghai,Undergraduate,11,Spontaneous,69.55,132,138.43,12,88,54,50,66.4,Medium
AUD_4851,1922,23,Female,Sichuan,Postgraduate,5,Reading,69.0,55,139.63,9,88,74,50,72.4,Medium
AUD_4852,1714,30,Female,Guangdong,Undergraduate,6,Spontaneous,32.93,140,140.01,10,64,76,52,64.0,Medium
AUD_4853,1703,43,Male,Henan,Postgraduate,14,Spontaneous,61.8,71,154.96,12,85,91,95,89.8,High
AUD_4854,1760,36,Male,Sichuan,High School,7,Spontaneous,80.14,194,172.91,12,52,87,89,73.6,Medium
AUD_4855,1498,19,Male,Shanghai,Postgraduate,14,Spontaneous,46.78,78,179.12,3,50,92,81,71.89999999999999,Medium
AUD_4856,1753,29,Male,Henan,High School,5,Reading,69.72,194,153.1,3,56,75,96,73.7,Medium
AUD_4857,1464,32,Male,Henan,High School,6,Reading,67.21,51,136.26,6,58,65,85,68.2,Medium
AUD_4858,1690,31,Female,Sichuan,High School,7,Reading,38.03,81,102.69,6,50,94,92,75.8,High
AUD_4859,1948,23,Female,Guangdong,Postgraduate,14,Reading,84.31,199,124.58,13,54,93,57,66.6,Medium
AUD_4860,1973,35,Male,Hubei,Postgraduate,3,Reading,59.45,152,141.52,11,96,99,79,91.80000000000001,High
AUD_4861,1730,22,Female,Guangdong,Undergraduate,11,Reading,44.87,181,179.98,11,85,75,88,82.9,High
AUD_4862,1081,35,Female,Beijing,Undergraduate,12,Spontaneous,31.51,166,101.43,3,59,94,83,76.69999999999999,High
AUD_4863,1603,20,Female,Henan,High School,12,Spontaneous,53.14,190,161.38,11,51,86,57,63.3,Medium
AUD_4864,1946,20,Female,Sichuan,Postgraduate,6,Reading,71.11,110,179.9,5,72,77,74,74.1,Medium
AUD_4865,1686,39,Male,Beijing,Undergraduate,11,Reading,63.65,113,162.48,10,88,77,75,80.8,High
AUD_4866,1750,39,Male,Hubei,Undergraduate,6,Reading,70.89,126,159.04,5,78,79,76,77.7,High
AUD_4867,1771,27,Male,Beijing,Undergraduate,3,Spontaneous,75.42,82,113.28,2,68,62,68,66.19999999999999,Medium
AUD_4868,1902,36,Female,Sichuan,Postgraduate,14,Reading,50.87,147,90.3,6,87,74,72,78.6,High
AUD_4869,1364,20,Female,Shanghai,Undergraduate,7,Reading,56.41,175,110.34,3,96,94,90,93.60000000000001,High
AUD_4870,1162,29,Male,Zhejiang,High School,11,Reading,89.05,110,161.08,7,69,68,65,67.5,Medium
AUD_4871,1047,33,Male,Hubei,Postgraduate,5,Spontaneous,87.76,81,99.66,2,61,62,57,60.099999999999994,Medium
AUD_4872,1510,34,Female,Guangdong,Undergraduate,7,Spontaneous,49.04,188,116.65,8,60,60,79,65.7,Medium
AUD_4873,1328,24,Male,Jiangsu,Undergraduate,5,Reading,67.96,67,140.63,8,84,97,57,79.8,High
AUD_4874,1839,30,Male,Hubei,Postgraduate,14,Spontaneous,38.73,94,142.18,5,98,72,60,78.8,High
AUD_4875,1115,41,Female,Beijing,Undergraduate,5,Spontaneous,30.69,70,138.87,10,56,63,56,58.099999999999994,Low
AUD_4876,1940,19,Female,Shanghai,Undergraduate,3,Spontaneous,73.79,61,178.28,4,72,59,70,67.5,Medium
AUD_4877,1848,21,Male,Sichuan,High School,4,Reading,50.53,152,91.11,6,99,83,83,89.4,High
AUD_4878,1336,27,Female,Shanghai,Postgraduate,4,Reading,32.39,69,133.88,6,66,89,70,74.1,Medium
AUD_4879,1880,24,Male,Shanghai,Undergraduate,11,Spontaneous,73.12,56,135.4,9,97,72,54,76.60000000000001,High
AUD_4880,1736,41,Female,Sichuan,Postgraduate,9,Spontaneous,84.06,140,116.4,11,51,89,99,76.8,High
AUD_4881,1863,34,Female,Jiangsu,Postgraduate,10,Spontaneous,85.33,179,137.26,11,54,70,92,70.2,Medium
AUD_4882,1839,37,Male,Sichuan,High School,4,Reading,61.74,92,150.6,5,70,69,66,68.5,Medium
AUD_4883,1146,23,Female,Jiangsu,High School,11,Spontaneous,53.57,146,150.55,2,62,81,70,70.1,Medium
AUD_4884,1574,36,Male,Sichuan,Postgraduate,5,Spontaneous,29.93,70,97.91,12,60,63,55,59.4,Low
AUD_4885,1805,22,Female,Beijing,High School,12,Reading,75.5,78,162.22,6,73,73,94,79.3,High
AUD_4886,1322,27,Male,Jiangsu,High School,4,Spontaneous,86.17,81,173.76,2,82,95,56,78.10000000000001,High
AUD_4887,1442,26,Female,Beijing,Undergraduate,14,Spontaneous,82.26,125,101.13,4,76,67,60,68.5,Medium
AUD_4888,1836,44,Female,Hubei,High School,3,Reading,72.62,152,127.5,7,84,96,67,82.5,High
AUD_4889,1012,30,Male,Jiangsu,High School,11,Spontaneous,20.32,162,136.06,2,67,79,87,76.6,High
AUD_4890,1942,36,Female,Jiangsu,Undergraduate,10,Spontaneous,48.54,153,102.13,11,70,77,61,69.39999999999999,Medium
AUD_4891,1493,38,Male,Sichuan,Undergraduate,14,Spontaneous,48.75,180,135.3,14,53,97,71,71.6,Medium
AUD_4892,1700,41,Female,Jiangsu,Postgraduate,13,Spontaneous,82.61,88,108.62,4,90,63,52,70.5,Medium
AUD_4893,1286,23,Female,Beijing,High School,6,Reading,24.6,100,174.18,8,81,91,68,80.1,High
AUD_4894,1719,21,Male,Henan,Undergraduate,9,Reading,57.19,165,130.36,3,92,70,92,85.4,High
AUD_4895,1113,41,Female,Hubei,High School,14,Reading,29.53,57,179.54,7,98,83,72,85.69999999999999,High
AUD_4896,1479,44,Female,Henan,Postgraduate,5,Spontaneous,66.36,159,94.19,8,60,54,83,65.1,Medium
AUD_4897,1021,20,Male,Sichuan,High School,5,Reading,75.46,95,101.48,13,52,80,52,60.4,Medium
AUD_4898,1348,20,Female,Guangdong,High School,6,Reading,64.94,55,129.89,13,70,52,72,65.2,Medium
AUD_4899,1725,21,Male,Hubei,High School,4,Spontaneous,75.62,161,168.69,3,92,72,98,87.80000000000001,High
AUD_4900,1682,42,Male,Henan,Undergraduate,12,Reading,62.52,107,139.97,12,63,88,54,67.8,Medium
AUD_4901,1834,22,Male,Hubei,Undergraduate,6,Spontaneous,33.29,171,155.91,12,55,93,78,73.3,Medium
AUD_4902,1565,25,Female,Henan,Postgraduate,12,Spontaneous,46.79,164,128.12,6,78,79,83,79.80000000000001,High
AUD_4903,1905,33,Female,Beijing,High School,5,Spontaneous,86.98,103,93.65,11,80,91,93,87.19999999999999,High
AUD_4904,1809,39,Male,Henan,Postgraduate,10,Reading,40.17,125,148.3,13,96,92,54,82.2,High
AUD_4905,1319,20,Female,Hubei,Postgraduate,13,Reading,24.4,97,147.06,11,77,79,78,77.9,High
AUD_4906,1125,41,Male,Guangdong,Undergraduate,4,Spontaneous,46.94,119,96.43,2,92,98,94,94.4,High
AUD_4907,1276,29,Female,Shanghai,High School,13,Reading,45.64,96,105.38,4,99,85,73,87.0,High
AUD_4908,1975,42,Male,Sichuan,High School,11,Spontaneous,52.92,166,132.85,2,85,87,88,86.5,High
AUD_4909,1203,25,Male,Shanghai,Postgraduate,5,Reading,59.22,72,130.2,13,77,56,70,68.6,Medium
AUD_4910,1193,30,Female,Sichuan,High School,6,Reading,89.47,191,157.72,4,68,54,81,67.7,Medium
AUD_4911,1680,21,Male,Hubei,Undergraduate,12,Reading,72.94,110,124.87,5,52,55,92,64.89999999999999,Medium
AUD_4912,1663,31,Male,Sichuan,Postgraduate,12,Reading,22.51,175,149.7,13,61,98,54,70.0,Medium
AUD_4913,1546,31,Female,Henan,Postgraduate,5,Reading,69.89,125,153.4,13,85,63,67,73.0,Medium
AUD_4914,1695,30,Male,Beijing,Undergraduate,5,Spontaneous,77.7,114,148.05,6,73,60,87,73.3,Medium
AUD_4915,1285,44,Male,Guangdong,Undergraduate,10,Reading,82.69,145,143.65,5,61,86,84,75.4,High
AUD_4916,1056,23,Female,Sichuan,Undergraduate,10,Reading,49.68,155,162.51,5,73,51,87,70.6,Medium
AUD_4917,1733,34,Male,Guangdong,Undergraduate,8,Reading,41.95,178,149.14,10,50,80,65,63.5,Medium
AUD_4918,1302,21,Male,Sichuan,Undergraduate,6,Reading,78.75,88,165.08,10,77,95,84,84.5,High
AUD_4919,1162,25,Male,Guangdong,Undergraduate,3,Reading,74.43,93,147.3,10,65,76,99,78.5,High
AUD_4920,1018,34,Male,Shanghai,Postgraduate,6,Spontaneous,57.52,154,104.31,12,70,65,73,69.4,Medium
AUD_4921,1369,20,Male,Beijing,High School,10,Spontaneous,28.25,143,117.85,6,79,51,85,72.4,Medium
AUD_4922,1263,34,Male,Sichuan,High School,8,Spontaneous,65.62,182,119.73,12,83,98,54,78.8,High
AUD_4923,1793,26,Male,Zhejiang,Postgraduate,4,Reading,24.6,172,98.45,14,75,75,58,69.9,Medium
AUD_4924,1112,19,Male,Guangdong,High School,5,Reading,27.03,173,152.31,6,84,65,53,69.0,Medium
AUD_4925,1487,42,Female,Guangdong,High School,14,Spontaneous,43.18,158,143.56,3,80,58,82,74.0,Medium
AUD_4926,1326,30,Male,Henan,Postgraduate,9,Spontaneous,45.98,121,143.08,7,65,58,76,66.2,Medium
AUD_4927,1541,37,Male,Zhejiang,High School,13,Spontaneous,52.34,114,133.07,3,91,54,71,73.89999999999999,Medium
AUD_4928,1646,19,Female,Beijing,High School,13,Spontaneous,43.74,128,138.88,11,78,85,60,74.7,Medium
AUD_4929,1578,37,Male,Guangdong,Postgraduate,6,Reading,22.37,137,90.73,14,78,56,54,64.2,Medium
AUD_4930,1064,28,Male,Beijing,High School,6,Spontaneous,31.02,192,98.66,6,58,81,59,65.2,Medium
AUD_4931,1291,44,Male,Guangdong,Undergraduate,7,Reading,28.06,55,151.5,12,63,78,52,64.2,Medium
AUD_4932,1024,43,Male,Hubei,Postgraduate,10,Spontaneous,50.18,115,113.53,14,57,86,64,67.8,Medium
AUD_4933,1548,39,Male,Jiangsu,High School,9,Reading,34.85,118,99.71,13,51,52,95,64.5,Medium
AUD_4934,1000,32,Male,Hubei,High School,11,Reading,40.55,164,119.58,13,60,79,86,73.5,Medium
AUD_4935,1910,28,Female,Guangdong,Undergraduate,7,Reading,53.01,154,112.9,6,51,89,89,73.8,Medium
AUD_4936,1548,40,Female,Jiangsu,Postgraduate,3,Spontaneous,36.49,147,92.64,5,96,80,66,82.2,High
AUD_4937,1140,20,Female,Sichuan,Postgraduate,6,Reading,37.22,145,126.95,6,67,97,69,76.6,High
AUD_4938,1743,20,Female,Beijing,High School,8,Reading,78.32,95,92.43,8,54,76,53,60.300000000000004,Medium
AUD_4939,1647,43,Female,Guangdong,Undergraduate,8,Spontaneous,58.37,171,90.04,11,56,55,83,63.800000000000004,Medium
AUD_4940,1900,29,Male,Henan,Undergraduate,11,Spontaneous,79.97,80,161.32,14,72,78,83,77.1,High
AUD_4941,1187,41,Male,Shanghai,Undergraduate,12,Spontaneous,56.02,168,118.35,3,68,58,80,68.6,Medium
AUD_4942,1127,22,Male,Henan,Undergraduate,7,Spontaneous,83.65,175,141.08,2,68,69,83,72.80000000000001,Medium
AUD_4943,1200,37,Male,Shanghai,Undergraduate,7,Spontaneous,37.83,192,116.8,5,97,99,52,84.1,High
AUD_4944,1126,24,Male,Zhejiang,Undergraduate,8,Spontaneous,63.17,197,173.7,8,68,60,77,68.3,Medium
AUD_4945,1256,24,Female,Shanghai,Postgraduate,13,Reading,55.23,181,155.63,2,98,68,90,86.6,High
AUD_4946,1675,30,Female,Jiangsu,High School,8,Reading,84.31,176,123.23,5,94,88,86,89.8,High
AUD_4947,1546,26,Male,Shanghai,High School,5,Spontaneous,49.29,157,108.96,7,89,59,78,76.69999999999999,High
AUD_4948,1193,42,Male,Shanghai,Undergraduate,8,Spontaneous,79.84,187,102.4,7,77,54,64,66.2,Medium
AUD_4949,1702,38,Male,Shanghai,Postgraduate,10,Reading,59.47,90,158.62,2,60,88,85,75.9,High
AUD_4950,1103,30,Female,Guangdong,Postgraduate,14,Reading,69.6,102,130.77,8,99,72,84,86.4,High
AUD_4951,1534,29,Female,Zhejiang,Undergraduate,8,Reading,82.08,136,110.88,6,60,55,90,67.5,Medium
AUD_4952,1264,30,Male,Beijing,High School,14,Spontaneous,89.78,170,172.77,7,58,80,59,64.9,Medium
AUD_4953,1801,41,Female,Zhejiang,Undergraduate,13,Reading,71.18,125,125.11,2,63,67,66,65.1,Medium
AUD_4954,1941,27,Male,Henan,Postgraduate,7,Reading,42.02,97,138.91,8,83,70,79,77.9,High
AUD_4955,1973,18,Female,Jiangsu,Undergraduate,5,Spontaneous,40.93,192,167.2,5,78,64,57,67.5,Medium
AUD_4956,1383,42,Female,Guangdong,High School,3,Spontaneous,41.64,184,165.0,4,98,80,72,84.8,High
AUD_4957,1259,25,Male,Sichuan,High School,7,Spontaneous,26.85,121,147.42,13,70,59,68,66.1,Medium
AUD_4958,1413,39,Female,Guangdong,Postgraduate,8,Reading,23.75,53,169.98,12,97,55,86,81.10000000000001,High
AUD_4959,1990,33,Female,Hubei,Undergraduate,8,Spontaneous,60.66,173,175.69,14,54,73,92,71.1,Medium
AUD_4960,1357,30,Male,Shanghai,Undergraduate,8,Reading,76.74,120,174.16,5,82,82,85,82.9,High
AUD_4961,1074,20,Female,Henan,Postgraduate,5,Reading,22.53,175,121.41,10,58,77,53,62.199999999999996,Medium
AUD_4962,1354,20,Male,Shanghai,Undergraduate,6,Spontaneous,59.66,108,125.75,6,52,77,75,66.4,Medium
AUD_4963,1583,41,Female,Jiangsu,Postgraduate,5,Reading,46.02,158,111.65,13,63,59,96,71.7,Medium
AUD_4964,1770,22,Male,Sichuan,Undergraduate,4,Spontaneous,82.47,90,165.31,6,67,72,89,75.1,High
AUD_4965,1909,43,Male,Henan,High School,10,Spontaneous,30.18,79,100.96,9,61,64,76,66.4,Medium
AUD_4966,1187,28,Female,Hubei,Postgraduate,9,Spontaneous,59.44,172,121.96,8,72,95,62,75.89999999999999,High
AUD_4967,1972,24,Female,Guangdong,Undergraduate,13,Spontaneous,87.96,195,90.88,4,63,97,93,82.19999999999999,High
AUD_4968,1684,38,Male,Sichuan,Undergraduate,10,Reading,44.15,79,143.52,14,65,86,83,76.69999999999999,High
AUD_4969,1991,41,Female,Beijing,Undergraduate,8,Spontaneous,71.92,184,149.25,2,86,63,82,77.89999999999999,High
AUD_4970,1289,27,Female,Zhejiang,Postgraduate,13,Reading,81.77,101,112.41,13,69,97,95,85.2,High
AUD_4971,1044,27,Female,Guangdong,High School,14,Reading,33.03,72,156.31,12,69,63,75,69.0,Medium
AUD_4972,1572,37,Male,Sichuan,Undergraduate,9,Spontaneous,89.48,173,124.34,14,64,56,69,63.10000000000001,Medium
AUD_4973,1082,19,Male,Beijing,Postgraduate,3,Reading,76.66,120,118.05,3,90,85,57,78.6,High
AUD_4974,1122,20,Male,Beijing,Undergraduate,12,Spontaneous,29.63,152,176.05,4,74,67,65,69.2,Medium
AUD_4975,1357,25,Female,Hubei,High School,7,Spontaneous,41.76,102,142.98,12,66,64,54,61.8,Medium
AUD_4976,1527,28,Female,Hubei,High School,6,Spontaneous,63.75,154,112.71,2,61,98,83,78.69999999999999,High
AUD_4977,1065,30,Male,Zhejiang,High School,12,Reading,81.94,98,178.49,2,94,82,96,91.0,High
AUD_4978,1935,24,Male,Beijing,Postgraduate,5,Spontaneous,33.64,160,124.88,9,91,96,76,87.99999999999999,High
AUD_4979,1656,30,Female,Henan,Undergraduate,4,Spontaneous,71.18,156,148.3,14,88,97,85,89.8,High
AUD_4980,1374,19,Female,Jiangsu,Postgraduate,11,Reading,38.95,140,155.15,9,56,71,53,59.6,Low
AUD_4981,1161,23,Female,Beijing,Undergraduate,10,Spontaneous,76.38,189,128.01,3,57,92,91,77.7,High
AUD_4982,1745,26,Female,Sichuan,Postgraduate,12,Spontaneous,67.84,66,138.23,9,73,90,99,85.9,High
AUD_4983,1379,37,Male,Hubei,Undergraduate,4,Spontaneous,56.6,93,111.58,12,96,66,56,75.0,High
AUD_4984,1655,42,Female,Jiangsu,Postgraduate,8,Spontaneous,65.49,120,131.92,14,74,75,86,77.9,High
AUD_4985,1357,19,Female,Henan,Undergraduate,5,Spontaneous,81.35,174,117.97,3,70,64,85,72.7,Medium
AUD_4986,1187,35,Male,Hubei,Postgraduate,5,Spontaneous,47.05,142,139.27,14,99,89,73,88.19999999999999,High
AUD_4987,1321,33,Male,Henan,High School,7,Reading,73.85,109,150.29,12,82,67,64,72.10000000000001,Medium
AUD_4988,1449,42,Female,Hubei,Postgraduate,9,Spontaneous,31.12,102,145.26,6,59,57,99,70.4,Medium
AUD_4989,1473,29,Male,Hubei,High School,9,Spontaneous,69.08,123,159.9,2,71,52,98,73.4,Medium
AUD_4990,1012,24,Female,Beijing,High School,13,Spontaneous,72.55,193,93.74,10,68,63,55,62.6,Medium
AUD_4991,1183,24,Female,Shanghai,Undergraduate,12,Spontaneous,51.01,156,97.07,5,78,83,75,78.6,High
AUD_4992,1110,34,Male,Beijing,High School,3,Reading,75.55,147,108.48,11,52,82,75,67.9,Medium
AUD_4993,1926,30,Male,Hubei,High School,13,Spontaneous,59.0,74,178.72,12,88,86,74,83.2,High
AUD_4994,1507,28,Female,Jiangsu,Undergraduate,9,Reading,85.54,115,162.02,3,53,98,82,75.2,High
AUD_4995,1289,23,Male,Beijing,Postgraduate,9,Spontaneous,27.87,99,173.17,2,86,50,52,65.0,Medium
AUD_4996,1294,40,Female,Hubei,Postgraduate,8,Spontaneous,29.16,118,114.49,7,80,97,58,78.5,High
AUD_4997,1450,44,Female,Hubei,High School,8,Reading,78.97,127,141.65,12,55,84,86,73.0,Medium
AUD_4998,1903,31,Female,Beijing,Postgraduate,4,Reading,78.97,183,139.94,9,77,59,87,74.6,Medium
AUD_4999,1214,23,Male,Beijing,High School,5,Spontaneous,52.99,113,141.26,5,59,68,79,67.7,Medium
