audio_id,question_id,wpm,pause_count,speech_duration,word_count,average_pause,silence_ratio,long_pause_count,filler_count,repetition_count,hesitation_label
AUD_0,Reading,138,5,23.27,107,,,,,,Medium
AUD_1,Reading,141,8,41.78,63,,,,,,High
AUD_2,Reading,128,11,35.56,122,,,,,,Low
AUD_3,Spontaneous,112,7,28.18,88,,,,,,Low
AUD_4,Reading,176,10,30.79,171,,,,,,Medium
AUD_5,Spontaneous,127,14,78.49,193,,,,,,High
AUD_6,Spontaneous,155,8,67.83,121,,,,,,Medium
AUD_7,Spontaneous,107,4,53.89,161,,,,,,High
AUD_8,Reading,164,8,83.62,100,,,,,,Medium
AUD_9,Spontaneous,109,11,22.07,192,,,,,,High
AUD_10,Spontaneous,151,6,44.15,138,,,,,,Medium
AUD_11,Spontaneous,136,3,77.64,87,,,,,,Medium
AUD_12,Reading,103,11,63.98,154,,,,,,Medium
AUD_13,Spontaneous,92,4,88.72,128,,,,,,Medium
AUD_14,Reading,174,7,86.12,138,,,,,,High
AUD_15,Spontaneous,101,14,31.9,120,,,,,,Medium
AUD_16,Spontaneous,153,7,88.04,139,,,,,,Medium
AUD_17,Reading,149,8,86.19,121,,,,,,Medium
AUD_18,Reading,121,7,46.15,198,,,,,,Medium
AUD_19,Spontaneous,107,10,88.8,65,,,,,,Medium
AUD_20,Reading,106,6,22.51,160,,,,,,High
AUD_21,Spontaneous,143,6,66.25,116,,,,,,High
AUD_22,Spontaneous,139,9,38.63,114,,,,,,High
AUD_23,Reading,169,9,29.06,62,,,,,,Medium
AUD_24,Reading,148,2,60.43,167,,,,,,Medium
AUD_25,Reading,164,4,41.44,110,,,,,,High
AUD_26,Spontaneous,93,14,66.68,81,,,,,,High
AUD_27,Spontaneous,150,7,57.8,189,,,,,,High
AUD_28,Spontaneous,111,7,47.48,144,,,,,,High
AUD_29,Reading,113,2,32.73,90,,,,,,High
AUD_30,Reading,155,3,62.09,185,,,,,,Medium
AUD_31,Reading,161,11,78.05,74,,,,,,High
AUD_32,Spontaneous,123,8,62.0,182,,,,,,High
AUD_33,Reading,161,2,62.74,94,,,,,,Medium
AUD_34,Reading,130,11,55.83,179,,,,,,Medium
AUD_35,Spontaneous,167,6,47.18,52,,,,,,High
AUD_36,Reading,92,2,52.02,199,,,,,,Medium
AUD_37,Reading,98,7,89.27,153,,,,,,High
AUD_38,Spontaneous,160,8,72.48,82,,,,,,High
AUD_39,Spontaneous,146,9,50.14,81,,,,,,High
AUD_40,Spontaneous,140,14,52.01,160,,,,,,Medium
AUD_41,Spontaneous,145,13,54.97,66,,,,,,Medium
AUD_42,Spontaneous,174,4,66.15,169,,,,,,Medium
AUD_43,Spontaneous,149,4,52.62,131,,,,,,Medium
AUD_44,Reading,148,12,68.03,52,,,,,,High
AUD_45,Reading,158,2,43.04,119,,,,,,Medium
AUD_46,Spontaneous,168,13,48.74,167,,,,,,Medium
AUD_47,Spontaneous,114,4,80.48,80,,,,,,High
AUD_48,Reading,146,6,43.02,198,,,,,,Medium
AUD_49,Spontaneous,143,7,87.51,65,,,,,,High
AUD_50,Spontaneous,102,4,32.08,66,,,,,,High
AUD_51,Reading,137,5,36.92,145,,,,,,High
AUD_52,Reading,96,6,52.46,178,,,,,,Medium
AUD_53,Spontaneous,107,6,75.82,161,,,,,,Medium
AUD_54,Spontaneous,172,10,71.21,151,,,,,,High
AUD_55,Reading,101,9,32.21,121,,,,,,Medium
AUD_56,Spontaneous,142,2,36.57,115,,,,,,High
AUD_57,Reading,119,3,60.27,160,,,,,,High
AUD_58,Reading,140,13,40.66,86,,,,,,High
AUD_59,Spontaneous,111,6,49.56,140,,,,,,Medium
AUD_60,Reading,130,13,54.06,133,,,,,,Medium
AUD_61,Reading,168,4,61.6,160,,,,,,Medium
AUD_62,Reading,124,8,37.57,111,,,,,,High
AUD_63,Spontaneous,122,12,31.42,70,,,,,,High
AUD_64,Spontaneous,130,7,47.9,155,,,,,,Medium
AUD_65,Spontaneous,99,3,25.74,86,,,,,,High
AUD_66,Reading,125,9,56.87,84,,,,,,Medium
AUD_67,Reading,91,6,78.77,192,,,,,,Medium
AUD_68,Spontaneous,135,7,28.33,163,,,,,,Medium
AUD_69,Reading,166,9,27.89,143,,,,,,Medium
AUD_70,Reading,140,14,25.62,53,,,,,,High
AUD_71,Spontaneous,145,7,79.35,156,,,,,,Medium
AUD_72,Reading,93,11,25.65,128,,,,,,High
AUD_73,Reading,167,4,88.84,72,,,,,,High
AUD_74,Reading,125,14,45.08,154,,,,,,High
AUD_75,Reading,178,8,43.01,64,,,,,,Medium
AUD_76,Reading,101,5,26.41,189,,,,,,High
AUD_77,Reading,175,14,60.99,177,,,,,,Medium
AUD_78,Spontaneous,147,7,61.01,131,,,,,,High
AUD_79,Spontaneous,95,7,54.57,170,,,,,,Medium
AUD_80,Reading,177,12,41.77,137,,,,,,Low
AUD_81,Spontaneous,91,6,45.8,128,,,,,,Medium
AUD_82,Spontaneous,156,14,42.44,68,,,,,,High
AUD_83,Spontaneous,170,2,49.83,118,,,,,,High
AUD_84,Reading,106,9,43.93,181,,,,,,High
AUD_85,Spontaneous,121,14,67.29,59,,,,,,High
AUD_86,Reading,141,11,40.71,189,,,,,,High
AUD_87,Spontaneous,151,3,44.56,184,,,,,,High
AUD_88,Spontaneous,168,5,50.48,93,,,,,,Medium
AUD_89,Reading,158,14,20.28,51,,,,,,High
AUD_90,Spontaneous,123,13,54.45,143,,,,,,Medium
AUD_91,Reading,164,4,37.91,165,,,,,,Medium
AUD_92,Spontaneous,177,7,23.93,118,,,,,,High
AUD_93,Spontaneous,110,12,83.77,197,,,,,,Low
AUD_94,Spontaneous,97,2,42.57,157,,,,,,High
AUD_95,Spontaneous,128,10,49.83,119,,,,,,Medium
AUD_96,Reading,169,6,77.91,123,,,,,,Medium
AUD_97,Reading,104,6,31.68,129,,,,,,Medium
AUD_98,Spontaneous,170,5,79.52,147,,,,,,Medium
AUD_99,Reading,179,5,36.91,149,,,,,,Medium
AUD_100,Spontaneous,95,14,61.23,107,,,,,,High
AUD_101,Reading,135,14,68.0,182,,,,,,Medium
AUD_102,Reading,120,2,83.35,196,,,,,,Medium
AUD_103,Reading,125,10,62.53,81,,,,,,High
AUD_104,Spontaneous,131,10,51.73,170,,,,,,Medium
AUD_105,Reading,157,14,60.06,52,,,,,,Medium
AUD_106,Reading,143,5,34.15,178,,,,,,Medium
AUD_107,Spontaneous,177,11,68.24,97,,,,,,Medium
AUD_108,Spontaneous,120,11,33.08,182,,,,,,Medium
AUD_109,Spontaneous,139,5,59.01,126,,,,,,High
AUD_110,Reading,163,13,65.33,60,,,,,,Medium
AUD_111,Reading,124,8,82.9,71,,,,,,Medium
AUD_112,Reading,132,5,51.51,61,,,,,,High
AUD_113,Reading,152,2,74.27,102,,,,,,Medium
AUD_114,Reading,167,12,31.73,104,,,,,,Medium
AUD_115,Reading,127,14,30.93,102,,,,,,High
AUD_116,Spontaneous,138,10,56.74,70,,,,,,High
AUD_117,Reading,178,3,61.74,68,,,,,,Medium
AUD_118,Reading,94,6,64.26,137,,,,,,Medium
AUD_119,Reading,130,5,72.2,143,,,,,,Medium
AUD_120,Spontaneous,147,9,40.65,115,,,,,,Medium
AUD_121,Reading,91,7,63.58,108,,,,,,High
AUD_122,Spontaneous,144,8,33.17,108,,,,,,Medium
AUD_123,Reading,95,3,35.33,52,,,,,,Medium
AUD_124,Spontaneous,167,5,24.71,165,,,,,,High
AUD_125,Spontaneous,163,5,72.29,107,,,,,,High
AUD_126,Spontaneous,93,13,55.49,111,,,,,,Medium
AUD_127,Reading,94,14,36.67,195,,,,,,High
AUD_128,Spontaneous,158,3,58.94,175,,,,,,Medium
AUD_129,Reading,123,11,44.8,86,,,,,,Medium
AUD_130,Spontaneous,142,5,78.6,162,,,,,,High
AUD_131,Reading,114,10,56.97,144,,,,,,Medium
AUD_132,Spontaneous,106,9,22.09,127,,,,,,High
AUD_133,Spontaneous,117,12,88.96,191,,,,,,Medium
AUD_134,Reading,112,2,25.2,154,,,,,,High
AUD_135,Spontaneous,130,14,68.72,54,,,,,,Medium
AUD_136,Reading,157,9,50.61,144,,,,,,Medium
AUD_137,Spontaneous,140,12,37.45,178,,,,,,Medium
AUD_138,Spontaneous,145,10,67.35,112,,,,,,High
AUD_139,Reading,132,9,28.81,69,,,,,,High
AUD_140,Reading,119,11,80.08,92,,,,,,Medium
AUD_141,Reading,103,2,37.54,134,,,,,,High
AUD_142,Spontaneous,122,9,45.3,143,,,,,,Low
AUD_143,Reading,150,13,64.29,91,,,,,,High
AUD_144,Reading,156,6,20.07,157,,,,,,Medium
AUD_145,Spontaneous,132,10,53.09,143,,,,,,Medium
AUD_146,Reading,148,10,82.6,123,,,,,,High
AUD_147,Reading,109,7,67.63,158,,,,,,Medium
AUD_148,Spontaneous,167,4,47.15,164,,,,,,Medium
AUD_149,Spontaneous,168,13,66.23,174,,,,,,Medium
AUD_150,Spontaneous,119,8,85.56,55,,,,,,Medium
AUD_151,Spontaneous,139,4,33.15,172,,,,,,Medium
AUD_152,Spontaneous,145,8,57.23,91,,,,,,High
AUD_153,Reading,133,9,36.43,107,,,,,,High
AUD_154,Spontaneous,172,6,79.8,59,,,,,,Medium
AUD_155,Spontaneous,157,6,70.47,138,,,,,,Medium
AUD_156,Spontaneous,151,5,76.08,127,,,,,,High
AUD_157,Reading,137,4,86.01,160,,,,,,Low
AUD_158,Reading,98,13,36.26,88,,,,,,Medium
AUD_159,Reading,100,9,23.41,190,,,,,,Medium
AUD_160,Reading,117,12,40.36,60,,,,,,High
AUD_161,Spontaneous,109,7,47.94,159,,,,,,High
AUD_162,Spontaneous,176,7,63.76,65,,,,,,Medium
AUD_163,Spontaneous,127,3,75.84,82,,,,,,High
AUD_164,Reading,169,5,44.49,108,,,,,,High
AUD_165,Spontaneous,164,6,53.14,100,,,,,,Medium
AUD_166,Reading,163,12,74.98,64,,,,,,Low
AUD_167,Reading,109,11,35.77,92,,,,,,Medium
AUD_168,Reading,130,6,35.2,76,,,,,,Medium
AUD_169,Spontaneous,119,4,61.25,105,,,,,,Medium
AUD_170,Spontaneous,177,11,50.52,170,,,,,,High
AUD_171,Spontaneous,169,6,86.42,162,,,,,,High
AUD_172,Spontaneous,112,6,44.99,109,,,,,,High
AUD_173,Reading,118,3,73.17,164,,,,,,Medium
AUD_174,Spontaneous,138,6,60.82,158,,,,,,Medium
AUD_175,Reading,115,4,23.82,161,,,,,,Medium
AUD_176,Reading,164,4,25.91,149,,,,,,High
AUD_177,Reading,164,6,34.22,57,,,,,,Medium
AUD_178,Reading,155,10,30.02,184,,,,,,Medium
AUD_179,Reading,152,3,43.06,130,,,,,,High
AUD_180,Reading,139,10,60.53,179,,,,,,Medium
AUD_181,Reading,121,4,62.17,194,,,,,,High
AUD_182,Spontaneous,165,14,61.14,170,,,,,,High
AUD_183,Spontaneous,167,13,28.23,53,,,,,,High
AUD_184,Reading,94,8,62.02,75,,,,,,High
AUD_185,Spontaneous,126,13,48.68,127,,,,,,Medium
AUD_186,Spontaneous,92,2,83.21,121,,,,,,Medium
AUD_187,Spontaneous,166,2,83.84,182,,,,,,Medium
AUD_188,Spontaneous,106,9,73.77,177,,,,,,Medium
AUD_189,Reading,151,10,69.22,54,,,,,,High
AUD_190,Spontaneous,122,4,28.05,140,,,,,,High
AUD_191,Reading,163,7,25.93,118,,,,,,Medium
AUD_192,Reading,136,4,78.86,52,,,,,,High
AUD_193,Spontaneous,119,7,49.89,143,,,,,,Medium
AUD_194,Spontaneous,119,8,51.6,50,,,,,,High
AUD_195,Reading,119,6,79.35,185,,,,,,Medium
AUD_196,Reading,161,4,63.5,62,,,,,,Medium
AUD_197,Spontaneous,154,9,32.56,161,,,,,,Medium
AUD_198,Spontaneous,119,14,34.77,57,,,,,,Medium
AUD_199,Reading,134,6,20.45,162,,,,,,Medium
AUD_200,Spontaneous,97,2,69.75,128,,,,,,Medium
AUD_201,Reading,164,13,53.99,171,,,,,,Medium
AUD_202,Reading,114,10,86.5,123,,,,,,High
AUD_203,Reading,170,4,69.98,176,,,,,,High
AUD_204,Reading,144,3,27.22,162,,,,,,Medium
AUD_205,Spontaneous,141,4,31.31,101,,,,,,High
AUD_206,Reading,105,8,55.12,170,,,,,,High
AUD_207,Reading,96,13,84.74,82,,,,,,Medium
AUD_208,Spontaneous,140,12,37.31,122,,,,,,High
AUD_209,Spontaneous,132,13,77.79,145,,,,,,High
AUD_210,Reading,101,11,41.86,86,,,,,,Medium
AUD_211,Spontaneous,165,9,38.89,118,,,,,,Medium
AUD_212,Spontaneous,128,3,83.1,181,,,,,,High
AUD_213,Reading,113,14,23.31,109,,,,,,High
AUD_214,Spontaneous,161,8,66.25,123,,,,,,High
AUD_215,Spontaneous,172,12,23.02,80,,,,,,High
AUD_216,Spontaneous,118,6,76.05,63,,,,,,High
AUD_217,Spontaneous,160,10,78.06,109,,,,,,Medium
AUD_218,Spontaneous,149,8,82.53,117,,,,,,Low
AUD_219,Reading,179,2,33.03,177,,,,,,Medium
AUD_220,Spontaneous,108,2,28.71,75,,,,,,High
AUD_221,Reading,176,7,55.25,186,,,,,,High
AUD_222,Reading,118,10,39.01,84,,,,,,Medium
AUD_223,Spontaneous,127,2,62.44,155,,,,,,Medium
AUD_224,Spontaneous,122,4,55.96,73,,,,,,High
AUD_225,Spontaneous,114,14,30.14,132,,,,,,High
AUD_226,Spontaneous,152,6,71.75,85,,,,,,Medium
AUD_227,Spontaneous,143,5,76.26,150,,,,,,High
AUD_228,Spontaneous,118,2,87.41,83,,,,,,High
AUD_229,Spontaneous,102,11,47.69,170,,,,,,Medium
AUD_230,Spontaneous,119,5,43.64,88,,,,,,High
AUD_231,Spontaneous,124,5,33.46,72,,,,,,High
AUD_232,Spontaneous,124,12,32.66,129,,,,,,Medium
AUD_233,Spontaneous,122,13,42.47,119,,,,,,Medium
AUD_234,Spontaneous,94,11,88.73,108,,,,,,High
AUD_235,Reading,132,14,26.46,71,,,,,,Low
AUD_236,Spontaneous,165,5,38.16,158,,,,,,High
AUD_237,Reading,106,4,26.02,160,,,,,,High
AUD_238,Reading,103,8,39.15,137,,,,,,Medium
AUD_239,Spontaneous,132,2,26.47,89,,,,,,Medium
AUD_240,Reading,123,3,55.58,134,,,,,,High
AUD_241,Spontaneous,141,2,50.68,143,,,,,,High
AUD_242,Spontaneous,175,5,32.18,60,,,,,,High
AUD_243,Reading,158,6,32.24,166,,,,,,Medium
AUD_244,Spontaneous,152,12,63.83,58,,,,,,Medium
AUD_245,Reading,127,11,47.1,61,,,,,,Medium
AUD_246,Reading,116,6,23.93,87,,,,,,High
AUD_247,Spontaneous,139,3,84.41,180,,,,,,High
AUD_248,Reading,170,12,48.35,175,,,,,,Medium
AUD_249,Reading,169,4,61.37,192,,,,,,Medium
AUD_250,Spontaneous,130,5,81.98,182,,,,,,High
AUD_251,Reading,112,11,48.15,103,,,,,,Medium
AUD_252,Spontaneous,110,7,77.45,73,,,,,,Medium
AUD_253,Spontaneous,93,7,84.03,188,,,,,,High
AUD_254,Spontaneous,166,13,32.18,170,,,,,,Medium
AUD_255,Spontaneous,114,3,82.47,168,,,,,,High
AUD_256,Reading,122,3,28.39,123,,,,,,High
AUD_257,Spontaneous,163,10,39.26,170,,,,,,Medium
AUD_258,Reading,101,13,76.57,177,,,,,,High
AUD_259,Reading,132,3,83.05,93,,,,,,High
AUD_260,Spontaneous,101,3,67.89,139,,,,,,High
AUD_261,Spontaneous,130,4,27.34,61,,,,,,Medium
AUD_262,Spontaneous,94,10,56.61,52,,,,,,Medium
AUD_263,Reading,137,7,60.08,99,,,,,,Low
AUD_264,Spontaneous,162,12,39.73,157,,,,,,Medium
AUD_265,Reading,151,13,89.39,65,,,,,,High
AUD_266,Spontaneous,136,7,43.49,76,,,,,,High
AUD_267,Spontaneous,165,13,34.72,172,,,,,,Medium
AUD_268,Reading,110,11,27.71,119,,,,,,High
AUD_269,Reading,165,6,46.5,91,,,,,,High
AUD_270,Spontaneous,115,8,68.48,187,,,,,,Medium
AUD_271,Spontaneous,123,12,36.2,174,,,,,,High
AUD_272,Spontaneous,102,5,73.87,185,,,,,,Medium
AUD_273,Reading,99,11,29.48,195,,,,,,High
AUD_274,Spontaneous,174,11,50.83,194,,,,,,Medium
AUD_275,Spontaneous,107,4,69.17,107,,,,,,High
AUD_276,Reading,120,8,29.47,155,,,,,,Medium
AUD_277,Spontaneous,138,11,61.85,115,,,,,,High
AUD_278,Reading,121,2,75.93,133,,,,,,Medium
AUD_279,Reading,168,7,61.69,58,,,,,,High
AUD_280,Spontaneous,171,14,55.8,154,,,,,,High
AUD_281,Spontaneous,119,12,78.68,138,,,,,,High
AUD_282,Reading,98,12,88.98,138,,,,,,High
AUD_283,Reading,109,12,32.69,137,,,,,,High
AUD_284,Spontaneous,133,3,68.39,55,,,,,,High
AUD_285,Reading,116,3,25.65,172,,,,,,High
AUD_286,Reading,131,12,23.0,123,,,,,,Medium
AUD_287,Spontaneous,158,9,39.66,152,,,,,,Medium
AUD_288,Reading,128,4,87.96,195,,,,,,Medium
AUD_289,Reading,108,10,58.65,82,,,,,,Medium
AUD_290,Reading,122,5,38.78,196,,,,,,High
AUD_291,Reading,157,7,29.28,136,,,,,,Medium
AUD_292,Reading,128,2,84.41,118,,,,,,High
AUD_293,Reading,112,12,45.37,173,,,,,,High
AUD_294,Spontaneous,128,11,41.47,75,,,,,,High
AUD_295,Spontaneous,131,11,80.06,55,,,,,,High
AUD_296,Spontaneous,117,4,62.31,88,,,,,,Medium
AUD_297,Spontaneous,180,5,31.8,53,,,,,,High
AUD_298,Reading,159,6,49.51,177,,,,,,High
AUD_299,Spontaneous,152,14,84.98,107,,,,,,Medium
AUD_300,Reading,167,2,83.08,97,,,,,,Low
AUD_301,Spontaneous,150,5,24.91,109,,,,,,Medium
AUD_302,Reading,161,6,38.8,75,,,,,,Medium
AUD_303,Spontaneous,127,5,30.82,126,,,,,,Medium
AUD_304,Reading,135,11,57.37,135,,,,,,Medium
AUD_305,Spontaneous,94,11,72.5,172,,,,,,Medium
AUD_306,Spontaneous,115,8,40.69,105,,,,,,High
AUD_307,Spontaneous,123,9,73.06,88,,,,,,High
AUD_308,Spontaneous,146,13,66.81,130,,,,,,Medium
AUD_309,Spontaneous,132,9,70.98,74,,,,,,High
AUD_310,Reading,145,4,86.38,176,,,,,,High
AUD_311,Spontaneous,154,14,49.72,198,,,,,,High
AUD_312,Reading,94,6,43.98,74,,,,,,Medium
AUD_313,Spontaneous,113,11,67.87,138,,,,,,High
AUD_314,Spontaneous,105,9,76.53,71,,,,,,Medium
AUD_315,Spontaneous,107,8,33.4,72,,,,,,Medium
AUD_316,Reading,135,10,79.28,79,,,,,,Medium
AUD_317,Spontaneous,157,14,24.05,152,,,,,,Low
AUD_318,Spontaneous,115,11,20.45,126,,,,,,High
AUD_319,Reading,164,8,31.09,122,,,,,,High
AUD_320,Reading,170,3,88.51,192,,,,,,Medium
AUD_321,Reading,122,5,56.65,144,,,,,,High
AUD_322,Reading,151,13,23.26,144,,,,,,Medium
AUD_323,Spontaneous,101,13,89.8,187,,,,,,High
AUD_324,Reading,157,9,72.14,166,,,,,,High
AUD_325,Reading,105,10,78.66,86,,,,,,High
AUD_326,Spontaneous,152,8,34.91,56,,,,,,Medium
AUD_327,Reading,128,6,27.38,173,,,,,,Medium
AUD_328,Reading,174,2,56.06,81,,,,,,Medium
AUD_329,Reading,132,10,74.05,60,,,,,,High
AUD_330,Spontaneous,93,13,64.64,158,,,,,,High
AUD_331,Reading,133,7,64.17,141,,,,,,Medium
AUD_332,Reading,162,3,73.0,97,,,,,,High
AUD_333,Reading,148,12,35.89,94,,,,,,Medium
AUD_334,Spontaneous,177,11,66.31,144,,,,,,High
AUD_335,Spontaneous,166,11,47.45,82,,,,,,Medium
AUD_336,Reading,137,3,24.88,167,,,,,,High
AUD_337,Spontaneous,109,11,34.15,181,,,,,,Medium
AUD_338,Reading,90,2,75.58,96,,,,,,High
AUD_339,Spontaneous,178,13,82.72,171,,,,,,Medium
AUD_340,Spontaneous,174,5,39.8,102,,,,,,High
AUD_341,Reading,115,11,33.33,175,,,,,,High
AUD_342,Reading,147,12,21.87,76,,,,,,Low
AUD_343,Reading,156,14,86.34,138,,,,,,Medium
AUD_344,Spontaneous,142,3,67.87,85,,,,,,Medium
AUD_345,Reading,166,11,86.99,150,,,,,,High
AUD_346,Spontaneous,97,12,80.47,171,,,,,,Medium
AUD_347,Spontaneous,171,10,43.83,174,,,,,,Medium
AUD_348,Reading,125,3,27.89,108,,,,,,High
AUD_349,Spontaneous,133,12,54.93,72,,,,,,Medium
AUD_350,Spontaneous,130,10,21.88,148,,,,,,Medium
AUD_351,Reading,138,2,30.49,117,,,,,,Medium
AUD_352,Spontaneous,144,8,36.34,141,,,,,,High
AUD_353,Spontaneous,154,7,66.6,154,,,,,,High
AUD_354,Reading,137,7,55.69,91,,,,,,High
AUD_355,Reading,152,3,41.17,190,,,,,,High
AUD_356,Reading,120,2,59.53,178,,,,,,Medium
AUD_357,Spontaneous,174,11,28.76,102,,,,,,High
AUD_358,Spontaneous,96,9,72.9,139,,,,,,Medium
AUD_359,Spontaneous,139,9,69.84,165,,,,,,High
AUD_360,Reading,98,3,35.16,136,,,,,,High
AUD_361,Spontaneous,130,5,62.45,162,,,,,,High
AUD_362,Spontaneous,113,14,55.23,199,,,,,,Medium
AUD_363,Spontaneous,174,14,24.26,164,,,,,,Medium
AUD_364,Reading,91,5,39.47,169,,,,,,Medium
AUD_365,Reading,125,3,89.96,77,,,,,,High
AUD_366,Reading,160,12,26.97,102,,,,,,High
AUD_367,Spontaneous,107,10,55.45,166,,,,,,High
AUD_368,Spontaneous,163,13,79.45,194,,,,,,High
AUD_369,Reading,167,5,41.05,113,,,,,,High
AUD_370,Reading,154,5,38.25,55,,,,,,Low
AUD_371,Spontaneous,109,5,82.36,191,,,,,,Medium
AUD_372,Reading,114,6,41.34,163,,,,,,Medium
AUD_373,Spontaneous,105,11,65.6,177,,,,,,High
AUD_374,Reading,107,13,71.82,66,,,,,,High
AUD_375,Reading,93,13,75.2,87,,,,,,Medium
AUD_376,Reading,167,9,89.63,62,,,,,,Low
AUD_377,Spontaneous,138,5,76.22,161,,,,,,High
AUD_378,Reading,120,4,65.99,186,,,,,,High
AUD_379,Spontaneous,116,12,82.68,176,,,,,,High
AUD_380,Reading,139,2,83.4,155,,,,,,Medium
AUD_381,Reading,119,3,88.12,126,,,,,,Medium
AUD_382,Spontaneous,168,5,74.35,68,,,,,,High
AUD_383,Spontaneous,109,10,33.64,127,,,,,,High
AUD_384,Reading,169,2,69.69,169,,,,,,High
AUD_385,Spontaneous,150,7,25.26,128,,,,,,Medium
AUD_386,Reading,176,7,42.26,125,,,,,,High
AUD_387,Spontaneous,91,11,28.11,150,,,,,,Medium
AUD_388,Spontaneous,95,4,86.5,124,,,,,,High
AUD_389,Reading,135,11,43.71,169,,,,,,High
AUD_390,Reading,172,10,69.93,188,,,,,,High
AUD_391,Spontaneous,156,11,59.99,132,,,,,,Medium
AUD_392,Spontaneous,146,4,27.53,75,,,,,,High
AUD_393,Reading,93,2,59.29,177,,,,,,High
AUD_394,Spontaneous,122,3,66.27,194,,,,,,High
AUD_395,Spontaneous,121,5,81.71,132,,,,,,Medium
AUD_396,Spontaneous,139,5,24.91,93,,,,,,Medium
AUD_397,Spontaneous,113,3,40.69,133,,,,,,High
AUD_398,Reading,114,11,68.46,74,,,,,,High
AUD_399,Reading,146,7,22.4,86,,,,,,Medium
AUD_400,Spontaneous,175,7,34.25,161,,,,,,High
AUD_401,Spontaneous,149,4,35.31,51,,,,,,High
AUD_402,Reading,150,2,66.85,147,,,,,,Medium
AUD_403,Spontaneous,179,11,40.02,81,,,,,,High
AUD_404,Spontaneous,104,10,61.97,138,,,,,,Medium
AUD_405,Spontaneous,93,5,87.57,86,,,,,,Medium
AUD_406,Spontaneous,157,10,75.53,164,,,,,,Medium
AUD_407,Spontaneous,129,6,43.3,190,,,,,,High
AUD_408,Reading,129,8,53.07,52,,,,,,High
AUD_409,Spontaneous,110,4,34.05,89,,,,,,High
AUD_410,Spontaneous,136,4,21.1,123,,,,,,Medium
AUD_411,Spontaneous,130,9,40.28,115,,,,,,High
AUD_412,Reading,121,2,45.86,109,,,,,,High
AUD_413,Spontaneous,130,9,59.51,60,,,,,,High
AUD_414,Spontaneous,125,9,86.08,169,,,,,,High
AUD_415,Reading,175,4,86.35,178,,,,,,High
AUD_416,Reading,178,2,24.91,91,,,,,,Medium
AUD_417,Reading,166,10,63.03,172,,,,,,Medium
AUD_418,Reading,179,5,22.96,141,,,,,,Medium
AUD_419,Spontaneous,114,8,65.37,111,,,,,,Medium
AUD_420,Spontaneous,166,10,28.24,61,,,,,,High
AUD_421,Spontaneous,127,4,86.25,77,,,,,,Medium
AUD_422,Reading,157,6,80.5,156,,,,,,Medium
AUD_423,Spontaneous,108,11,21.56,198,,,,,,Medium
AUD_424,Reading,163,12,74.75,184,,,,,,High
AUD_425,Reading,98,14,64.51,144,,,,,,High
AUD_426,Spontaneous,114,4,54.68,63,,,,,,Medium
AUD_427,Reading,164,6,62.18,167,,,,,,High
AUD_428,Reading,157,12,67.48,175,,,,,,High
AUD_429,Spontaneous,135,3,81.91,152,,,,,,Medium
AUD_430,Spontaneous,151,5,73.72,122,,,,,,High
AUD_431,Reading,107,13,60.28,111,,,,,,Medium
AUD_432,Spontaneous,150,3,77.72,61,,,,,,Medium
AUD_433,Spontaneous,91,4,89.08,87,,,,,,Medium
AUD_434,Reading,165,6,41.01,88,,,,,,High
AUD_435,Reading,136,10,28.29,135,,,,,,High
AUD_436,Spontaneous,175,4,71.2,53,,,,,,High
AUD_437,Spontaneous,133,11,88.5,97,,,,,,High
AUD_438,Reading,129,7,28.17,184,,,,,,Medium
AUD_439,Spontaneous,130,5,50.22,109,,,,,,High
AUD_440,Reading,122,5,24.36,57,,,,,,High
AUD_441,Reading,105,12,74.36,173,,,,,,High
AUD_442,Spontaneous,166,14,86.41,165,,,,,,Medium
AUD_443,Spontaneous,125,11,54.93,107,,,,,,Medium
AUD_444,Spontaneous,138,11,48.67,84,,,,,,High
AUD_445,Spontaneous,92,14,83.54,122,,,,,,Medium
AUD_446,Spontaneous,95,6,29.34,164,,,,,,Medium
AUD_447,Reading,144,12,82.41,62,,,,,,High
AUD_448,Spontaneous,169,8,47.45,88,,,,,,High
AUD_449,Reading,134,12,59.16,133,,,,,,High
AUD_450,Spontaneous,105,5,56.98,70,,,,,,Low
AUD_451,Reading,100,9,63.12,96,,,,,,High
AUD_452,Spontaneous,171,13,85.95,51,,,,,,High
AUD_453,Spontaneous,153,14,86.58,93,,,,,,Medium
AUD_454,Reading,177,10,78.18,79,,,,,,High
AUD_455,Spontaneous,97,10,33.41,177,,,,,,Low
AUD_456,Spontaneous,171,10,43.35,104,,,,,,High
AUD_457,Reading,166,3,54.15,89,,,,,,Medium
AUD_458,Reading,170,4,83.38,146,,,,,,High
AUD_459,Reading,91,6,56.46,141,,,,,,High
AUD_460,Spontaneous,157,13,88.42,73,,,,,,Medium
AUD_461,Reading,139,2,88.87,77,,,,,,Medium
AUD_462,Reading,142,5,61.9,166,,,,,,High
AUD_463,Spontaneous,132,12,81.42,154,,,,,,Medium
AUD_464,Spontaneous,157,6,89.95,142,,,,,,High
AUD_465,Spontaneous,180,10,79.48,147,,,,,,Medium
AUD_466,Spontaneous,154,9,65.98,199,,,,,,Medium
AUD_467,Spontaneous,151,2,79.16,138,,,,,,Medium
AUD_468,Spontaneous,149,14,25.79,127,,,,,,Medium
AUD_469,Reading,153,13,64.44,123,,,,,,High
AUD_470,Reading,121,4,35.16,185,,,,,,Medium
AUD_471,Spontaneous,119,4,28.12,63,,,,,,Low
AUD_472,Reading,161,12,82.5,94,,,,,,Medium
AUD_473,Reading,95,7,64.78,87,,,,,,High
AUD_474,Reading,158,5,37.05,111,,,,,,High
AUD_475,Reading,163,5,47.07,145,,,,,,Medium
AUD_476,Spontaneous,137,2,88.13,116,,,,,,High
AUD_477,Spontaneous,172,13,80.35,110,,,,,,Medium
AUD_478,Reading,133,11,21.09,62,,,,,,High
AUD_479,Spontaneous,106,14,88.59,168,,,,,,Medium
AUD_480,Reading,123,13,45.8,136,,,,,,High
AUD_481,Reading,172,12,68.68,132,,,,,,Low
AUD_482,Spontaneous,179,5,69.89,129,,,,,,High
AUD_483,Reading,128,2,83.82,96,,,,,,Medium
AUD_484,Spontaneous,105,6,81.95,160,,,,,,High
AUD_485,Spontaneous,116,14,39.72,163,,,,,,Medium
AUD_486,Spontaneous,140,4,65.05,103,,,,,,Medium
AUD_487,Spontaneous,141,14,47.56,120,,,,,,Medium
AUD_488,Spontaneous,147,11,56.79,121,,,,,,Medium
AUD_489,Spontaneous,165,6,58.83,74,,,,,,High
AUD_490,Spontaneous,154,4,47.74,72,,,,,,Medium
AUD_491,Spontaneous,113,6,52.47,60,,,,,,High
AUD_492,Spontaneous,126,5,34.58,76,,,,,,Medium
AUD_493,Reading,166,10,62.54,166,,,,,,High
AUD_494,Spontaneous,147,7,73.13,116,,,,,,High
AUD_495,Reading,105,13,50.08,96,,,,,,Medium
AUD_496,Spontaneous,119,11,88.44,57,,,,,,Medium
AUD_497,Reading,161,3,24.01,126,,,,,,High
AUD_498,Spontaneous,105,2,61.24,116,,,,,,Medium
AUD_499,Spontaneous,152,2,60.85,197,,,,,,Medium
AUD_500,Spontaneous,141,2,22.54,84,,,,,,Medium
AUD_501,Reading,103,10,35.72,126,,,,,,Medium
AUD_502,Reading,152,6,83.39,197,,,,,,High
AUD_503,Spontaneous,103,5,58.12,73,,,,,,High
AUD_504,Reading,126,11,50.55,104,,,,,,Medium
AUD_505,Spontaneous,118,6,49.08,186,,,,,,High
AUD_506,Reading,152,10,82.17,143,,,,,,Medium
AUD_507,Reading,160,4,45.69,193,,,,,,High
AUD_508,Reading,105,4,80.14,107,,,,,,High
AUD_509,Spontaneous,163,13,41.64,113,,,,,,High
AUD_510,Reading,91,3,57.21,125,,,,,,Medium
AUD_511,Reading,138,9,30.07,164,,,,,,Medium
AUD_512,Spontaneous,137,8,77.75,98,,,,,,High
AUD_513,Spontaneous,146,3,71.52,78,,,,,,High
AUD_514,Reading,112,5,57.11,167,,,,,,High
AUD_515,Reading,91,8,21.81,131,,,,,,High
AUD_516,Spontaneous,131,2,53.69,56,,,,,,High
AUD_517,Spontaneous,96,2,35.76,126,,,,,,High
AUD_518,Spontaneous,170,9,48.94,171,,,,,,High
AUD_519,Spontaneous,106,7,79.95,118,,,,,,Medium
AUD_520,Spontaneous,128,3,73.87,139,,,,,,Medium
AUD_521,Reading,129,11,36.94,51,,,,,,Medium
AUD_522,Spontaneous,140,11,88.95,86,,,,,,High
AUD_523,Spontaneous,160,2,83.22,138,,,,,,Medium
AUD_524,Reading,132,4,57.01,176,,,,,,Medium
AUD_525,Spontaneous,92,13,57.11,152,,,,,,High
AUD_526,Spontaneous,159,5,83.09,79,,,,,,High
AUD_527,Spontaneous,97,14,64.53,90,,,,,,Low
AUD_528,Reading,148,6,57.57,53,,,,,,High
AUD_529,Spontaneous,162,12,72.44,132,,,,,,Medium
AUD_530,Spontaneous,115,11,36.46,160,,,,,,High
AUD_531,Spontaneous,130,4,81.49,73,,,,,,Medium
AUD_532,Spontaneous,91,14,57.2,99,,,,,,High
AUD_533,Reading,162,6,62.24,86,,,,,,High
AUD_534,Reading,153,13,26.3,74,,,,,,High
AUD_535,Spontaneous,111,8,41.67,142,,,,,,Medium
AUD_536,Spontaneous,125,12,49.87,174,,,,,,Medium
AUD_537,Spontaneous,153,10,48.97,80,,,,,,High
AUD_538,Spontaneous,122,6,74.48,141,,,,,,High
AUD_539,Spontaneous,105,5,39.76,87,,,,,,Medium
AUD_540,Spontaneous,137,11,32.75,176,,,,,,High
AUD_541,Spontaneous,155,12,60.78,107,,,,,,Medium
AUD_542,Reading,119,14,63.05,163,,,,,,High
AUD_543,Spontaneous,101,10,28.51,99,,,,,,Medium
AUD_544,Reading,165,9,20.17,181,,,,,,High
AUD_545,Reading,113,6,84.24,141,,,,,,High
AUD_546,Spontaneous,136,10,25.57,127,,,,,,Low
AUD_547,Reading,152,12,82.85,191,,,,,,Medium
AUD_548,Reading,119,10,47.95,178,,,,,,High
AUD_549,Reading,148,2,65.71,92,,,,,,Medium
AUD_550,Spontaneous,131,13,32.99,167,,,,,,Medium
AUD_551,Reading,141,7,77.67,108,,,,,,High
AUD_552,Reading,143,12,32.61,110,,,,,,High
AUD_553,Spontaneous,164,6,47.06,90,,,,,,Medium
AUD_554,Spontaneous,149,7,36.66,67,,,,,,High
AUD_555,Reading,114,11,78.63,128,,,,,,Medium
AUD_556,Spontaneous,95,4,80.08,79,,,,,,Medium
AUD_557,Spontaneous,90,4,46.04,151,,,,,,Low
AUD_558,Reading,171,11,41.52,60,,,,,,High
AUD_559,Reading,175,6,74.15,173,,,,,,High
AUD_560,Reading,98,8,81.5,115,,,,,,High
AUD_561,Spontaneous,134,5,63.68,148,,,,,,Medium
AUD_562,Reading,104,7,84.92,73,,,,,,Medium
AUD_563,Reading,175,6,46.81,126,,,,,,High
AUD_564,Spontaneous,112,3,30.63,177,,,,,,Medium
AUD_565,Spontaneous,135,14,32.58,143,,,,,,Medium
AUD_566,Spontaneous,105,12,66.89,136,,,,,,Medium
AUD_567,Spontaneous,120,13,48.53,173,,,,,,Medium
AUD_568,Reading,114,2,30.94,95,,,,,,Medium
AUD_569,Reading,133,7,40.46,142,,,,,,High
AUD_570,Reading,128,6,57.14,64,,,,,,High
AUD_571,Spontaneous,120,10,28.5,107,,,,,,Medium
AUD_572,Reading,100,13,20.24,121,,,,,,High
AUD_573,Spontaneous,134,8,84.21,147,,,,,,High
AUD_574,Spontaneous,167,2,41.34,122,,,,,,High
AUD_575,Spontaneous,156,14,35.5,130,,,,,,Medium
AUD_576,Reading,155,11,68.89,114,,,,,,Medium
AUD_577,Spontaneous,123,7,79.74,54,,,,,,Medium
AUD_578,Reading,154,12,64.26,77,,,,,,Medium
AUD_579,Reading,132,8,37.81,87,,,,,,Low
AUD_580,Reading,104,4,80.31,130,,,,,,Medium
AUD_581,Spontaneous,128,10,55.73,136,,,,,,Medium
AUD_582,Reading,102,12,46.68,195,,,,,,Medium
AUD_583,Reading,100,12,62.33,86,,,,,,Medium
AUD_584,Spontaneous,92,3,69.04,74,,,,,,High
AUD_585,Reading,115,2,61.57,132,,,,,,High
AUD_586,Spontaneous,120,11,84.42,76,,,,,,High
AUD_587,Reading,153,11,63.96,126,,,,,,High
AUD_588,Spontaneous,138,13,81.5,184,,,,,,Medium
AUD_589,Spontaneous,167,10,61.09,139,,,,,,High
AUD_590,Spontaneous,106,8,43.08,76,,,,,,High
AUD_591,Spontaneous,114,11,57.26,171,,,,,,Low
AUD_592,Spontaneous,175,14,26.04,108,,,,,,High
AUD_593,Reading,130,12,36.11,121,,,,,,Medium
AUD_594,Reading,161,2,73.64,140,,,,,,Medium
AUD_595,Reading,134,5,66.3,117,,,,,,Medium
AUD_596,Reading,132,11,31.66,155,,,,,,High
AUD_597,Spontaneous,103,14,50.66,53,,,,,,High
AUD_598,Spontaneous,167,4,29.94,195,,,,,,High
AUD_599,Reading,97,12,79.91,112,,,,,,High
AUD_600,Spontaneous,118,8,27.64,136,,,,,,Medium
AUD_601,Reading,151,6,65.8,160,,,,,,Medium
AUD_602,Spontaneous,136,10,62.49,189,,,,,,High
AUD_603,Spontaneous,169,12,53.09,185,,,,,,Medium
AUD_604,Reading,94,4,39.48,71,,,,,,High
AUD_605,Reading,148,12,48.28,140,,,,,,High
AUD_606,Spontaneous,133,7,76.45,165,,,,,,High
AUD_607,Reading,104,11,73.31,90,,,,,,High
AUD_608,Reading,157,3,71.72,130,,,,,,High
AUD_609,Reading,127,4,72.49,172,,,,,,High
AUD_610,Reading,138,5,30.07,106,,,,,,High
AUD_611,Spontaneous,177,7,26.94,176,,,,,,Medium
AUD_612,Spontaneous,134,12,80.3,144,,,,,,High
AUD_613,Spontaneous,164,2,78.6,104,,,,,,High
AUD_614,Spontaneous,159,7,67.69,55,,,,,,Medium
AUD_615,Reading,150,5,62.41,58,,,,,,Medium
AUD_616,Reading,171,9,45.68,81,,,,,,Medium
AUD_617,Reading,113,10,35.69,177,,,,,,High
AUD_618,Spontaneous,164,9,66.74,65,,,,,,Medium
AUD_619,Spontaneous,124,9,83.91,189,,,,,,High
AUD_620,Spontaneous,163,14,50.59,90,,,,,,High
AUD_621,Spontaneous,134,14,41.22,186,,,,,,Medium
AUD_622,Reading,167,3,38.95,174,,,,,,Medium
AUD_623,Reading,171,11,21.66,66,,,,,,High
AUD_624,Reading,144,3,56.42,159,,,,,,Medium
AUD_625,Spontaneous,136,7,89.18,182,,,,,,High
AUD_626,Spontaneous,160,6,77.07,75,,,,,,High
AUD_627,Spontaneous,114,7,82.82,178,,,,,,High
AUD_628,Spontaneous,91,10,63.48,50,,,,,,High
AUD_629,Spontaneous,127,13,53.7,84,,,,,,Medium
AUD_630,Spontaneous,136,11,89.33,58,,,,,,Medium
AUD_631,Reading,117,8,51.3,136,,,,,,High
AUD_632,Spontaneous,124,6,84.18,87,,,,,,Medium
AUD_633,Spontaneous,102,11,73.33,53,,,,,,Medium
AUD_634,Spontaneous,115,8,43.17,101,,,,,,Medium
AUD_635,Reading,112,9,55.21,196,,,,,,Medium
AUD_636,Reading,117,12,46.9,54,,,,,,High
AUD_637,Spontaneous,117,13,29.54,155,,,,,,Medium
AUD_638,Reading,140,2,44.97,97,,,,,,High
AUD_639,Reading,113,11,82.23,136,,,,,,Medium
AUD_640,Reading,175,12,72.68,87,,,,,,Medium
AUD_641,Spontaneous,136,12,39.43,101,,,,,,Medium
AUD_642,Reading,102,8,45.75,136,,,,,,Medium
AUD_643,Reading,115,5,63.15,95,,,,,,High
AUD_644,Reading,156,6,49.13,142,,,,,,Low
AUD_645,Spontaneous,91,14,55.21,186,,,,,,Medium
AUD_646,Reading,174,3,68.87,99,,,,,,High
AUD_647,Spontaneous,130,11,52.71,115,,,,,,High
AUD_648,Reading,137,6,33.37,87,,,,,,High
AUD_649,Spontaneous,179,10,56.44,154,,,,,,High
AUD_650,Spontaneous,135,2,44.93,197,,,,,,High
AUD_651,Spontaneous,175,4,40.35,65,,,,,,High
AUD_652,Spontaneous,172,5,42.97,128,,,,,,High
AUD_653,Spontaneous,175,10,50.73,62,,,,,,Low
AUD_654,Reading,163,3,82.06,163,,,,,,Medium
AUD_655,Reading,117,8,71.38,151,,,,,,Medium
AUD_656,Reading,121,10,66.75,197,,,,,,High
AUD_657,Spontaneous,123,13,52.99,184,,,,,,High
AUD_658,Spontaneous,178,11,20.13,136,,,,,,High
AUD_659,Spontaneous,122,5,43.84,137,,,,,,Medium
AUD_660,Reading,100,6,76.92,78,,,,,,Medium
AUD_661,Spontaneous,160,13,47.17,182,,,,,,High
AUD_662,Spontaneous,123,13,59.47,156,,,,,,Medium
AUD_663,Spontaneous,146,13,34.33,114,,,,,,Medium
AUD_664,Spontaneous,173,11,84.11,149,,,,,,High
AUD_665,Reading,142,5,84.62,164,,,,,,Low
AUD_666,Spontaneous,147,13,30.22,136,,,,,,Medium
AUD_667,Spontaneous,148,8,70.69,123,,,,,,Medium
AUD_668,Spontaneous,145,9,25.27,184,,,,,,Medium
AUD_669,Spontaneous,104,9,61.9,62,,,,,,Medium
AUD_670,Reading,131,4,32.51,143,,,,,,Medium
AUD_671,Spontaneous,91,3,30.2,127,,,,,,Medium
AUD_672,Reading,146,7,20.29,173,,,,,,High
AUD_673,Reading,142,13,85.86,174,,,,,,Medium
AUD_674,Spontaneous,119,2,78.05,87,,,,,,High
AUD_675,Spontaneous,137,13,25.42,62,,,,,,High
AUD_676,Reading,134,10,61.96,103,,,,,,Low
AUD_677,Spontaneous,113,8,36.3,155,,,,,,Medium
AUD_678,Spontaneous,116,9,38.48,93,,,,,,High
AUD_679,Reading,159,8,81.19,190,,,,,,Medium
AUD_680,Reading,158,6,28.0,73,,,,,,Medium
AUD_681,Reading,132,6,62.1,173,,,,,,High
AUD_682,Reading,155,8,48.09,78,,,,,,Medium
AUD_683,Reading,131,8,33.36,195,,,,,,Medium
AUD_684,Reading,167,3,51.63,141,,,,,,Medium
AUD_685,Spontaneous,120,3,85.83,54,,,,,,High
AUD_686,Spontaneous,173,8,74.71,195,,,,,,High
AUD_687,Spontaneous,139,6,29.25,174,,,,,,Medium
AUD_688,Spontaneous,138,3,79.46,120,,,,,,High
AUD_689,Spontaneous,150,2,85.62,148,,,,,,High
AUD_690,Spontaneous,121,10,39.39,61,,,,,,Medium
AUD_691,Spontaneous,155,12,43.34,101,,,,,,High
AUD_692,Spontaneous,119,9,28.84,95,,,,,,High
AUD_693,Spontaneous,126,3,44.15,153,,,,,,Medium
AUD_694,Reading,151,3,67.12,93,,,,,,High
AUD_695,Reading,124,4,39.05,58,,,,,,Medium
AUD_696,Spontaneous,108,5,20.48,189,,,,,,Medium
AUD_697,Spontaneous,168,10,43.7,149,,,,,,High
AUD_698,Reading,173,13,51.72,186,,,,,,High
AUD_699,Reading,146,7,59.64,152,,,,,,High
AUD_700,Reading,163,4,67.87,159,,,,,,Medium
AUD_701,Spontaneous,179,9,24.32,165,,,,,,Medium
AUD_702,Reading,145,7,52.88,71,,,,,,Medium
AUD_703,Reading,172,9,38.65,194,,,,,,High
AUD_704,Reading,122,11,86.36,137,,,,,,High
AUD_705,Spontaneous,153,13,45.19,192,,,,,,High
AUD_706,Reading,95,3,27.01,82,,,,,,High
AUD_707,Spontaneous,161,9,22.9,64,,,,,,High
AUD_708,Reading,165,12,38.58,76,,,,,,High
AUD_709,Reading,126,6,32.52,161,,,,,,High
AUD_710,Spontaneous,148,11,65.49,131,,,,,,High
AUD_711,Reading,167,13,79.29,97,,,,,,Medium
AUD_712,Reading,170,5,41.88,57,,,,,,High
AUD_713,Reading,100,4,60.45,183,,,,,,Medium
AUD_714,Spontaneous,164,13,71.12,167,,,,,,High
AUD_715,Spontaneous,115,10,47.89,133,,,,,,Medium
AUD_716,Spontaneous,155,11,24.64,51,,,,,,Medium
AUD_717,Reading,119,8,36.04,199,,,,,,Medium
AUD_718,Spontaneous,95,8,81.81,167,,,,,,High
AUD_719,Reading,109,7,77.71,70,,,,,,High
AUD_720,Reading,127,10,26.06,183,,,,,,High
AUD_721,Reading,157,4,35.68,172,,,,,,High
AUD_722,Reading,99,2,73.84,145,,,,,,Low
AUD_723,Reading,163,8,54.01,62,,,,,,Medium
AUD_724,Reading,180,10,73.2,50,,,,,,Medium
AUD_725,Reading,161,7,34.78,199,,,,,,High
AUD_726,Reading,133,11,86.69,166,,,,,,Medium
AUD_727,Spontaneous,141,3,74.85,113,,,,,,Medium
AUD_728,Spontaneous,91,14,33.82,199,,,,,,Medium
AUD_729,Reading,109,9,59.09,110,,,,,,Medium
AUD_730,Spontaneous,171,10,27.92,157,,,,,,Medium
AUD_731,Spontaneous,92,11,45.3,61,,,,,,High
AUD_732,Spontaneous,171,9,66.17,139,,,,,,High
AUD_733,Reading,100,10,43.11,181,,,,,,Medium
AUD_734,Spontaneous,102,2,65.97,132,,,,,,Medium
AUD_735,Reading,106,4,37.13,177,,,,,,High
AUD_736,Spontaneous,162,4,70.48,189,,,,,,High
AUD_737,Spontaneous,133,10,45.17,82,,,,,,High
AUD_738,Spontaneous,103,4,75.33,198,,,,,,High
AUD_739,Reading,152,11,29.57,177,,,,,,Medium
AUD_740,Reading,175,2,45.34,149,,,,,,High
AUD_741,Reading,142,4,52.48,155,,,,,,High
AUD_742,Reading,99,3,49.67,121,,,,,,High
AUD_743,Reading,95,10,50.32,123,,,,,,High
AUD_744,Reading,162,2,51.14,145,,,,,,High
AUD_745,Reading,146,12,89.22,141,,,,,,High
AUD_746,Reading,173,3,33.52,123,,,,,,Medium
AUD_747,Reading,139,2,73.81,121,,,,,,High
AUD_748,Spontaneous,96,10,58.63,108,,,,,,Medium
AUD_749,Spontaneous,126,8,48.95,105,,,,,,High
AUD_750,Reading,149,14,64.35,62,,,,,,High
AUD_751,Spontaneous,125,2,79.75,84,,,,,,High
AUD_752,Spontaneous,180,14,52.66,168,,,,,,Medium
AUD_753,Reading,126,14,80.54,164,,,,,,High
AUD_754,Reading,139,11,26.57,105,,,,,,High
AUD_755,Spontaneous,110,13,65.72,182,,,,,,Medium
AUD_756,Reading,104,7,43.32,102,,,,,,High
AUD_757,Spontaneous,148,6,47.07,150,,,,,,High
AUD_758,Reading,143,11,59.97,169,,,,,,Medium
AUD_759,Spontaneous,90,12,53.59,109,,,,,,Medium
AUD_760,Reading,116,6,46.72,154,,,,,,Medium
AUD_761,Spontaneous,148,5,41.58,183,,,,,,Medium
AUD_762,Spontaneous,163,4,63.28,155,,,,,,Medium
AUD_763,Spontaneous,118,14,55.39,129,,,,,,Low
AUD_764,Spontaneous,148,9,42.63,195,,,,,,High
AUD_765,Reading,114,8,34.35,60,,,,,,Medium
AUD_766,Spontaneous,152,6,74.21,100,,,,,,High
AUD_767,Reading,153,13,75.98,170,,,,,,High
AUD_768,Spontaneous,102,10,34.97,72,,,,,,Medium
AUD_769,Reading,150,13,38.32,96,,,,,,Medium
AUD_770,Spontaneous,120,8,36.74,124,,,,,,Medium
AUD_771,Reading,106,11,81.92,142,,,,,,High
AUD_772,Spontaneous,135,3,74.19,176,,,,,,High
AUD_773,Spontaneous,131,8,25.22,105,,,,,,Medium
AUD_774,Reading,160,8,78.29,122,,,,,,High
AUD_775,Spontaneous,98,5,22.58,186,,,,,,High
AUD_776,Spontaneous,161,13,37.72,67,,,,,,High
AUD_777,Spontaneous,100,13,84.33,93,,,,,,High
AUD_778,Spontaneous,109,9,80.5,198,,,,,,High
AUD_779,Reading,136,5,74.7,105,,,,,,High
AUD_780,Spontaneous,132,8,52.03,149,,,,,,Medium
AUD_781,Reading,179,5,42.5,50,,,,,,High
AUD_782,Reading,143,14,81.71,94,,,,,,High
AUD_783,Reading,119,9,66.0,112,,,,,,Low
AUD_784,Reading,171,4,40.69,107,,,,,,Medium
AUD_785,Spontaneous,118,3,52.42,112,,,,,,High
AUD_786,Spontaneous,115,11,81.71,87,,,,,,Medium
AUD_787,Reading,134,7,83.24,78,,,,,,Medium
AUD_788,Spontaneous,172,8,66.15,89,,,,,,Medium
AUD_789,Spontaneous,154,8,71.28,196,,,,,,Medium
AUD_790,Reading,151,7,22.75,137,,,,,,High
AUD_791,Reading,155,12,62.32,105,,,,,,High
AUD_792,Reading,149,9,68.23,93,,,,,,High
AUD_793,Spontaneous,158,13,21.43,149,,,,,,Medium
AUD_794,Reading,107,7,79.07,190,,,,,,Medium
AUD_795,Reading,106,7,84.98,98,,,,,,Medium
AUD_796,Spontaneous,123,4,36.66,164,,,,,,Medium
AUD_797,Spontaneous,167,13,79.21,124,,,,,,High
AUD_798,Spontaneous,154,3,66.59,188,,,,,,Medium
AUD_799,Spontaneous,141,8,60.65,98,,,,,,High
AUD_800,Spontaneous,92,7,79.02,156,,,,,,Medium
AUD_801,Spontaneous,111,2,39.99,160,,,,,,Medium
AUD_802,Spontaneous,162,3,75.36,164,,,,,,High
AUD_803,Spontaneous,112,3,42.02,70,,,,,,Low
AUD_804,Reading,156,2,75.12,96,,,,,,High
AUD_805,Spontaneous,107,4,51.57,52,,,,,,Medium
AUD_806,Reading,145,6,28.19,176,,,,,,Medium
AUD_807,Spontaneous,147,5,46.71,116,,,,,,Medium
AUD_808,Spontaneous,158,13,36.34,111,,,,,,Medium
AUD_809,Reading,129,3,27.04,199,,,,,,High
AUD_810,Spontaneous,147,9,27.72,80,,,,,,High
AUD_811,Reading,134,10,74.6,95,,,,,,Medium
AUD_812,Spontaneous,175,9,81.7,94,,,,,,Medium
AUD_813,Reading,137,8,84.9,63,,,,,,Medium
AUD_814,Reading,109,11,79.78,170,,,,,,Medium
AUD_815,Spontaneous,150,3,78.12,189,,,,,,Medium
AUD_816,Reading,139,7,24.82,168,,,,,,Medium
AUD_817,Reading,162,12,75.31,126,,,,,,Medium
AUD_818,Spontaneous,106,5,74.83,137,,,,,,High
AUD_819,Spontaneous,113,6,29.19,166,,,,,,High
AUD_820,Reading,173,10,66.34,173,,,,,,Medium
AUD_821,Spontaneous,174,14,51.68,103,,,,,,High
AUD_822,Reading,130,10,83.0,97,,,,,,Medium
AUD_823,Reading,94,5,68.68,150,,,,,,Medium
AUD_824,Reading,118,9,86.57,64,,,,,,High
AUD_825,Spontaneous,112,12,27.34,162,,,,,,High
AUD_826,Spontaneous,127,6,22.84,65,,,,,,High
AUD_827,Reading,119,10,88.15,184,,,,,,Medium
AUD_828,Reading,165,3,25.61,92,,,,,,Medium
AUD_829,Reading,90,5,47.03,77,,,,,,High
AUD_830,Spontaneous,148,4,65.5,115,,,,,,High
AUD_831,Reading,150,8,81.6,147,,,,,,High
AUD_832,Spontaneous,149,3,37.82,109,,,,,,Low
AUD_833,Reading,137,4,22.03,177,,,,,,High
AUD_834,Reading,145,10,56.49,180,,,,,,Medium
AUD_835,Reading,163,9,52.98,178,,,,,,High
AUD_836,Reading,161,3,41.48,105,,,,,,Low
AUD_837,Spontaneous,93,7,81.17,133,,,,,,Medium
AUD_838,Spontaneous,93,4,72.45,81,,,,,,High
AUD_839,Spontaneous,166,13,80.07,130,,,,,,High
AUD_840,Spontaneous,142,14,31.33,67,,,,,,Medium
AUD_841,Spontaneous,176,7,68.47,84,,,,,,Medium
AUD_842,Reading,129,6,88.26,153,,,,,,Low
AUD_843,Spontaneous,106,11,62.83,149,,,,,,High
AUD_844,Spontaneous,133,5,32.0,72,,,,,,Medium
AUD_845,Spontaneous,129,13,89.7,190,,,,,,Low
AUD_846,Spontaneous,137,8,56.98,191,,,,,,Medium
AUD_847,Reading,163,12,78.8,54,,,,,,High
AUD_848,Reading,149,11,30.46,199,,,,,,High
AUD_849,Reading,107,8,66.63,77,,,,,,Medium
AUD_850,Spontaneous,156,5,83.88,181,,,,,,High
AUD_851,Reading,143,4,57.24,99,,,,,,High
AUD_852,Reading,142,5,40.21,151,,,,,,Medium
AUD_853,Spontaneous,151,3,28.92,78,,,,,,High
AUD_854,Spontaneous,141,5,40.72,86,,,,,,High
AUD_855,Spontaneous,131,5,44.84,197,,,,,,Medium
AUD_856,Reading,148,13,69.7,179,,,,,,High
AUD_857,Spontaneous,155,6,32.5,165,,,,,,High
AUD_858,Reading,110,2,27.43,107,,,,,,Medium
AUD_859,Reading,135,3,47.09,195,,,,,,High
AUD_860,Reading,131,9,52.11,155,,,,,,Medium
AUD_861,Reading,94,9,63.99,105,,,,,,Low
AUD_862,Reading,165,9,69.53,171,,,,,,High
AUD_863,Spontaneous,124,6,82.25,152,,,,,,Medium
AUD_864,Reading,97,9,40.23,172,,,,,,High
AUD_865,Reading,131,10,57.0,71,,,,,,High
AUD_866,Reading,105,5,45.62,109,,,,,,Medium
AUD_867,Reading,153,5,20.1,187,,,,,,High
AUD_868,Reading,141,8,60.56,133,,,,,,High
AUD_869,Spontaneous,114,6,77.11,177,,,,,,Medium
AUD_870,Reading,176,12,22.55,129,,,,,,High
AUD_871,Reading,116,11,20.24,183,,,,,,Medium
AUD_872,Reading,140,2,70.95,130,,,,,,High
AUD_873,Reading,162,9,67.87,55,,,,,,Medium
AUD_874,Spontaneous,136,5,48.41,135,,,,,,Medium
AUD_875,Reading,176,9,66.31,131,,,,,,High
AUD_876,Reading,166,3,86.74,91,,,,,,Medium
AUD_877,Reading,173,13,37.35,123,,,,,,Medium
AUD_878,Reading,124,13,37.21,90,,,,,,High
AUD_879,Spontaneous,139,5,33.04,112,,,,,,High
AUD_880,Spontaneous,166,3,70.68,71,,,,,,High
AUD_881,Spontaneous,171,6,44.72,128,,,,,,Low
AUD_882,Reading,175,11,89.21,120,,,,,,High
AUD_883,Spontaneous,169,11,70.03,163,,,,,,Medium
AUD_884,Spontaneous,156,9,45.72,83,,,,,,Medium
AUD_885,Spontaneous,92,12,30.44,145,,,,,,High
AUD_886,Spontaneous,118,8,61.44,179,,,,,,Medium
AUD_887,Spontaneous,102,12,40.64,158,,,,,,High
AUD_888,Reading,104,6,83.39,124,,,,,,High
AUD_889,Spontaneous,116,12,50.9,68,,,,,,High
AUD_890,Spontaneous,97,8,40.49,174,,,,,,High
AUD_891,Spontaneous,112,6,61.2,69,,,,,,Low
AUD_892,Reading,176,8,29.59,165,,,,,,Medium
AUD_893,Reading,118,5,59.31,143,,,,,,High
AUD_894,Spontaneous,104,5,23.93,131,,,,,,Medium
AUD_895,Reading,155,11,62.48,145,,,,,,High
AUD_896,Reading,165,5,57.11,153,,,,,,Medium
AUD_897,Spontaneous,118,12,56.45,53,,,,,,Medium
AUD_898,Reading,115,9,67.89,196,,,,,,High
AUD_899,Spontaneous,112,2,23.11,180,,,,,,High
AUD_900,Spontaneous,125,11,52.18,141,,,,,,Medium
AUD_901,Spontaneous,98,6,51.08,110,,,,,,Medium
AUD_902,Reading,150,13,52.18,87,,,,,,Medium
AUD_903,Spontaneous,164,11,88.59,167,,,,,,High
AUD_904,Spontaneous,150,3,29.75,183,,,,,,Medium
AUD_905,Reading,128,11,68.33,105,,,,,,High
AUD_906,Spontaneous,116,5,48.14,170,,,,,,Low
AUD_907,Reading,127,6,55.82,130,,,,,,Medium
AUD_908,Reading,128,9,73.37,155,,,,,,Medium
AUD_909,Spontaneous,150,3,31.02,169,,,,,,High
AUD_910,Reading,174,3,73.45,118,,,,,,Medium
AUD_911,Spontaneous,96,3,24.92,132,,,,,,High
AUD_912,Reading,176,9,53.83,91,,,,,,Medium
AUD_913,Reading,172,13,71.94,148,,,,,,High
AUD_914,Reading,101,4,33.48,179,,,,,,High
AUD_915,Reading,107,6,73.96,77,,,,,,High
AUD_916,Spontaneous,118,3,31.68,166,,,,,,Medium
AUD_917,Spontaneous,140,7,75.95,194,,,,,,Low
AUD_918,Reading,102,11,52.83,119,,,,,,High
AUD_919,Spontaneous,108,7,67.92,156,,,,,,High
AUD_920,Spontaneous,171,3,84.22,172,,,,,,Low
AUD_921,Spontaneous,100,5,48.59,118,,,,,,Medium
AUD_922,Spontaneous,126,12,36.31,88,,,,,,High
AUD_923,Spontaneous,159,3,80.7,184,,,,,,Medium
AUD_924,Spontaneous,170,11,31.31,53,,,,,,Medium
AUD_925,Spontaneous,120,5,64.2,198,,,,,,Medium
AUD_926,Reading,105,14,84.63,131,,,,,,High
AUD_927,Spontaneous,156,14,67.21,146,,,,,,High
AUD_928,Reading,160,12,33.7,191,,,,,,Medium
AUD_929,Reading,178,8,30.66,119,,,,,,High
AUD_930,Reading,103,6,37.66,95,,,,,,High
AUD_931,Spontaneous,154,11,47.4,197,,,,,,Medium
AUD_932,Spontaneous,128,5,31.14,148,,,,,,High
AUD_933,Reading,172,11,75.85,129,,,,,,High
AUD_934,Reading,127,11,44.99,97,,,,,,High
AUD_935,Spontaneous,130,4,85.53,56,,,,,,High
AUD_936,Spontaneous,101,14,78.97,89,,,,,,High
AUD_937,Spontaneous,119,14,83.62,108,,,,,,Medium
AUD_938,Reading,126,14,40.61,85,,,,,,High
AUD_939,Reading,92,7,60.16,157,,,,,,Medium
AUD_940,Spontaneous,129,3,42.5,80,,,,,,Medium
AUD_941,Spontaneous,120,5,37.99,93,,,,,,High
AUD_942,Reading,162,13,62.5,92,,,,,,Medium
AUD_943,Spontaneous,100,9,77.26,183,,,,,,High
AUD_944,Spontaneous,158,3,26.55,142,,,,,,Medium
AUD_945,Reading,154,10,39.3,135,,,,,,High
AUD_946,Reading,112,3,34.36,58,,,,,,Medium
AUD_947,Reading,97,9,75.88,60,,,,,,High
AUD_948,Reading,166,9,85.34,129,,,,,,Low
AUD_949,Spontaneous,112,8,25.6,158,,,,,,Medium
AUD_950,Reading,103,14,46.54,167,,,,,,High
AUD_951,Spontaneous,122,11,84.02,67,,,,,,Medium
AUD_952,Spontaneous,126,7,44.12,146,,,,,,High
AUD_953,Spontaneous,119,2,69.89,79,,,,,,Medium
AUD_954,Reading,178,3,27.05,164,,,,,,Medium
AUD_955,Reading,169,8,51.11,50,,,,,,High
AUD_956,Spontaneous,169,14,55.23,146,,,,,,Medium
AUD_957,Spontaneous,126,12,73.04,162,,,,,,Medium
AUD_958,Reading,177,5,40.22,128,,,,,,High
AUD_959,Spontaneous,152,10,38.49,78,,,,,,High
AUD_960,Spontaneous,165,4,41.21,115,,,,,,High
AUD_961,Spontaneous,135,5,58.9,154,,,,,,Medium
AUD_962,Spontaneous,104,4,81.32,68,,,,,,Medium
AUD_963,Spontaneous,170,8,78.17,115,,,,,,Medium
AUD_964,Spontaneous,134,3,24.06,161,,,,,,High
AUD_965,Spontaneous,177,11,81.53,109,,,,,,High
AUD_966,Spontaneous,113,13,26.66,166,,,,,,High
AUD_967,Reading,179,13,49.07,117,,,,,,High
AUD_968,Reading,110,3,73.58,142,,,,,,High
AUD_969,Spontaneous,123,3,25.71,190,,,,,,High
AUD_970,Spontaneous,143,13,22.83,192,,,,,,High
AUD_971,Reading,152,5,43.1,197,,,,,,Medium
AUD_972,Reading,155,9,71.09,197,,,,,,Medium
AUD_973,Reading,133,9,56.52,99,,,,,,High
AUD_974,Spontaneous,97,9,49.19,138,,,,,,High
AUD_975,Reading,135,9,76.92,148,,,,,,High
AUD_976,Reading,120,8,73.67,162,,,,,,High
AUD_977,Spontaneous,149,7,75.02,156,,,,,,High
AUD_978,Reading,106,13,52.18,73,,,,,,Medium
AUD_979,Spontaneous,125,8,21.36,74,,,,,,High
AUD_980,Reading,177,14,32.05,60,,,,,,Medium
AUD_981,Reading,98,6,71.89,143,,,,,,Medium
AUD_982,Reading,144,9,72.72,109,,,,,,High
AUD_983,Reading,98,3,88.06,74,,,,,,High
AUD_984,Reading,104,6,33.31,194,,,,,,High
AUD_985,Spontaneous,144,8,28.6,189,,,,,,Medium
AUD_986,Spontaneous,130,10,29.72,172,,,,,,Medium
AUD_987,Reading,139,11,32.94,60,,,,,,High
AUD_988,Spontaneous,169,2,56.99,59,,,,,,High
AUD_989,Reading,164,12,88.26,130,,,,,,Medium
AUD_990,Reading,170,10,61.26,103,,,,,,Medium
AUD_991,Reading,145,4,56.59,158,,,,,,Medium
AUD_992,Reading,134,2,67.13,112,,,,,,Medium
AUD_993,Reading,131,8,25.18,69,,,,,,High
AUD_994,Spontaneous,157,4,77.07,54,,,,,,Medium
AUD_995,Spontaneous,137,9,65.28,90,,,,,,Medium
AUD_996,Spontaneous,100,12,31.98,167,,,,,,High
AUD_997,Spontaneous,103,3,64.15,112,,,,,,Medium
AUD_998,Reading,122,5,61.73,81,,,,,,Medium
AUD_999,Spontaneous,96,13,24.54,76,,,,,,Medium
AUD_1000,Reading,112,3,38.69,117,,,,,,High
AUD_1001,Reading,149,12,47.37,154,,,,,,High
AUD_1002,Spontaneous,91,5,37.14,56,,,,,,High
AUD_1003,Spontaneous,144,13,37.02,152,,,,,,High
AUD_1004,Reading,160,2,60.11,161,,,,,,High
AUD_1005,Reading,105,14,52.96,195,,,,,,Medium
AUD_1006,Reading,106,11,66.71,152,,,,,,High
AUD_1007,Spontaneous,93,6,86.95,66,,,,,,Medium
AUD_1008,Reading,136,4,66.24,139,,,,,,Medium
AUD_1009,Reading,149,10,60.75,164,,,,,,Medium
AUD_1010,Reading,131,5,79.33,135,,,,,,Medium
AUD_1011,Reading,125,7,64.25,152,,,,,,High
AUD_1012,Spontaneous,131,10,31.59,131,,,,,,High
AUD_1013,Spontaneous,160,3,42.03,175,,,,,,High
AUD_1014,Reading,93,8,71.34,87,,,,,,High
AUD_1015,Spontaneous,161,4,71.69,141,,,,,,High
AUD_1016,Reading,150,2,89.09,112,,,,,,High
AUD_1017,Spontaneous,112,10,63.89,185,,,,,,High
AUD_1018,Spontaneous,137,10,82.97,79,,,,,,Medium
AUD_1019,Spontaneous,94,13,23.82,113,,,,,,High
AUD_1020,Spontaneous,124,12,59.64,58,,,,,,High
AUD_1021,Reading,106,5,84.39,106,,,,,,High
AUD_1022,Reading,92,10,40.11,156,,,,,,High
AUD_1023,Reading,122,8,30.84,144,,,,,,High
AUD_1024,Spontaneous,155,5,44.54,124,,,,,,Medium
AUD_1025,Spontaneous,173,13,75.46,54,,,,,,High
AUD_1026,Reading,150,3,25.93,144,,,,,,High
AUD_1027,Spontaneous,126,14,62.02,53,,,,,,High
AUD_1028,Spontaneous,180,6,29.49,57,,,,,,High
AUD_1029,Reading,115,9,50.49,190,,,,,,High
AUD_1030,Spontaneous,107,11,87.62,182,,,,,,High
AUD_1031,Reading,132,11,33.66,89,,,,,,Medium
AUD_1032,Spontaneous,135,7,22.38,68,,,,,,High
AUD_1033,Reading,122,13,49.9,131,,,,,,High
AUD_1034,Spontaneous,153,13,60.44,174,,,,,,Medium
AUD_1035,Spontaneous,107,12,40.83,53,,,,,,Medium
AUD_1036,Spontaneous,136,6,57.92,177,,,,,,Medium
AUD_1037,Spontaneous,135,5,86.74,195,,,,,,High
AUD_1038,Spontaneous,164,12,41.82,156,,,,,,Medium
AUD_1039,Reading,173,7,41.66,142,,,,,,High
AUD_1040,Spontaneous,150,14,53.79,80,,,,,,Medium
AUD_1041,Reading,117,12,56.07,107,,,,,,High
AUD_1042,Reading,152,4,20.1,77,,,,,,Medium
AUD_1043,Reading,113,3,63.11,186,,,,,,Medium
AUD_1044,Spontaneous,177,2,89.82,139,,,,,,High
AUD_1045,Reading,164,10,40.44,98,,,,,,Medium
AUD_1046,Spontaneous,129,2,64.16,160,,,,,,Low
AUD_1047,Spontaneous,161,12,20.32,51,,,,,,Medium
AUD_1048,Spontaneous,127,5,62.3,55,,,,,,Medium
AUD_1049,Reading,97,7,51.29,78,,,,,,Medium
AUD_1050,Spontaneous,154,10,57.12,56,,,,,,High
AUD_1051,Spontaneous,126,5,58.07,83,,,,,,Medium
AUD_1052,Spontaneous,174,8,32.39,187,,,,,,Medium
AUD_1053,Reading,118,8,73.9,161,,,,,,Medium
AUD_1054,Reading,166,14,58.88,106,,,,,,High
AUD_1055,Reading,151,7,38.91,76,,,,,,High
AUD_1056,Reading,167,10,85.62,88,,,,,,High
AUD_1057,Spontaneous,116,12,20.89,199,,,,,,Medium
AUD_1058,Reading,132,11,70.82,168,,,,,,Medium
AUD_1059,Spontaneous,164,8,46.69,196,,,,,,Medium
AUD_1060,Reading,148,4,56.58,149,,,,,,High
AUD_1061,Spontaneous,122,7,40.41,58,,,,,,Medium
AUD_1062,Reading,136,8,42.49,196,,,,,,Low
AUD_1063,Reading,180,13,21.06,51,,,,,,Medium
AUD_1064,Reading,157,8,71.09,141,,,,,,Medium
AUD_1065,Spontaneous,145,14,69.76,108,,,,,,Medium
AUD_1066,Spontaneous,165,7,65.81,120,,,,,,Medium
AUD_1067,Reading,130,4,81.46,119,,,,,,Medium
AUD_1068,Reading,176,7,83.09,74,,,,,,Medium
AUD_1069,Reading,140,3,58.95,119,,,,,,High
AUD_1070,Reading,119,11,67.94,195,,,,,,Medium
AUD_1071,Reading,98,14,20.77,112,,,,,,High
AUD_1072,Reading,124,2,79.24,98,,,,,,High
AUD_1073,Spontaneous,141,9,77.15,172,,,,,,High
AUD_1074,Spontaneous,153,4,21.42,173,,,,,,High
AUD_1075,Spontaneous,169,9,58.0,89,,,,,,Low
AUD_1076,Spontaneous,175,4,83.47,134,,,,,,High
AUD_1077,Spontaneous,99,3,32.7,136,,,,,,High
AUD_1078,Spontaneous,144,13,44.69,129,,,,,,Medium
AUD_1079,Reading,150,9,43.17,53,,,,,,High
AUD_1080,Reading,105,4,44.92,83,,,,,,Medium
AUD_1081,Reading,139,9,22.93,54,,,,,,Medium
AUD_1082,Reading,120,3,39.53,199,,,,,,Medium
AUD_1083,Reading,97,5,40.64,197,,,,,,Medium
AUD_1084,Spontaneous,96,10,80.61,152,,,,,,Medium
AUD_1085,Spontaneous,158,2,44.65,83,,,,,,High
AUD_1086,Spontaneous,145,3,51.31,55,,,,,,Medium
AUD_1087,Spontaneous,154,3,46.65,78,,,,,,High
AUD_1088,Spontaneous,152,10,28.45,102,,,,,,High
AUD_1089,Reading,102,11,89.32,50,,,,,,High
AUD_1090,Spontaneous,104,6,77.81,108,,,,,,High
AUD_1091,Spontaneous,113,12,57.86,56,,,,,,Medium
AUD_1092,Spontaneous,126,14,53.35,127,,,,,,Medium
AUD_1093,Reading,175,5,65.45,100,,,,,,Medium
AUD_1094,Reading,151,11,42.85,196,,,,,,Medium
AUD_1095,Reading,113,11,23.52,76,,,,,,Medium
AUD_1096,Reading,95,5,48.3,112,,,,,,Low
AUD_1097,Reading,152,8,88.88,110,,,,,,High
AUD_1098,Reading,146,4,32.76,110,,,,,,Medium
AUD_1099,Spontaneous,151,10,56.94,175,,,,,,Medium
AUD_1100,Spontaneous,114,6,20.6,94,,,,,,High
AUD_1101,Spontaneous,137,12,28.54,198,,,,,,Medium
AUD_1102,Reading,123,10,61.1,178,,,,,,Low
AUD_1103,Reading,164,2,40.82,144,,,,,,High
AUD_1104,Reading,96,11,83.4,140,,,,,,High
AUD_1105,Reading,115,13,48.43,93,,,,,,High
AUD_1106,Spontaneous,144,9,34.56,111,,,,,,Medium
AUD_1107,Reading,108,3,58.19,110,,,,,,High
AUD_1108,Reading,151,9,75.65,128,,,,,,Medium
AUD_1109,Reading,102,5,21.36,138,,,,,,High
AUD_1110,Reading,92,3,55.39,161,,,,,,Medium
AUD_1111,Reading,168,14,74.14,160,,,,,,Medium
AUD_1112,Spontaneous,120,3,27.25,99,,,,,,Medium
AUD_1113,Reading,104,14,83.2,90,,,,,,Medium
AUD_1114,Reading,106,7,38.52,82,,,,,,Medium
AUD_1115,Spontaneous,170,4,31.94,61,,,,,,High
AUD_1116,Reading,149,12,61.25,51,,,,,,Medium
AUD_1117,Reading,176,11,32.25,156,,,,,,High
AUD_1118,Spontaneous,162,4,67.58,198,,,,,,High
AUD_1119,Spontaneous,159,10,54.31,191,,,,,,High
AUD_1120,Spontaneous,135,6,27.7,83,,,,,,High
AUD_1121,Spontaneous,164,8,83.87,134,,,,,,Medium
AUD_1122,Spontaneous,127,13,67.12,134,,,,,,Medium
AUD_1123,Spontaneous,164,6,58.22,99,,,,,,High
AUD_1124,Spontaneous,158,3,46.2,191,,,,,,Medium
AUD_1125,Spontaneous,151,12,29.44,155,,,,,,High
AUD_1126,Spontaneous,120,12,69.53,95,,,,,,Medium
AUD_1127,Spontaneous,147,9,76.96,167,,,,,,High
AUD_1128,Reading,136,10,28.81,54,,,,,,High
AUD_1129,Spontaneous,132,12,54.62,115,,,,,,High
AUD_1130,Spontaneous,179,3,53.94,199,,,,,,High
AUD_1131,Spontaneous,135,3,44.49,119,,,,,,Medium
AUD_1132,Spontaneous,93,5,75.25,157,,,,,,Medium
AUD_1133,Spontaneous,146,14,26.97,51,,,,,,High
AUD_1134,Reading,156,9,34.35,78,,,,,,Medium
AUD_1135,Reading,170,6,20.11,110,,,,,,High
AUD_1136,Reading,147,6,46.11,149,,,,,,Medium
AUD_1137,Spontaneous,92,8,40.38,177,,,,,,Medium
AUD_1138,Spontaneous,101,13,80.69,193,,,,,,Medium
AUD_1139,Reading,105,5,72.21,146,,,,,,High
AUD_1140,Spontaneous,109,13,25.91,146,,,,,,Low
AUD_1141,Spontaneous,162,10,71.87,63,,,,,,High
AUD_1142,Reading,118,5,67.28,92,,,,,,High
AUD_1143,Spontaneous,118,9,39.72,119,,,,,,High
AUD_1144,Spontaneous,158,4,21.08,104,,,,,,Medium
AUD_1145,Spontaneous,127,7,28.06,80,,,,,,Low
AUD_1146,Spontaneous,96,2,37.5,125,,,,,,Medium
AUD_1147,Spontaneous,143,8,77.16,101,,,,,,High
AUD_1148,Spontaneous,102,12,52.57,177,,,,,,Medium
AUD_1149,Spontaneous,141,8,84.29,56,,,,,,High
AUD_1150,Reading,160,14,75.24,149,,,,,,High
AUD_1151,Reading,174,3,40.1,185,,,,,,High
AUD_1152,Spontaneous,96,6,79.18,182,,,,,,Medium
AUD_1153,Spontaneous,117,5,28.17,110,,,,,,Low
AUD_1154,Reading,149,11,22.53,153,,,,,,Medium
AUD_1155,Reading,118,14,62.6,56,,,,,,High
AUD_1156,Reading,131,10,43.92,132,,,,,,Medium
AUD_1157,Reading,92,13,43.06,144,,,,,,Medium
AUD_1158,Reading,152,14,68.1,76,,,,,,Medium
AUD_1159,Reading,170,3,79.51,173,,,,,,Medium
AUD_1160,Reading,178,4,42.55,136,,,,,,Low
AUD_1161,Spontaneous,165,14,42.75,197,,,,,,High
AUD_1162,Reading,93,2,57.37,119,,,,,,Medium
AUD_1163,Reading,149,11,65.72,163,,,,,,Medium
AUD_1164,Reading,135,6,34.2,125,,,,,,High
AUD_1165,Spontaneous,174,4,83.89,163,,,,,,Medium
AUD_1166,Spontaneous,171,13,65.81,52,,,,,,Medium
AUD_1167,Spontaneous,179,5,63.76,148,,,,,,High
AUD_1168,Reading,168,5,83.29,173,,,,,,High
AUD_1169,Reading,139,7,83.51,94,,,,,,Medium
AUD_1170,Reading,154,11,29.49,175,,,,,,Medium
AUD_1171,Spontaneous,177,8,30.16,117,,,,,,Low
AUD_1172,Spontaneous,142,8,73.34,80,,,,,,High
AUD_1173,Spontaneous,166,12,86.98,155,,,,,,High
AUD_1174,Spontaneous,175,9,66.66,87,,,,,,High
AUD_1175,Spontaneous,141,4,48.79,183,,,,,,High
AUD_1176,Spontaneous,104,6,67.84,57,,,,,,Medium
AUD_1177,Reading,104,13,36.02,77,,,,,,High
AUD_1178,Spontaneous,100,11,89.86,64,,,,,,Medium
AUD_1179,Spontaneous,133,7,50.18,57,,,,,,Medium
AUD_1180,Spontaneous,133,13,85.22,103,,,,,,Medium
AUD_1181,Spontaneous,146,7,50.16,183,,,,,,Medium
AUD_1182,Reading,133,13,84.97,78,,,,,,Medium
AUD_1183,Reading,178,9,43.5,164,,,,,,High
AUD_1184,Spontaneous,116,14,73.24,83,,,,,,High
AUD_1185,Reading,169,6,86.57,56,,,,,,Medium
AUD_1186,Reading,99,6,65.22,89,,,,,,High
AUD_1187,Reading,144,2,67.43,123,,,,,,High
AUD_1188,Reading,148,2,27.2,190,,,,,,High
AUD_1189,Reading,160,7,53.2,111,,,,,,Medium
AUD_1190,Reading,135,11,82.07,135,,,,,,Medium
AUD_1191,Reading,108,11,36.86,165,,,,,,High
AUD_1192,Spontaneous,123,6,75.19,114,,,,,,High
AUD_1193,Reading,114,12,67.3,90,,,,,,High
AUD_1194,Spontaneous,128,11,35.61,172,,,,,,High
AUD_1195,Reading,138,7,39.8,165,,,,,,High
AUD_1196,Reading,146,10,49.93,115,,,,,,Medium
AUD_1197,Reading,166,9,28.76,165,,,,,,High
AUD_1198,Spontaneous,172,8,83.94,188,,,,,,Medium
AUD_1199,Reading,132,8,71.76,150,,,,,,High
AUD_1200,Spontaneous,98,7,45.55,99,,,,,,Medium
AUD_1201,Reading,162,7,40.98,120,,,,,,Medium
AUD_1202,Reading,133,2,68.27,129,,,,,,Medium
AUD_1203,Spontaneous,139,13,49.7,128,,,,,,High
AUD_1204,Reading,144,8,36.05,69,,,,,,Medium
AUD_1205,Reading,150,6,50.11,172,,,,,,High
AUD_1206,Reading,170,8,80.99,86,,,,,,High
AUD_1207,Spontaneous,176,7,24.8,52,,,,,,High
AUD_1208,Reading,175,9,45.79,142,,,,,,High
AUD_1209,Reading,163,4,87.36,150,,,,,,High
AUD_1210,Reading,170,9,21.04,81,,,,,,High
AUD_1211,Spontaneous,94,14,82.34,97,,,,,,High
AUD_1212,Reading,166,8,46.24,95,,,,,,High
AUD_1213,Spontaneous,96,2,33.27,163,,,,,,High
AUD_1214,Reading,157,4,21.05,144,,,,,,High
AUD_1215,Reading,105,11,24.94,96,,,,,,High
AUD_1216,Spontaneous,122,5,32.03,89,,,,,,High
AUD_1217,Spontaneous,107,10,21.78,180,,,,,,High
AUD_1218,Spontaneous,130,13,43.51,165,,,,,,High
AUD_1219,Spontaneous,127,7,23.14,140,,,,,,High
AUD_1220,Spontaneous,94,8,68.46,107,,,,,,High
AUD_1221,Reading,165,6,77.32,59,,,,,,High
AUD_1222,Reading,167,4,82.12,110,,,,,,High
AUD_1223,Spontaneous,161,6,58.44,160,,,,,,High
AUD_1224,Reading,166,13,86.26,170,,,,,,Low
AUD_1225,Reading,158,8,20.4,110,,,,,,High
AUD_1226,Spontaneous,174,10,29.38,55,,,,,,High
AUD_1227,Spontaneous,142,13,40.52,124,,,,,,Medium
AUD_1228,Spontaneous,142,10,75.23,164,,,,,,High
AUD_1229,Reading,167,13,81.98,80,,,,,,Medium
AUD_1230,Spontaneous,121,9,63.27,172,,,,,,Medium
AUD_1231,Reading,95,6,46.83,116,,,,,,High
AUD_1232,Spontaneous,157,8,66.61,62,,,,,,Medium
AUD_1233,Spontaneous,113,5,32.66,108,,,,,,High
AUD_1234,Spontaneous,133,11,52.05,103,,,,,,High
AUD_1235,Spontaneous,112,6,55.53,153,,,,,,Medium
AUD_1236,Reading,164,13,27.34,70,,,,,,High
AUD_1237,Reading,176,5,22.37,92,,,,,,Medium
AUD_1238,Reading,95,4,72.51,60,,,,,,High
AUD_1239,Spontaneous,111,14,57.43,158,,,,,,High
AUD_1240,Reading,107,12,43.26,116,,,,,,High
AUD_1241,Reading,151,14,50.61,144,,,,,,Medium
AUD_1242,Reading,129,2,87.04,155,,,,,,Medium
AUD_1243,Spontaneous,131,14,46.94,100,,,,,,High
AUD_1244,Reading,104,6,27.24,95,,,,,,High
AUD_1245,Spontaneous,127,13,52.45,92,,,,,,High
AUD_1246,Spontaneous,117,3,65.36,76,,,,,,Medium
AUD_1247,Reading,145,7,20.85,134,,,,,,Medium
AUD_1248,Reading,110,6,43.26,143,,,,,,Medium
AUD_1249,Spontaneous,145,12,47.55,176,,,,,,High
AUD_1250,Spontaneous,124,3,52.46,59,,,,,,High
AUD_1251,Spontaneous,121,9,41.12,180,,,,,,High
AUD_1252,Reading,118,6,66.68,109,,,,,,Medium
AUD_1253,Spontaneous,151,3,86.13,76,,,,,,Medium
AUD_1254,Spontaneous,141,2,83.98,172,,,,,,High
AUD_1255,Spontaneous,167,3,66.51,111,,,,,,Medium
AUD_1256,Reading,112,2,55.48,95,,,,,,Medium
AUD_1257,Spontaneous,94,11,77.81,175,,,,,,Medium
AUD_1258,Spontaneous,106,11,78.52,112,,,,,,High
AUD_1259,Spontaneous,121,4,78.07,53,,,,,,High
AUD_1260,Spontaneous,106,4,31.05,65,,,,,,High
AUD_1261,Spontaneous,98,13,21.78,123,,,,,,Medium
AUD_1262,Reading,130,11,88.82,161,,,,,,Medium
AUD_1263,Reading,151,2,87.18,150,,,,,,Medium
AUD_1264,Spontaneous,158,8,59.51,94,,,,,,Medium
AUD_1265,Spontaneous,126,11,89.51,180,,,,,,High
AUD_1266,Spontaneous,133,8,73.94,66,,,,,,Medium
AUD_1267,Spontaneous,158,14,56.22,54,,,,,,High
AUD_1268,Spontaneous,122,10,47.25,93,,,,,,High
AUD_1269,Spontaneous,161,6,61.5,70,,,,,,Medium
AUD_1270,Reading,177,5,56.11,117,,,,,,High
AUD_1271,Spontaneous,169,6,89.57,81,,,,,,Medium
AUD_1272,Spontaneous,131,9,54.33,73,,,,,,High
AUD_1273,Reading,142,9,78.51,195,,,,,,High
AUD_1274,Reading,154,13,76.95,116,,,,,,Medium
AUD_1275,Reading,121,5,25.0,152,,,,,,High
AUD_1276,Reading,162,13,26.09,103,,,,,,High
AUD_1277,Spontaneous,129,9,66.19,174,,,,,,Medium
AUD_1278,Reading,166,14,38.14,166,,,,,,Medium
AUD_1279,Reading,113,5,66.03,114,,,,,,High
AUD_1280,Reading,91,5,30.12,163,,,,,,High
AUD_1281,Spontaneous,147,12,47.79,125,,,,,,Low
AUD_1282,Spontaneous,131,9,27.17,66,,,,,,High
AUD_1283,Spontaneous,95,3,39.75,198,,,,,,Low
AUD_1284,Reading,134,5,26.18,157,,,,,,Medium
AUD_1285,Spontaneous,105,2,87.94,77,,,,,,High
AUD_1286,Reading,147,2,47.65,93,,,,,,High
AUD_1287,Reading,130,12,83.08,143,,,,,,Medium
AUD_1288,Reading,105,14,87.98,71,,,,,,High
AUD_1289,Reading,127,14,83.67,87,,,,,,Medium
AUD_1290,Spontaneous,111,14,51.85,63,,,,,,Medium
AUD_1291,Spontaneous,149,9,74.52,160,,,,,,Medium
AUD_1292,Spontaneous,117,5,30.76,171,,,,,,Medium
AUD_1293,Spontaneous,164,7,26.64,103,,,,,,High
AUD_1294,Reading,91,6,81.38,190,,,,,,Low
AUD_1295,Reading,126,14,22.18,176,,,,,,High
AUD_1296,Reading,146,11,88.06,68,,,,,,High
AUD_1297,Reading,92,7,67.05,91,,,,,,High
AUD_1298,Reading,109,5,49.37,90,,,,,,High
AUD_1299,Spontaneous,119,5,29.9,99,,,,,,Medium
AUD_1300,Spontaneous,92,8,70.63,180,,,,,,High
AUD_1301,Reading,139,2,59.42,125,,,,,,High
AUD_1302,Reading,147,10,69.78,192,,,,,,Medium
AUD_1303,Spontaneous,110,11,49.25,148,,,,,,Medium
AUD_1304,Spontaneous,139,4,24.64,99,,,,,,High
AUD_1305,Reading,180,5,42.05,194,,,,,,Medium
AUD_1306,Spontaneous,170,10,42.05,195,,,,,,Medium
AUD_1307,Spontaneous,95,6,20.61,91,,,,,,Medium
AUD_1308,Reading,102,13,20.67,194,,,,,,Medium
AUD_1309,Reading,134,5,43.15,65,,,,,,Medium
AUD_1310,Spontaneous,112,13,70.93,134,,,,,,High
AUD_1311,Spontaneous,97,7,63.68,101,,,,,,Medium
AUD_1312,Reading,113,2,36.73,85,,,,,,Medium
AUD_1313,Spontaneous,96,11,62.19,156,,,,,,Medium
AUD_1314,Spontaneous,138,2,65.32,130,,,,,,Medium
AUD_1315,Spontaneous,134,6,56.58,164,,,,,,High
AUD_1316,Reading,91,6,56.49,91,,,,,,Medium
AUD_1317,Spontaneous,133,12,45.88,198,,,,,,Medium
AUD_1318,Spontaneous,137,10,28.64,117,,,,,,Medium
AUD_1319,Reading,145,2,46.98,173,,,,,,Medium
AUD_1320,Reading,177,4,44.17,79,,,,,,High
AUD_1321,Spontaneous,178,4,61.44,82,,,,,,High
AUD_1322,Reading,137,5,79.94,152,,,,,,Medium
AUD_1323,Reading,166,13,46.28,102,,,,,,Low
AUD_1324,Spontaneous,98,14,69.68,193,,,,,,Medium
AUD_1325,Reading,138,8,76.83,182,,,,,,Medium
AUD_1326,Spontaneous,151,8,34.82,155,,,,,,Medium
AUD_1327,Spontaneous,141,11,83.12,126,,,,,,Medium
AUD_1328,Reading,111,6,24.93,143,,,,,,High
AUD_1329,Spontaneous,96,10,83.12,109,,,,,,High
AUD_1330,Spontaneous,125,8,31.45,160,,,,,,Medium
AUD_1331,Spontaneous,148,3,43.6,104,,,,,,High
AUD_1332,Spontaneous,179,13,62.37,140,,,,,,Medium
AUD_1333,Spontaneous,111,4,83.4,91,,,,,,High
AUD_1334,Reading,173,12,37.9,118,,,,,,High
AUD_1335,Reading,96,8,73.45,73,,,,,,High
AUD_1336,Spontaneous,174,6,69.73,167,,,,,,High
AUD_1337,Spontaneous,165,8,31.18,191,,,,,,High
AUD_1338,Reading,92,10,53.56,104,,,,,,High
AUD_1339,Spontaneous,117,10,53.71,64,,,,,,High
AUD_1340,Spontaneous,95,4,41.32,54,,,,,,Medium
AUD_1341,Spontaneous,180,9,74.59,150,,,,,,Medium
AUD_1342,Reading,129,14,84.82,181,,,,,,Medium
AUD_1343,Spontaneous,150,7,70.16,79,,,,,,Medium
AUD_1344,Reading,111,14,88.11,102,,,,,,Medium
AUD_1345,Spontaneous,174,5,23.53,122,,,,,,Medium
AUD_1346,Spontaneous,115,5,22.61,79,,,,,,High
AUD_1347,Reading,113,5,82.57,153,,,,,,High
AUD_1348,Reading,118,8,82.85,154,,,,,,High
AUD_1349,Spontaneous,132,7,27.5,157,,,,,,Medium
AUD_1350,Spontaneous,92,3,45.02,133,,,,,,High
AUD_1351,Spontaneous,144,6,78.48,141,,,,,,High
AUD_1352,Reading,93,6,29.0,120,,,,,,High
AUD_1353,Spontaneous,139,7,38.72,117,,,,,,Medium
AUD_1354,Reading,131,8,67.67,104,,,,,,Medium
AUD_1355,Spontaneous,112,13,88.73,148,,,,,,High
AUD_1356,Spontaneous,120,12,75.8,146,,,,,,Medium
AUD_1357,Spontaneous,154,9,74.41,120,,,,,,High
AUD_1358,Spontaneous,91,13,43.99,122,,,,,,High
AUD_1359,Spontaneous,118,11,66.29,126,,,,,,Medium
AUD_1360,Spontaneous,151,9,27.92,157,,,,,,Medium
AUD_1361,Spontaneous,104,12,89.46,139,,,,,,Medium
AUD_1362,Reading,140,6,53.64,148,,,,,,Medium
AUD_1363,Spontaneous,105,3,64.72,52,,,,,,Low
AUD_1364,Spontaneous,104,11,81.33,168,,,,,,Medium
AUD_1365,Spontaneous,160,9,20.07,199,,,,,,High
AUD_1366,Spontaneous,114,7,88.32,160,,,,,,Medium
AUD_1367,Reading,124,4,45.14,71,,,,,,High
AUD_1368,Reading,156,5,43.77,165,,,,,,High
AUD_1369,Spontaneous,106,13,30.15,162,,,,,,High
AUD_1370,Spontaneous,138,2,80.07,73,,,,,,Medium
AUD_1371,Reading,173,4,80.96,76,,,,,,Medium
AUD_1372,Reading,140,5,21.4,85,,,,,,High
AUD_1373,Reading,94,3,23.9,156,,,,,,High
AUD_1374,Spontaneous,143,13,84.28,194,,,,,,High
AUD_1375,Reading,98,7,28.6,105,,,,,,Medium
AUD_1376,Reading,115,9,63.46,59,,,,,,High
AUD_1377,Spontaneous,166,13,63.38,103,,,,,,High
AUD_1378,Spontaneous,91,7,80.88,130,,,,,,High
AUD_1379,Spontaneous,97,11,60.09,157,,,,,,Medium
AUD_1380,Reading,123,4,50.38,130,,,,,,High
AUD_1381,Reading,180,10,88.21,176,,,,,,Medium
AUD_1382,Reading,116,5,36.02,147,,,,,,Medium
AUD_1383,Reading,104,7,38.39,181,,,,,,Medium
AUD_1384,Spontaneous,139,5,25.93,110,,,,,,Medium
AUD_1385,Reading,137,5,88.27,198,,,,,,High
AUD_1386,Spontaneous,130,12,69.45,85,,,,,,Low
AUD_1387,Reading,175,3,20.85,151,,,,,,High
AUD_1388,Reading,115,11,69.3,95,,,,,,Medium
AUD_1389,Reading,116,3,48.29,144,,,,,,Medium
AUD_1390,Spontaneous,103,3,87.73,120,,,,,,High
AUD_1391,Reading,153,3,39.42,93,,,,,,Medium
AUD_1392,Spontaneous,119,9,69.72,113,,,,,,High
AUD_1393,Spontaneous,162,11,63.92,195,,,,,,Medium
AUD_1394,Spontaneous,177,5,20.84,62,,,,,,Medium
AUD_1395,Spontaneous,94,5,81.97,62,,,,,,High
AUD_1396,Reading,179,11,29.77,74,,,,,,Medium
AUD_1397,Reading,113,11,66.45,54,,,,,,High
AUD_1398,Spontaneous,128,12,74.29,177,,,,,,Medium
AUD_1399,Spontaneous,160,4,64.16,88,,,,,,Medium
AUD_1400,Reading,150,6,26.8,157,,,,,,Medium
AUD_1401,Reading,160,5,88.26,187,,,,,,High
AUD_1402,Spontaneous,132,8,36.58,74,,,,,,High
AUD_1403,Reading,172,11,63.95,123,,,,,,High
AUD_1404,Reading,161,8,75.8,88,,,,,,Medium
AUD_1405,Reading,118,7,85.75,65,,,,,,High
AUD_1406,Spontaneous,175,8,62.28,81,,,,,,Medium
AUD_1407,Spontaneous,176,13,38.13,112,,,,,,High
AUD_1408,Spontaneous,127,8,78.56,142,,,,,,Medium
AUD_1409,Spontaneous,149,14,31.43,94,,,,,,High
AUD_1410,Spontaneous,163,9,21.56,102,,,,,,Medium
AUD_1411,Reading,164,12,83.57,99,,,,,,Medium
AUD_1412,Reading,91,14,60.28,75,,,,,,Medium
AUD_1413,Reading,147,2,24.87,180,,,,,,High
AUD_1414,Spontaneous,178,4,60.58,139,,,,,,Medium
AUD_1415,Reading,111,13,30.15,88,,,,,,High
AUD_1416,Spontaneous,162,4,22.2,102,,,,,,Medium
AUD_1417,Spontaneous,138,6,28.16,71,,,,,,High
AUD_1418,Spontaneous,110,11,74.26,183,,,,,,High
AUD_1419,Spontaneous,95,14,72.9,101,,,,,,Medium
AUD_1420,Spontaneous,158,14,62.3,124,,,,,,High
AUD_1421,Spontaneous,118,8,34.65,122,,,,,,Medium
AUD_1422,Reading,124,11,71.73,78,,,,,,Medium
AUD_1423,Spontaneous,134,7,48.56,171,,,,,,High
AUD_1424,Reading,136,5,55.75,135,,,,,,High
AUD_1425,Spontaneous,109,7,82.83,95,,,,,,High
AUD_1426,Reading,150,8,52.05,53,,,,,,High
AUD_1427,Spontaneous,152,5,63.85,51,,,,,,High
AUD_1428,Spontaneous,103,12,87.32,182,,,,,,Medium
AUD_1429,Reading,138,9,51.6,95,,,,,,High
AUD_1430,Spontaneous,145,6,59.25,128,,,,,,High
AUD_1431,Spontaneous,107,4,60.91,196,,,,,,Medium
AUD_1432,Reading,170,3,36.85,108,,,,,,High
AUD_1433,Reading,133,2,71.58,121,,,,,,Medium
AUD_1434,Spontaneous,100,5,70.86,69,,,,,,High
AUD_1435,Reading,120,3,34.95,102,,,,,,Medium
AUD_1436,Reading,133,13,20.93,156,,,,,,High
AUD_1437,Spontaneous,91,4,89.93,104,,,,,,High
AUD_1438,Reading,93,2,60.71,170,,,,,,Medium
AUD_1439,Spontaneous,95,14,32.67,64,,,,,,High
AUD_1440,Reading,138,7,39.85,50,,,,,,Medium
AUD_1441,Spontaneous,120,5,63.25,144,,,,,,Medium
AUD_1442,Spontaneous,170,6,29.63,186,,,,,,Medium
AUD_1443,Spontaneous,140,9,22.61,67,,,,,,Medium
AUD_1444,Reading,158,12,75.89,154,,,,,,Medium
AUD_1445,Spontaneous,152,5,70.11,114,,,,,,High
AUD_1446,Reading,137,7,41.67,126,,,,,,High
AUD_1447,Spontaneous,157,4,24.09,165,,,,,,Medium
AUD_1448,Spontaneous,139,9,54.04,118,,,,,,Medium
AUD_1449,Spontaneous,125,14,39.33,191,,,,,,Medium
AUD_1450,Reading,129,4,47.84,124,,,,,,Medium
AUD_1451,Spontaneous,165,8,39.18,100,,,,,,High
AUD_1452,Spontaneous,141,8,32.27,64,,,,,,Medium
AUD_1453,Reading,124,4,47.09,118,,,,,,High
AUD_1454,Spontaneous,106,4,87.54,64,,,,,,Medium
AUD_1455,Spontaneous,135,11,38.64,79,,,,,,Medium
AUD_1456,Reading,113,11,43.52,127,,,,,,Low
AUD_1457,Reading,176,13,43.05,84,,,,,,Low
AUD_1458,Reading,134,12,53.62,118,,,,,,High
AUD_1459,Spontaneous,91,9,79.05,189,,,,,,High
AUD_1460,Reading,98,12,48.15,95,,,,,,High
AUD_1461,Spontaneous,116,4,76.43,175,,,,,,Medium
AUD_1462,Spontaneous,98,3,28.05,134,,,,,,Medium
AUD_1463,Reading,170,6,82.64,97,,,,,,Medium
AUD_1464,Reading,167,12,32.97,116,,,,,,High
AUD_1465,Spontaneous,177,8,22.74,138,,,,,,Medium
AUD_1466,Reading,154,9,31.08,101,,,,,,High
AUD_1467,Reading,148,2,33.35,71,,,,,,Medium
AUD_1468,Spontaneous,173,13,55.6,148,,,,,,Medium
AUD_1469,Reading,175,3,51.5,180,,,,,,Low
AUD_1470,Reading,169,14,70.11,137,,,,,,Medium
AUD_1471,Reading,168,8,23.57,185,,,,,,High
AUD_1472,Spontaneous,150,10,54.84,167,,,,,,Medium
AUD_1473,Reading,90,4,43.27,88,,,,,,High
AUD_1474,Reading,129,9,64.15,67,,,,,,High
AUD_1475,Spontaneous,147,11,23.06,154,,,,,,High
AUD_1476,Spontaneous,139,4,22.45,180,,,,,,Medium
AUD_1477,Spontaneous,164,5,49.91,195,,,,,,High
AUD_1478,Spontaneous,164,3,76.79,129,,,,,,High
AUD_1479,Reading,144,10,66.98,166,,,,,,Medium
AUD_1480,Spontaneous,92,6,21.17,50,,,,,,High
AUD_1481,Spontaneous,123,6,32.49,166,,,,,,High
AUD_1482,Reading,111,5,35.87,177,,,,,,Medium
AUD_1483,Spontaneous,120,14,49.61,75,,,,,,High
AUD_1484,Spontaneous,146,6,61.07,61,,,,,,High
AUD_1485,Reading,96,13,35.15,87,,,,,,High
AUD_1486,Spontaneous,92,2,46.78,134,,,,,,Medium
AUD_1487,Spontaneous,129,11,60.88,102,,,,,,Medium
AUD_1488,Reading,161,11,46.84,62,,,,,,Medium
AUD_1489,Reading,93,13,30.02,177,,,,,,Medium
AUD_1490,Reading,166,7,54.42,125,,,,,,High
AUD_1491,Reading,125,12,42.68,62,,,,,,Medium
AUD_1492,Reading,101,5,80.49,195,,,,,,High
AUD_1493,Reading,141,13,74.29,196,,,,,,Medium
AUD_1494,Reading,176,5,33.32,196,,,,,,Medium
AUD_1495,Reading,139,13,30.68,97,,,,,,Medium
AUD_1496,Reading,152,14,44.34,120,,,,,,High
AUD_1497,Reading,163,6,48.85,141,,,,,,High
AUD_1498,Reading,162,2,85.24,196,,,,,,Medium
AUD_1499,Reading,97,5,41.11,135,,,,,,High
AUD_1500,Spontaneous,157,11,80.73,132,,,,,,Medium
AUD_1501,Reading,175,4,55.37,97,,,,,,Medium
AUD_1502,Reading,153,6,81.99,78,,,,,,Medium
AUD_1503,Reading,165,11,69.14,68,,,,,,Medium
AUD_1504,Reading,134,6,69.59,148,,,,,,Medium
AUD_1505,Reading,119,9,56.32,96,,,,,,High
AUD_1506,Spontaneous,151,2,78.82,138,,,,,,High
AUD_1507,Spontaneous,134,4,37.81,109,,,,,,High
AUD_1508,Spontaneous,171,6,83.51,197,,,,,,High
AUD_1509,Spontaneous,178,12,64.57,196,,,,,,Medium
AUD_1510,Reading,164,4,50.71,91,,,,,,Medium
AUD_1511,Spontaneous,179,7,88.75,126,,,,,,Medium
AUD_1512,Spontaneous,121,11,80.34,125,,,,,,High
AUD_1513,Reading,171,14,74.04,192,,,,,,High
AUD_1514,Spontaneous,120,4,39.17,117,,,,,,High
AUD_1515,Spontaneous,101,7,88.16,128,,,,,,Medium
AUD_1516,Reading,146,9,72.01,124,,,,,,High
AUD_1517,Reading,131,5,62.37,136,,,,,,Medium
AUD_1518,Spontaneous,173,9,84.53,64,,,,,,High
AUD_1519,Reading,134,8,31.35,139,,,,,,Low
AUD_1520,Spontaneous,173,12,29.73,56,,,,,,Medium
AUD_1521,Reading,97,12,59.46,62,,,,,,High
AUD_1522,Spontaneous,165,14,23.97,62,,,,,,Low
AUD_1523,Spontaneous,158,5,66.48,197,,,,,,Medium
AUD_1524,Spontaneous,155,4,36.85,59,,,,,,High
AUD_1525,Reading,122,6,28.33,173,,,,,,High
AUD_1526,Reading,161,6,48.66,175,,,,,,High
AUD_1527,Spontaneous,134,8,52.62,76,,,,,,High
AUD_1528,Reading,154,12,31.93,149,,,,,,Medium
AUD_1529,Reading,140,2,22.91,65,,,,,,Medium
AUD_1530,Spontaneous,104,10,48.98,108,,,,,,Medium
AUD_1531,Reading,96,3,73.17,70,,,,,,High
AUD_1532,Reading,123,10,81.19,65,,,,,,High
AUD_1533,Spontaneous,174,10,26.83,62,,,,,,High
AUD_1534,Spontaneous,138,14,56.73,82,,,,,,Low
AUD_1535,Reading,162,14,38.44,118,,,,,,Medium
AUD_1536,Reading,142,4,46.22,101,,,,,,Medium
AUD_1537,Reading,176,8,85.34,114,,,,,,High
AUD_1538,Spontaneous,123,4,44.65,93,,,,,,Medium
AUD_1539,Reading,95,9,45.57,128,,,,,,Medium
AUD_1540,Reading,160,9,34.66,65,,,,,,High
AUD_1541,Reading,153,14,87.2,67,,,,,,Medium
AUD_1542,Reading,137,4,51.95,66,,,,,,High
AUD_1543,Reading,119,6,59.93,101,,,,,,Medium
AUD_1544,Reading,107,8,51.72,105,,,,,,Medium
AUD_1545,Spontaneous,133,2,37.7,142,,,,,,High
AUD_1546,Spontaneous,150,4,76.73,58,,,,,,Medium
AUD_1547,Spontaneous,142,2,21.99,194,,,,,,Medium
AUD_1548,Reading,129,3,68.32,76,,,,,,Medium
AUD_1549,Reading,139,8,61.6,86,,,,,,Medium
AUD_1550,Spontaneous,100,8,30.1,71,,,,,,Medium
AUD_1551,Spontaneous,153,4,31.61,121,,,,,,Medium
AUD_1552,Spontaneous,156,14,66.15,148,,,,,,Medium
AUD_1553,Spontaneous,91,7,41.85,121,,,,,,Medium
AUD_1554,Spontaneous,114,14,38.6,172,,,,,,Medium
AUD_1555,Reading,98,7,24.14,140,,,,,,Medium
AUD_1556,Reading,180,3,73.65,85,,,,,,High
AUD_1557,Reading,143,14,81.79,147,,,,,,High
AUD_1558,Reading,132,10,77.39,91,,,,,,High
AUD_1559,Reading,132,14,52.62,160,,,,,,Medium
AUD_1560,Spontaneous,177,9,57.38,62,,,,,,High
AUD_1561,Spontaneous,149,3,36.96,128,,,,,,High
AUD_1562,Reading,105,13,32.1,167,,,,,,High
AUD_1563,Spontaneous,130,5,77.61,101,,,,,,Medium
AUD_1564,Reading,160,10,75.88,144,,,,,,Medium
AUD_1565,Reading,128,5,74.42,161,,,,,,High
AUD_1566,Spontaneous,118,8,52.44,107,,,,,,High
AUD_1567,Reading,179,6,80.52,136,,,,,,High
AUD_1568,Reading,174,11,84.84,52,,,,,,Medium
AUD_1569,Reading,175,7,42.98,165,,,,,,Low
AUD_1570,Spontaneous,102,2,35.73,65,,,,,,High
AUD_1571,Spontaneous,111,5,52.5,179,,,,,,High
AUD_1572,Reading,130,6,32.55,72,,,,,,High
AUD_1573,Reading,165,7,81.88,147,,,,,,Medium
AUD_1574,Spontaneous,156,7,43.66,59,,,,,,High
AUD_1575,Spontaneous,166,6,60.33,114,,,,,,Medium
AUD_1576,Spontaneous,173,4,61.63,71,,,,,,Medium
AUD_1577,Spontaneous,160,12,56.05,101,,,,,,Medium
AUD_1578,Reading,114,3,30.96,160,,,,,,High
AUD_1579,Reading,116,8,89.37,129,,,,,,Medium
AUD_1580,Reading,122,2,32.08,182,,,,,,Medium
AUD_1581,Spontaneous,117,13,72.61,102,,,,,,High
AUD_1582,Spontaneous,112,13,75.4,72,,,,,,Medium
AUD_1583,Reading,158,6,30.16,155,,,,,,High
AUD_1584,Spontaneous,93,5,85.32,140,,,,,,High
AUD_1585,Reading,156,8,54.14,168,,,,,,Medium
AUD_1586,Spontaneous,164,3,64.02,187,,,,,,Medium
AUD_1587,Reading,96,12,64.95,169,,,,,,Low
AUD_1588,Reading,96,14,55.35,142,,,,,,High
AUD_1589,Reading,116,9,29.94,111,,,,,,High
AUD_1590,Reading,109,10,72.62,131,,,,,,Medium
AUD_1591,Spontaneous,142,14,60.73,56,,,,,,Medium
AUD_1592,Reading,151,13,28.31,149,,,,,,Medium
AUD_1593,Reading,147,11,69.02,123,,,,,,Medium
AUD_1594,Reading,122,2,69.19,187,,,,,,Medium
AUD_1595,Reading,135,6,58.39,106,,,,,,Medium
AUD_1596,Spontaneous,148,5,26.34,79,,,,,,Medium
AUD_1597,Reading,101,6,44.69,52,,,,,,Medium
AUD_1598,Reading,111,10,23.56,63,,,,,,Medium
AUD_1599,Spontaneous,170,13,53.43,126,,,,,,High
AUD_1600,Reading,121,4,83.45,132,,,,,,Medium
AUD_1601,Reading,162,2,20.16,187,,,,,,Medium
AUD_1602,Reading,113,12,38.66,128,,,,,,Medium
AUD_1603,Reading,94,4,75.99,87,,,,,,Medium
AUD_1604,Spontaneous,135,5,20.69,191,,,,,,High
AUD_1605,Spontaneous,170,14,20.71,89,,,,,,Medium
AUD_1606,Spontaneous,164,14,62.76,189,,,,,,Medium
AUD_1607,Spontaneous,113,3,75.24,191,,,,,,Medium
AUD_1608,Spontaneous,172,2,74.36,178,,,,,,High
AUD_1609,Spontaneous,133,2,74.57,117,,,,,,High
AUD_1610,Reading,94,9,45.27,98,,,,,,High
AUD_1611,Reading,93,5,81.79,67,,,,,,Medium
AUD_1612,Reading,134,13,20.9,113,,,,,,High
AUD_1613,Reading,139,3,41.85,145,,,,,,High
AUD_1614,Spontaneous,97,11,43.6,77,,,,,,Medium
AUD_1615,Reading,173,4,31.59,74,,,,,,High
AUD_1616,Reading,155,9,43.54,197,,,,,,Medium
AUD_1617,Spontaneous,162,7,61.01,79,,,,,,Medium
AUD_1618,Reading,143,9,56.42,151,,,,,,High
AUD_1619,Reading,150,11,42.36,166,,,,,,Low
AUD_1620,Spontaneous,125,6,72.45,155,,,,,,Medium
AUD_1621,Reading,151,4,70.04,123,,,,,,Medium
AUD_1622,Reading,178,7,39.65,118,,,,,,High
AUD_1623,Spontaneous,148,11,42.63,57,,,,,,High
AUD_1624,Reading,121,9,40.13,172,,,,,,Low
AUD_1625,Reading,116,6,29.02,146,,,,,,Medium
AUD_1626,Reading,177,6,72.69,150,,,,,,High
AUD_1627,Reading,107,4,23.24,50,,,,,,Medium
AUD_1628,Reading,163,4,30.54,144,,,,,,Medium
AUD_1629,Spontaneous,132,14,27.37,56,,,,,,High
AUD_1630,Reading,130,13,77.77,111,,,,,,High
AUD_1631,Reading,157,9,23.08,160,,,,,,High
AUD_1632,Reading,103,12,66.52,136,,,,,,High
AUD_1633,Spontaneous,132,2,23.11,136,,,,,,High
AUD_1634,Spontaneous,93,5,75.05,172,,,,,,Medium
AUD_1635,Spontaneous,150,10,83.89,57,,,,,,Medium
AUD_1636,Reading,95,7,54.08,113,,,,,,Medium
AUD_1637,Reading,98,7,76.32,185,,,,,,Medium
AUD_1638,Reading,166,11,69.45,180,,,,,,Low
AUD_1639,Reading,130,12,75.69,176,,,,,,High
AUD_1640,Reading,108,12,73.67,176,,,,,,High
AUD_1641,Spontaneous,143,14,34.38,165,,,,,,High
AUD_1642,Reading,137,8,54.97,98,,,,,,High
AUD_1643,Reading,127,12,87.23,179,,,,,,Medium
AUD_1644,Spontaneous,171,8,44.05,176,,,,,,Medium
AUD_1645,Spontaneous,157,7,87.93,186,,,,,,Medium
AUD_1646,Spontaneous,104,10,60.82,95,,,,,,Low
AUD_1647,Spontaneous,141,9,52.31,114,,,,,,High
AUD_1648,Spontaneous,98,13,66.04,139,,,,,,High
AUD_1649,Reading,112,9,77.11,78,,,,,,High
AUD_1650,Reading,172,3,47.59,82,,,,,,Low
AUD_1651,Reading,132,8,22.31,77,,,,,,Medium
AUD_1652,Reading,170,13,69.62,144,,,,,,Medium
AUD_1653,Reading,105,2,86.93,132,,,,,,Medium
AUD_1654,Spontaneous,108,11,63.75,161,,,,,,Medium
AUD_1655,Reading,122,9,33.19,163,,,,,,Low
AUD_1656,Reading,123,14,37.38,78,,,,,,High
AUD_1657,Spontaneous,157,4,83.68,188,,,,,,High
AUD_1658,Spontaneous,144,12,20.95,151,,,,,,Medium
AUD_1659,Reading,140,14,58.41,153,,,,,,Medium
AUD_1660,Reading,144,10,31.11,97,,,,,,High
AUD_1661,Spontaneous,156,6,39.79,173,,,,,,High
AUD_1662,Reading,170,8,41.49,160,,,,,,High
AUD_1663,Spontaneous,127,8,35.35,73,,,,,,High
AUD_1664,Reading,162,10,75.46,72,,,,,,High
AUD_1665,Spontaneous,135,3,43.25,65,,,,,,Medium
AUD_1666,Spontaneous,155,5,44.18,76,,,,,,Medium
AUD_1667,Spontaneous,169,13,51.71,182,,,,,,Medium
AUD_1668,Reading,93,9,83.16,84,,,,,,Medium
AUD_1669,Spontaneous,139,6,68.17,105,,,,,,High
AUD_1670,Spontaneous,179,12,24.32,176,,,,,,Medium
AUD_1671,Reading,135,6,22.75,187,,,,,,Medium
AUD_1672,Reading,168,4,59.65,87,,,,,,High
AUD_1673,Reading,107,6,82.09,58,,,,,,Medium
AUD_1674,Spontaneous,144,14,42.63,118,,,,,,High
AUD_1675,Spontaneous,168,8,37.34,54,,,,,,Medium
AUD_1676,Spontaneous,129,5,72.37,133,,,,,,High
AUD_1677,Reading,134,9,62.15,188,,,,,,Medium
AUD_1678,Reading,97,12,59.55,109,,,,,,Medium
AUD_1679,Spontaneous,94,7,30.45,184,,,,,,Low
AUD_1680,Reading,132,7,32.32,116,,,,,,Medium
AUD_1681,Reading,166,7,39.73,118,,,,,,High
AUD_1682,Spontaneous,174,5,34.48,126,,,,,,Low
AUD_1683,Spontaneous,149,4,88.0,193,,,,,,High
AUD_1684,Reading,164,11,21.3,167,,,,,,High
AUD_1685,Spontaneous,156,7,63.82,61,,,,,,High
AUD_1686,Reading,153,7,56.23,76,,,,,,Medium
AUD_1687,Reading,159,3,42.63,134,,,,,,Medium
AUD_1688,Spontaneous,135,11,82.13,157,,,,,,High
AUD_1689,Spontaneous,131,10,66.91,104,,,,,,High
AUD_1690,Reading,104,5,89.88,101,,,,,,High
AUD_1691,Reading,166,5,31.81,86,,,,,,High
AUD_1692,Spontaneous,94,11,26.15,162,,,,,,High
AUD_1693,Reading,114,14,29.76,169,,,,,,Medium
AUD_1694,Reading,137,13,38.85,64,,,,,,Medium
AUD_1695,Reading,177,12,49.18,133,,,,,,High
AUD_1696,Reading,161,13,80.38,132,,,,,,Medium
AUD_1697,Reading,123,13,39.85,114,,,,,,High
AUD_1698,Spontaneous,154,9,84.07,52,,,,,,Medium
AUD_1699,Reading,174,4,52.4,154,,,,,,High
AUD_1700,Reading,138,11,65.29,182,,,,,,Medium
AUD_1701,Spontaneous,132,8,38.51,186,,,,,,Medium
AUD_1702,Spontaneous,140,8,30.92,178,,,,,,Medium
AUD_1703,Spontaneous,118,3,80.86,79,,,,,,High
AUD_1704,Reading,172,4,27.67,120,,,,,,High
AUD_1705,Reading,162,13,74.18,197,,,,,,High
AUD_1706,Spontaneous,153,5,60.67,142,,,,,,High
AUD_1707,Spontaneous,143,3,80.28,76,,,,,,High
AUD_1708,Spontaneous,177,10,70.25,112,,,,,,High
AUD_1709,Spontaneous,117,11,39.72,130,,,,,,Medium
AUD_1710,Spontaneous,115,12,60.21,80,,,,,,High
AUD_1711,Reading,112,7,20.92,196,,,,,,High
AUD_1712,Spontaneous,157,2,53.27,163,,,,,,Medium
AUD_1713,Reading,162,2,26.02,151,,,,,,Medium
AUD_1714,Reading,144,9,50.03,142,,,,,,Medium
AUD_1715,Spontaneous,149,12,27.67,184,,,,,,Medium
AUD_1716,Spontaneous,121,7,86.88,120,,,,,,Medium
AUD_1717,Spontaneous,94,14,56.61,135,,,,,,High
AUD_1718,Spontaneous,113,11,83.93,185,,,,,,Medium
AUD_1719,Spontaneous,143,13,21.57,77,,,,,,High
AUD_1720,Reading,163,8,64.64,131,,,,,,High
AUD_1721,Spontaneous,160,7,41.49,144,,,,,,High
AUD_1722,Spontaneous,106,3,50.23,66,,,,,,High
AUD_1723,Reading,95,4,81.12,188,,,,,,High
AUD_1724,Spontaneous,167,9,88.6,192,,,,,,Medium
AUD_1725,Spontaneous,97,5,37.25,144,,,,,,Medium
AUD_1726,Spontaneous,125,14,86.38,170,,,,,,High
AUD_1727,Reading,98,9,68.21,55,,,,,,Medium
AUD_1728,Spontaneous,141,4,86.6,61,,,,,,High
AUD_1729,Spontaneous,123,3,59.37,136,,,,,,Medium
AUD_1730,Spontaneous,108,8,87.25,152,,,,,,Medium
AUD_1731,Spontaneous,144,2,82.47,153,,,,,,Medium
AUD_1732,Reading,123,12,29.0,84,,,,,,High
AUD_1733,Spontaneous,105,4,41.76,116,,,,,,Medium
AUD_1734,Reading,153,3,37.01,155,,,,,,High
AUD_1735,Spontaneous,165,6,60.05,141,,,,,,High
AUD_1736,Spontaneous,115,3,76.2,112,,,,,,Medium
AUD_1737,Spontaneous,107,11,73.16,132,,,,,,Medium
AUD_1738,Reading,97,6,70.87,131,,,,,,Medium
AUD_1739,Spontaneous,138,14,46.27,80,,,,,,High
AUD_1740,Spontaneous,165,4,29.77,86,,,,,,High
AUD_1741,Reading,113,10,34.74,182,,,,,,Medium
AUD_1742,Spontaneous,131,11,71.92,164,,,,,,High
AUD_1743,Spontaneous,104,10,30.33,170,,,,,,High
AUD_1744,Spontaneous,126,9,35.61,181,,,,,,Medium
AUD_1745,Spontaneous,91,14,49.72,167,,,,,,Medium
AUD_1746,Reading,172,6,25.05,87,,,,,,High
AUD_1747,Reading,151,11,34.89,159,,,,,,Medium
AUD_1748,Reading,120,12,30.48,196,,,,,,Medium
AUD_1749,Spontaneous,169,8,86.59,75,,,,,,Medium
AUD_1750,Spontaneous,106,3,33.41,176,,,,,,High
AUD_1751,Spontaneous,97,4,80.32,101,,,,,,Medium
AUD_1752,Spontaneous,175,13,28.04,167,,,,,,High
AUD_1753,Reading,118,12,80.88,110,,,,,,Low
AUD_1754,Spontaneous,174,3,61.96,199,,,,,,High
AUD_1755,Reading,147,11,79.48,194,,,,,,High
AUD_1756,Spontaneous,178,12,80.71,188,,,,,,Medium
AUD_1757,Spontaneous,158,2,61.75,160,,,,,,Medium
AUD_1758,Reading,99,4,84.24,98,,,,,,High
AUD_1759,Spontaneous,167,5,60.98,156,,,,,,Low
AUD_1760,Reading,103,13,69.88,142,,,,,,High
AUD_1761,Reading,152,10,49.13,173,,,,,,Medium
AUD_1762,Spontaneous,135,13,83.98,110,,,,,,Medium
AUD_1763,Reading,154,3,77.69,189,,,,,,High
AUD_1764,Reading,159,10,31.67,190,,,,,,Medium
AUD_1765,Spontaneous,162,2,60.35,107,,,,,,Medium
AUD_1766,Reading,165,10,82.78,60,,,,,,Medium
AUD_1767,Reading,166,7,75.51,188,,,,,,High
AUD_1768,Spontaneous,127,9,87.38,171,,,,,,Medium
AUD_1769,Reading,170,4,36.19,154,,,,,,High
AUD_1770,Spontaneous,155,9,45.72,85,,,,,,High
AUD_1771,Reading,166,12,55.5,179,,,,,,Medium
AUD_1772,Spontaneous,179,10,36.29,136,,,,,,Medium
AUD_1773,Spontaneous,100,8,47.58,110,,,,,,High
AUD_1774,Spontaneous,123,5,57.63,127,,,,,,Medium
AUD_1775,Spontaneous,163,7,33.39,98,,,,,,High
AUD_1776,Spontaneous,98,7,37.97,189,,,,,,Medium
AUD_1777,Reading,139,3,28.74,55,,,,,,Medium
AUD_1778,Spontaneous,167,3,69.94,93,,,,,,High
AUD_1779,Spontaneous,92,12,45.31,72,,,,,,High
AUD_1780,Reading,175,6,35.42,164,,,,,,Medium
AUD_1781,Spontaneous,178,2,55.51,147,,,,,,Medium
AUD_1782,Reading,119,6,24.78,157,,,,,,Medium
AUD_1783,Reading,159,11,84.64,145,,,,,,High
AUD_1784,Spontaneous,101,4,40.61,75,,,,,,High
AUD_1785,Reading,160,4,82.05,184,,,,,,Medium
AUD_1786,Reading,133,9,54.83,82,,,,,,Medium
AUD_1787,Reading,167,12,79.51,131,,,,,,High
AUD_1788,Spontaneous,109,4,37.29,197,,,,,,High
AUD_1789,Reading,151,4,32.27,144,,,,,,High
AUD_1790,Spontaneous,161,2,79.46,178,,,,,,Medium
AUD_1791,Spontaneous,108,9,34.9,56,,,,,,Low
AUD_1792,Reading,164,14,72.23,173,,,,,,High
AUD_1793,Spontaneous,176,11,44.12,107,,,,,,Medium
AUD_1794,Reading,145,11,72.37,135,,,,,,Medium
AUD_1795,Reading,161,7,83.54,83,,,,,,Medium
AUD_1796,Spontaneous,138,12,88.71,100,,,,,,Medium
AUD_1797,Spontaneous,144,9,45.19,169,,,,,,Medium
AUD_1798,Spontaneous,91,4,45.73,187,,,,,,Medium
AUD_1799,Reading,137,12,88.7,160,,,,,,High
AUD_1800,Reading,142,7,80.31,155,,,,,,High
AUD_1801,Reading,150,13,23.16,75,,,,,,Medium
AUD_1802,Spontaneous,105,3,60.14,81,,,,,,Medium
AUD_1803,Reading,112,4,32.69,173,,,,,,Medium
AUD_1804,Reading,158,14,89.58,61,,,,,,High
AUD_1805,Reading,105,5,29.72,136,,,,,,Medium
AUD_1806,Reading,127,10,59.15,127,,,,,,Medium
AUD_1807,Spontaneous,113,13,66.56,83,,,,,,Low
AUD_1808,Reading,139,5,85.59,119,,,,,,Medium
AUD_1809,Spontaneous,179,8,79.31,57,,,,,,Medium
AUD_1810,Reading,167,13,37.2,130,,,,,,High
AUD_1811,Reading,114,9,60.08,75,,,,,,High
AUD_1812,Reading,123,6,86.75,106,,,,,,High
AUD_1813,Spontaneous,173,3,71.5,184,,,,,,Medium
AUD_1814,Spontaneous,171,12,68.18,75,,,,,,High
AUD_1815,Spontaneous,104,9,72.84,163,,,,,,Medium
AUD_1816,Reading,165,6,42.58,167,,,,,,Medium
AUD_1817,Reading,117,6,71.05,165,,,,,,High
AUD_1818,Spontaneous,139,8,36.3,96,,,,,,Medium
AUD_1819,Reading,90,7,49.97,151,,,,,,High
AUD_1820,Reading,180,4,82.3,173,,,,,,Medium
AUD_1821,Spontaneous,158,8,21.33,73,,,,,,High
AUD_1822,Reading,112,13,49.0,79,,,,,,Medium
AUD_1823,Reading,152,2,38.68,103,,,,,,Medium
AUD_1824,Reading,116,5,33.9,116,,,,,,High
AUD_1825,Spontaneous,98,5,78.7,81,,,,,,Medium
AUD_1826,Reading,128,7,68.75,57,,,,,,Medium
AUD_1827,Spontaneous,145,7,27.88,95,,,,,,High
AUD_1828,Reading,98,11,54.61,129,,,,,,Medium
AUD_1829,Spontaneous,137,9,52.68,84,,,,,,Medium
AUD_1830,Spontaneous,136,13,29.98,138,,,,,,Medium
AUD_1831,Spontaneous,147,2,75.98,128,,,,,,High
AUD_1832,Spontaneous,112,14,45.67,185,,,,,,Medium
AUD_1833,Reading,92,8,73.34,83,,,,,,Medium
AUD_1834,Spontaneous,119,5,33.44,74,,,,,,Low
AUD_1835,Reading,126,14,42.06,162,,,,,,Medium
AUD_1836,Reading,147,7,26.66,132,,,,,,High
AUD_1837,Spontaneous,174,11,30.04,92,,,,,,High
AUD_1838,Reading,108,10,81.82,175,,,,,,Medium
AUD_1839,Reading,152,4,27.64,62,,,,,,High
AUD_1840,Reading,99,9,26.7,174,,,,,,Medium
AUD_1841,Reading,107,4,85.83,125,,,,,,High
AUD_1842,Spontaneous,136,7,65.21,136,,,,,,Medium
AUD_1843,Reading,154,3,27.06,153,,,,,,Medium
AUD_1844,Reading,167,10,88.02,179,,,,,,Medium
AUD_1845,Reading,157,14,30.3,89,,,,,,High
AUD_1846,Reading,91,3,73.64,72,,,,,,Medium
AUD_1847,Reading,152,13,22.44,118,,,,,,Medium
AUD_1848,Spontaneous,164,6,63.72,83,,,,,,High
AUD_1849,Reading,137,7,58.27,104,,,,,,High
AUD_1850,Spontaneous,177,5,34.56,155,,,,,,High
AUD_1851,Reading,90,13,65.02,53,,,,,,High
AUD_1852,Spontaneous,164,8,63.19,119,,,,,,Medium
AUD_1853,Reading,120,14,75.88,96,,,,,,Medium
AUD_1854,Reading,149,8,81.31,163,,,,,,High
AUD_1855,Spontaneous,152,13,55.71,166,,,,,,Medium
AUD_1856,Spontaneous,118,8,54.32,167,,,,,,Medium
AUD_1857,Spontaneous,180,12,63.51,56,,,,,,High
AUD_1858,Reading,99,8,71.04,162,,,,,,High
AUD_1859,Spontaneous,104,14,44.93,147,,,,,,High
AUD_1860,Spontaneous,170,11,55.32,78,,,,,,High
AUD_1861,Spontaneous,101,12,60.96,164,,,,,,Medium
AUD_1862,Reading,124,11,89.19,189,,,,,,Medium
AUD_1863,Reading,156,10,61.14,194,,,,,,High
AUD_1864,Reading,161,3,35.69,86,,,,,,High
AUD_1865,Spontaneous,176,6,61.16,83,,,,,,High
AUD_1866,Reading,161,11,77.36,183,,,,,,Medium
AUD_1867,Reading,166,10,80.02,145,,,,,,High
AUD_1868,Reading,175,13,76.02,122,,,,,,Medium
AUD_1869,Reading,140,14,82.17,171,,,,,,High
AUD_1870,Spontaneous,121,12,43.43,199,,,,,,High
AUD_1871,Reading,159,12,55.53,59,,,,,,Medium
AUD_1872,Spontaneous,105,3,74.57,78,,,,,,Medium
AUD_1873,Spontaneous,96,4,38.51,188,,,,,,Medium
AUD_1874,Spontaneous,161,8,46.01,141,,,,,,High
AUD_1875,Spontaneous,176,10,78.18,105,,,,,,Medium
AUD_1876,Spontaneous,130,4,73.91,134,,,,,,Medium
AUD_1877,Spontaneous,104,11,87.98,144,,,,,,Medium
AUD_1878,Reading,135,9,89.72,107,,,,,,Medium
AUD_1879,Spontaneous,125,12,36.85,101,,,,,,Medium
AUD_1880,Reading,124,9,83.03,110,,,,,,Medium
AUD_1881,Spontaneous,147,13,26.62,66,,,,,,Medium
AUD_1882,Reading,106,5,69.69,79,,,,,,High
AUD_1883,Spontaneous,124,12,35.41,121,,,,,,High
AUD_1884,Reading,168,14,41.02,86,,,,,,Medium
AUD_1885,Reading,156,7,86.24,182,,,,,,High
AUD_1886,Spontaneous,95,12,38.42,129,,,,,,Medium
AUD_1887,Spontaneous,136,13,67.12,178,,,,,,High
AUD_1888,Spontaneous,98,9,32.47,186,,,,,,High
AUD_1889,Spontaneous,176,13,26.54,120,,,,,,High
AUD_1890,Reading,112,10,43.75,156,,,,,,Medium
AUD_1891,Reading,174,3,63.69,182,,,,,,Medium
AUD_1892,Spontaneous,165,2,37.36,170,,,,,,High
AUD_1893,Spontaneous,140,6,41.01,124,,,,,,Medium
AUD_1894,Reading,120,11,69.61,117,,,,,,High
AUD_1895,Spontaneous,167,4,27.2,187,,,,,,Medium
AUD_1896,Reading,104,12,51.28,147,,,,,,High
AUD_1897,Spontaneous,106,14,85.92,181,,,,,,Medium
AUD_1898,Spontaneous,110,7,47.79,101,,,,,,Medium
AUD_1899,Reading,144,13,50.39,123,,,,,,Medium
AUD_1900,Reading,118,12,71.67,67,,,,,,High
AUD_1901,Spontaneous,179,2,74.53,125,,,,,,Low
AUD_1902,Reading,108,13,73.87,157,,,,,,Medium
AUD_1903,Spontaneous,162,12,89.85,109,,,,,,Medium
AUD_1904,Reading,99,5,25.0,86,,,,,,High
AUD_1905,Spontaneous,122,7,88.76,126,,,,,,High
AUD_1906,Spontaneous,112,3,86.51,195,,,,,,Medium
AUD_1907,Spontaneous,178,12,79.65,175,,,,,,Medium
AUD_1908,Reading,92,12,51.79,78,,,,,,High
AUD_1909,Reading,155,9,80.96,157,,,,,,Medium
AUD_1910,Reading,112,5,35.46,79,,,,,,High
AUD_1911,Reading,163,3,75.42,168,,,,,,High
AUD_1912,Spontaneous,118,2,32.97,151,,,,,,Medium
AUD_1913,Reading,107,9,77.08,56,,,,,,High
AUD_1914,Reading,152,11,63.02,123,,,,,,Medium
AUD_1915,Reading,113,2,26.86,86,,,,,,Medium
AUD_1916,Spontaneous,134,8,82.67,76,,,,,,Medium
AUD_1917,Reading,102,8,60.46,70,,,,,,Low
AUD_1918,Reading,155,14,65.94,92,,,,,,Low
AUD_1919,Spontaneous,127,7,39.85,100,,,,,,Medium
AUD_1920,Spontaneous,103,9,81.01,142,,,,,,High
AUD_1921,Spontaneous,157,11,58.16,120,,,,,,Medium
AUD_1922,Spontaneous,99,2,49.48,62,,,,,,High
AUD_1923,Spontaneous,142,13,57.4,158,,,,,,Medium
AUD_1924,Spontaneous,145,2,69.23,163,,,,,,High
AUD_1925,Spontaneous,174,14,68.65,174,,,,,,Medium
AUD_1926,Reading,104,2,45.03,154,,,,,,High
AUD_1927,Spontaneous,149,7,46.97,190,,,,,,Medium
AUD_1928,Spontaneous,124,8,59.36,86,,,,,,Medium
AUD_1929,Spontaneous,126,11,84.71,189,,,,,,High
AUD_1930,Spontaneous,135,10,72.18,67,,,,,,Medium
AUD_1931,Spontaneous,111,11,47.33,171,,,,,,High
AUD_1932,Reading,132,6,43.59,134,,,,,,High
AUD_1933,Reading,152,2,56.65,166,,,,,,Medium
AUD_1934,Reading,131,10,80.9,167,,,,,,High
AUD_1935,Reading,94,6,20.61,111,,,,,,Medium
AUD_1936,Reading,113,7,69.73,73,,,,,,High
AUD_1937,Reading,122,10,40.62,109,,,,,,High
AUD_1938,Reading,122,3,34.59,194,,,,,,High
AUD_1939,Spontaneous,97,4,20.85,155,,,,,,High
AUD_1940,Spontaneous,130,8,82.76,109,,,,,,Medium
AUD_1941,Spontaneous,152,4,83.86,58,,,,,,High
AUD_1942,Spontaneous,94,3,24.3,192,,,,,,High
AUD_1943,Spontaneous,158,8,56.53,126,,,,,,High
AUD_1944,Spontaneous,176,9,30.68,130,,,,,,Medium
AUD_1945,Reading,91,10,73.11,175,,,,,,Medium
AUD_1946,Spontaneous,107,3,66.58,186,,,,,,High
AUD_1947,Spontaneous,139,14,40.8,105,,,,,,High
AUD_1948,Spontaneous,110,3,28.19,143,,,,,,Medium
AUD_1949,Reading,159,12,78.19,176,,,,,,Medium
AUD_1950,Reading,118,8,67.2,85,,,,,,Medium
AUD_1951,Reading,116,5,20.48,177,,,,,,High
AUD_1952,Spontaneous,90,6,63.95,69,,,,,,Medium
AUD_1953,Spontaneous,114,2,76.72,104,,,,,,High
AUD_1954,Spontaneous,110,7,61.35,109,,,,,,Medium
AUD_1955,Reading,121,11,49.73,178,,,,,,High
AUD_1956,Reading,103,14,60.87,94,,,,,,Medium
AUD_1957,Spontaneous,144,9,63.38,73,,,,,,High
AUD_1958,Reading,111,12,64.8,53,,,,,,High
AUD_1959,Spontaneous,165,2,87.69,140,,,,,,High
AUD_1960,Reading,116,3,32.51,156,,,,,,High
AUD_1961,Reading,109,8,63.62,62,,,,,,Medium
AUD_1962,Reading,95,3,33.16,198,,,,,,High
AUD_1963,Spontaneous,157,10,34.7,150,,,,,,Medium
AUD_1964,Reading,136,7,66.85,144,,,,,,High
AUD_1965,Spontaneous,100,13,84.12,106,,,,,,Low
AUD_1966,Spontaneous,110,13,31.13,120,,,,,,Low
AUD_1967,Spontaneous,180,6,87.37,149,,,,,,Medium
AUD_1968,Reading,163,8,42.36,156,,,,,,High
AUD_1969,Reading,121,11,47.39,139,,,,,,Low
AUD_1970,Reading,139,9,30.76,157,,,,,,High
AUD_1971,Spontaneous,127,14,63.11,179,,,,,,Medium
AUD_1972,Reading,93,10,61.75,92,,,,,,Medium
AUD_1973,Reading,160,7,50.96,92,,,,,,High
AUD_1974,Spontaneous,155,6,53.33,112,,,,,,High
AUD_1975,Spontaneous,127,8,63.61,122,,,,,,High
AUD_1976,Spontaneous,166,3,60.84,166,,,,,,Medium
AUD_1977,Reading,138,9,46.2,97,,,,,,Medium
AUD_1978,Reading,96,13,81.89,54,,,,,,Medium
AUD_1979,Spontaneous,113,5,66.74,125,,,,,,Medium
AUD_1980,Reading,132,2,34.38,84,,,,,,High
AUD_1981,Spontaneous,99,4,42.39,142,,,,,,Medium
AUD_1982,Reading,141,14,75.15,193,,,,,,Medium
AUD_1983,Spontaneous,101,10,27.32,132,,,,,,High
AUD_1984,Reading,108,5,72.52,109,,,,,,Medium
AUD_1985,Spontaneous,170,11,45.12,156,,,,,,High
AUD_1986,Spontaneous,180,11,58.62,166,,,,,,Medium
AUD_1987,Spontaneous,140,12,39.64,100,,,,,,Medium
AUD_1988,Reading,146,4,89.05,176,,,,,,Medium
AUD_1989,Reading,162,5,83.41,140,,,,,,High
AUD_1990,Reading,153,4,84.99,131,,,,,,Low
AUD_1991,Spontaneous,106,4,32.93,108,,,,,,Medium
AUD_1992,Spontaneous,127,3,78.92,113,,,,,,Medium
AUD_1993,Spontaneous,138,7,57.48,154,,,,,,Medium
AUD_1994,Spontaneous,122,14,69.55,190,,,,,,High
AUD_1995,Spontaneous,106,11,35.23,119,,,,,,High
AUD_1996,Spontaneous,156,7,69.84,180,,,,,,High
AUD_1997,Spontaneous,108,11,84.0,61,,,,,,High
AUD_1998,Spontaneous,113,5,38.72,90,,,,,,High
AUD_1999,Spontaneous,116,9,36.34,154,,,,,,High
AUD_2000,Reading,105,7,27.31,114,,,,,,Low
AUD_2001,Spontaneous,166,13,38.68,112,,,,,,Medium
AUD_2002,Reading,145,9,57.51,57,,,,,,Medium
AUD_2003,Spontaneous,165,7,78.29,60,,,,,,High
AUD_2004,Reading,134,14,39.52,66,,,,,,High
AUD_2005,Spontaneous,137,10,63.48,173,,,,,,High
AUD_2006,Reading,145,4,53.57,144,,,,,,Medium
AUD_2007,Spontaneous,123,4,40.2,164,,,,,,Medium
AUD_2008,Spontaneous,135,3,55.73,172,,,,,,Medium
AUD_2009,Spontaneous,139,11,31.76,136,,,,,,High
AUD_2010,Reading,176,7,64.77,105,,,,,,High
AUD_2011,Spontaneous,169,8,28.1,143,,,,,,High
AUD_2012,Reading,102,8,71.17,147,,,,,,Medium
AUD_2013,Reading,94,6,32.44,68,,,,,,Low
AUD_2014,Reading,151,7,89.87,106,,,,,,Medium
AUD_2015,Reading,94,8,77.66,65,,,,,,Medium
AUD_2016,Reading,95,12,44.07,94,,,,,,Medium
AUD_2017,Spontaneous,104,3,49.83,162,,,,,,High
AUD_2018,Reading,122,11,38.14,170,,,,,,Medium
AUD_2019,Reading,129,13,73.7,152,,,,,,High
AUD_2020,Reading,137,8,46.65,176,,,,,,Medium
AUD_2021,Reading,179,2,72.86,93,,,,,,High
AUD_2022,Spontaneous,125,7,21.29,158,,,,,,Medium
AUD_2023,Spontaneous,112,9,29.49,158,,,,,,High
AUD_2024,Spontaneous,142,14,45.55,159,,,,,,High
AUD_2025,Reading,109,2,27.62,160,,,,,,Medium
AUD_2026,Reading,175,2,62.08,179,,,,,,Medium
AUD_2027,Reading,113,7,23.56,183,,,,,,High
AUD_2028,Spontaneous,179,6,80.18,58,,,,,,High
AUD_2029,Reading,128,4,73.29,64,,,,,,Medium
AUD_2030,Spontaneous,163,11,35.14,107,,,,,,High
AUD_2031,Reading,148,14,53.87,51,,,,,,Medium
AUD_2032,Reading,174,11,51.63,180,,,,,,Medium
AUD_2033,Spontaneous,146,8,70.74,104,,,,,,Medium
AUD_2034,Reading,142,8,48.11,102,,,,,,Medium
AUD_2035,Spontaneous,149,8,22.31,143,,,,,,High
AUD_2036,Reading,161,7,39.16,121,,,,,,Medium
AUD_2037,Spontaneous,171,5,52.63,89,,,,,,High
AUD_2038,Reading,114,10,88.21,88,,,,,,Medium
AUD_2039,Reading,108,13,81.68,190,,,,,,High
AUD_2040,Reading,93,10,32.7,153,,,,,,Medium
AUD_2041,Reading,123,8,70.63,154,,,,,,Medium
AUD_2042,Reading,166,8,85.58,104,,,,,,Medium
AUD_2043,Spontaneous,96,9,20.62,191,,,,,,High
AUD_2044,Spontaneous,138,12,70.47,114,,,,,,High
AUD_2045,Reading,153,6,52.15,73,,,,,,Medium
AUD_2046,Spontaneous,165,12,67.62,164,,,,,,Medium
AUD_2047,Spontaneous,143,10,62.39,162,,,,,,High
AUD_2048,Spontaneous,107,7,88.93,71,,,,,,Medium
AUD_2049,Spontaneous,177,8,40.22,127,,,,,,High
AUD_2050,Reading,99,13,75.03,94,,,,,,Low
AUD_2051,Spontaneous,159,8,36.42,185,,,,,,Low
AUD_2052,Spontaneous,98,10,50.49,113,,,,,,High
AUD_2053,Reading,103,8,88.28,146,,,,,,High
AUD_2054,Reading,171,4,73.63,164,,,,,,Medium
AUD_2055,Reading,158,7,42.11,70,,,,,,Medium
AUD_2056,Reading,123,7,63.36,154,,,,,,High
AUD_2057,Reading,147,12,23.48,94,,,,,,Medium
AUD_2058,Reading,131,13,38.65,93,,,,,,Medium
AUD_2059,Reading,96,8,70.29,90,,,,,,High
AUD_2060,Reading,155,7,59.91,145,,,,,,Medium
AUD_2061,Spontaneous,159,5,52.88,188,,,,,,High
AUD_2062,Reading,169,7,68.36,150,,,,,,High
AUD_2063,Spontaneous,139,4,47.89,164,,,,,,High
AUD_2064,Reading,151,2,21.83,67,,,,,,Medium
AUD_2065,Reading,129,2,50.87,188,,,,,,Medium
AUD_2066,Spontaneous,119,6,83.15,76,,,,,,High
AUD_2067,Reading,127,12,79.96,151,,,,,,High
AUD_2068,Reading,172,14,48.63,78,,,,,,High
AUD_2069,Spontaneous,105,9,21.56,198,,,,,,Medium
AUD_2070,Spontaneous,112,4,64.54,78,,,,,,Medium
AUD_2071,Spontaneous,145,14,71.88,186,,,,,,High
AUD_2072,Spontaneous,100,3,40.6,151,,,,,,High
AUD_2073,Spontaneous,170,9,53.37,140,,,,,,Low
AUD_2074,Spontaneous,94,10,89.43,54,,,,,,High
AUD_2075,Reading,158,10,60.34,146,,,,,,Medium
AUD_2076,Reading,124,3,44.58,64,,,,,,Medium
AUD_2077,Reading,95,13,63.92,54,,,,,,High
AUD_2078,Reading,166,9,32.6,197,,,,,,Medium
AUD_2079,Reading,148,3,33.95,150,,,,,,High
AUD_2080,Spontaneous,91,8,84.74,130,,,,,,Medium
AUD_2081,Spontaneous,114,9,36.74,163,,,,,,Medium
AUD_2082,Reading,122,2,41.76,53,,,,,,High
AUD_2083,Spontaneous,119,9,58.06,83,,,,,,Medium
AUD_2084,Reading,135,4,82.98,89,,,,,,High
AUD_2085,Spontaneous,137,14,74.7,199,,,,,,Medium
AUD_2086,Reading,126,2,23.06,176,,,,,,High
AUD_2087,Reading,120,8,68.51,191,,,,,,Medium
AUD_2088,Reading,135,11,55.28,185,,,,,,High
AUD_2089,Spontaneous,93,4,53.29,177,,,,,,Medium
AUD_2090,Spontaneous,148,9,68.41,116,,,,,,High
AUD_2091,Reading,145,10,33.74,163,,,,,,High
AUD_2092,Spontaneous,115,3,88.7,168,,,,,,High
AUD_2093,Reading,106,2,65.17,143,,,,,,High
AUD_2094,Reading,97,9,45.6,61,,,,,,High
AUD_2095,Spontaneous,143,11,62.01,101,,,,,,High
AUD_2096,Reading,141,7,35.15,51,,,,,,Medium
AUD_2097,Reading,138,11,64.37,50,,,,,,High
AUD_2098,Reading,179,2,21.98,104,,,,,,High
AUD_2099,Spontaneous,138,4,43.88,153,,,,,,High
AUD_2100,Reading,155,10,72.33,148,,,,,,Medium
AUD_2101,Reading,100,10,76.56,117,,,,,,Medium
AUD_2102,Reading,117,7,37.7,131,,,,,,Medium
AUD_2103,Reading,115,4,57.76,189,,,,,,High
AUD_2104,Spontaneous,142,9,56.99,99,,,,,,Medium
AUD_2105,Reading,120,7,49.5,70,,,,,,High
AUD_2106,Reading,148,2,35.99,59,,,,,,Medium
AUD_2107,Spontaneous,152,7,69.23,134,,,,,,High
AUD_2108,Spontaneous,93,14,37.67,153,,,,,,Medium
AUD_2109,Spontaneous,148,6,83.77,138,,,,,,Medium
AUD_2110,Spontaneous,101,9,57.0,163,,,,,,High
AUD_2111,Spontaneous,132,14,80.93,164,,,,,,High
AUD_2112,Spontaneous,155,3,40.35,63,,,,,,High
AUD_2113,Reading,153,13,76.5,153,,,,,,High
AUD_2114,Reading,117,8,27.96,131,,,,,,High
AUD_2115,Spontaneous,115,7,73.68,79,,,,,,Medium
AUD_2116,Reading,130,2,47.09,63,,,,,,Medium
AUD_2117,Spontaneous,107,13,52.9,159,,,,,,High
AUD_2118,Reading,178,9,31.68,194,,,,,,Medium
AUD_2119,Spontaneous,121,7,21.3,111,,,,,,High
AUD_2120,Spontaneous,173,14,66.63,159,,,,,,Medium
AUD_2121,Reading,172,4,61.14,199,,,,,,Medium
AUD_2122,Spontaneous,123,6,63.57,102,,,,,,Medium
AUD_2123,Reading,113,8,37.85,125,,,,,,High
AUD_2124,Spontaneous,159,10,36.75,104,,,,,,High
AUD_2125,Spontaneous,111,5,78.12,71,,,,,,Medium
AUD_2126,Reading,137,13,73.29,152,,,,,,Medium
AUD_2127,Spontaneous,100,3,43.58,94,,,,,,Medium
AUD_2128,Reading,125,4,64.65,168,,,,,,High
AUD_2129,Reading,97,8,77.97,57,,,,,,Low
AUD_2130,Reading,116,9,82.22,114,,,,,,Medium
AUD_2131,Reading,150,6,20.41,54,,,,,,Medium
AUD_2132,Reading,179,4,76.94,94,,,,,,Medium
AUD_2133,Spontaneous,113,2,44.53,95,,,,,,High
AUD_2134,Spontaneous,133,11,70.29,194,,,,,,High
AUD_2135,Reading,130,14,46.0,128,,,,,,High
AUD_2136,Spontaneous,107,2,62.44,197,,,,,,High
AUD_2137,Reading,145,12,65.27,115,,,,,,High
AUD_2138,Spontaneous,155,3,48.35,53,,,,,,Medium
AUD_2139,Reading,103,6,55.89,137,,,,,,High
AUD_2140,Spontaneous,158,4,70.84,104,,,,,,Medium
AUD_2141,Reading,153,14,53.34,108,,,,,,Medium
AUD_2142,Spontaneous,108,8,20.98,51,,,,,,Medium
AUD_2143,Reading,148,3,20.9,95,,,,,,Medium
AUD_2144,Reading,125,3,66.29,51,,,,,,High
AUD_2145,Spontaneous,151,4,79.31,178,,,,,,Medium
AUD_2146,Reading,135,14,74.97,62,,,,,,Medium
AUD_2147,Reading,94,13,41.73,119,,,,,,Medium
AUD_2148,Spontaneous,161,2,52.98,71,,,,,,High
AUD_2149,Spontaneous,140,3,36.39,66,,,,,,High
AUD_2150,Reading,155,6,89.24,135,,,,,,High
AUD_2151,Reading,101,4,38.24,119,,,,,,Medium
AUD_2152,Reading,155,12,49.14,165,,,,,,Low
AUD_2153,Reading,127,11,67.68,52,,,,,,Medium
AUD_2154,Spontaneous,162,7,81.32,159,,,,,,Medium
AUD_2155,Reading,144,3,23.6,130,,,,,,Medium
AUD_2156,Reading,122,9,41.07,150,,,,,,High
AUD_2157,Spontaneous,108,5,59.83,84,,,,,,High
AUD_2158,Spontaneous,163,4,63.28,184,,,,,,High
AUD_2159,Reading,140,6,24.9,99,,,,,,High
AUD_2160,Spontaneous,179,9,66.49,59,,,,,,High
AUD_2161,Spontaneous,124,10,56.96,68,,,,,,Medium
AUD_2162,Spontaneous,152,2,77.93,72,,,,,,High
AUD_2163,Reading,146,5,35.55,144,,,,,,High
AUD_2164,Reading,147,7,33.65,113,,,,,,Medium
AUD_2165,Reading,156,7,75.53,145,,,,,,High
AUD_2166,Spontaneous,103,14,69.27,146,,,,,,High
AUD_2167,Reading,139,10,75.42,58,,,,,,High
AUD_2168,Reading,136,2,74.74,174,,,,,,High
AUD_2169,Reading,121,14,27.28,67,,,,,,Medium
AUD_2170,Spontaneous,129,6,39.5,131,,,,,,High
AUD_2171,Reading,137,11,38.21,78,,,,,,Medium
AUD_2172,Reading,119,2,85.42,165,,,,,,Medium
AUD_2173,Reading,116,7,54.12,132,,,,,,High
AUD_2174,Reading,156,10,27.77,110,,,,,,Medium
AUD_2175,Spontaneous,96,5,40.27,182,,,,,,High
AUD_2176,Reading,118,11,81.03,154,,,,,,High
AUD_2177,Reading,149,11,79.29,163,,,,,,Medium
AUD_2178,Spontaneous,109,10,83.02,118,,,,,,High
AUD_2179,Spontaneous,142,4,47.2,167,,,,,,High
AUD_2180,Spontaneous,117,12,64.89,64,,,,,,High
AUD_2181,Spontaneous,166,8,39.47,139,,,,,,High
AUD_2182,Spontaneous,122,6,32.66,137,,,,,,Medium
AUD_2183,Reading,111,11,21.53,132,,,,,,Medium
AUD_2184,Spontaneous,138,2,35.64,69,,,,,,Medium
AUD_2185,Spontaneous,102,8,62.31,156,,,,,,Low
AUD_2186,Spontaneous,162,9,83.29,122,,,,,,High
AUD_2187,Reading,151,7,29.34,141,,,,,,Medium
AUD_2188,Reading,159,2,84.26,65,,,,,,High
AUD_2189,Reading,126,10,44.18,124,,,,,,High
AUD_2190,Spontaneous,165,8,49.88,147,,,,,,High
AUD_2191,Reading,134,7,45.55,168,,,,,,High
AUD_2192,Spontaneous,99,5,48.6,106,,,,,,Low
AUD_2193,Spontaneous,110,4,38.14,198,,,,,,High
AUD_2194,Reading,154,5,68.9,182,,,,,,High
AUD_2195,Reading,171,2,73.07,186,,,,,,Medium
AUD_2196,Reading,99,10,77.62,60,,,,,,Medium
AUD_2197,Spontaneous,168,3,43.89,154,,,,,,High
AUD_2198,Reading,162,3,73.52,114,,,,,,Medium
AUD_2199,Reading,122,4,64.64,75,,,,,,Medium
AUD_2200,Reading,152,14,87.05,68,,,,,,Medium
AUD_2201,Reading,107,2,49.73,65,,,,,,Medium
AUD_2202,Reading,163,11,89.46,105,,,,,,Medium
AUD_2203,Spontaneous,149,4,71.83,150,,,,,,High
AUD_2204,Spontaneous,129,5,74.34,163,,,,,,High
AUD_2205,Reading,168,10,21.8,117,,,,,,Medium
AUD_2206,Spontaneous,103,6,54.82,127,,,,,,High
AUD_2207,Spontaneous,166,12,56.98,79,,,,,,High
AUD_2208,Spontaneous,92,7,22.84,56,,,,,,Low
AUD_2209,Reading,158,14,41.85,189,,,,,,Medium
AUD_2210,Spontaneous,142,2,86.9,156,,,,,,Medium
AUD_2211,Reading,153,4,49.83,71,,,,,,High
AUD_2212,Spontaneous,127,8,33.07,79,,,,,,Medium
AUD_2213,Reading,168,8,55.93,197,,,,,,Medium
AUD_2214,Spontaneous,118,11,22.36,98,,,,,,Medium
AUD_2215,Spontaneous,115,14,56.12,118,,,,,,Medium
AUD_2216,Reading,117,13,61.6,91,,,,,,High
AUD_2217,Reading,160,13,45.04,55,,,,,,High
AUD_2218,Spontaneous,135,14,73.38,83,,,,,,High
AUD_2219,Reading,138,2,29.5,171,,,,,,Medium
AUD_2220,Reading,165,10,81.47,173,,,,,,High
AUD_2221,Reading,165,2,86.88,59,,,,,,Medium
AUD_2222,Reading,105,8,20.09,77,,,,,,Medium
AUD_2223,Spontaneous,139,13,78.99,52,,,,,,High
AUD_2224,Reading,101,13,55.43,126,,,,,,Medium
AUD_2225,Spontaneous,168,3,52.3,160,,,,,,Medium
AUD_2226,Spontaneous,165,10,36.71,175,,,,,,High
AUD_2227,Reading,166,13,51.31,84,,,,,,High
AUD_2228,Reading,153,13,86.53,163,,,,,,Medium
AUD_2229,Reading,132,10,34.76,111,,,,,,High
AUD_2230,Reading,126,10,32.53,101,,,,,,High
AUD_2231,Spontaneous,126,5,36.93,165,,,,,,Medium
AUD_2232,Spontaneous,96,7,58.63,96,,,,,,Medium
AUD_2233,Reading,175,14,85.12,150,,,,,,Medium
AUD_2234,Spontaneous,131,13,60.17,72,,,,,,High
AUD_2235,Reading,174,3,37.04,156,,,,,,High
AUD_2236,Spontaneous,169,4,50.83,84,,,,,,High
AUD_2237,Spontaneous,165,7,47.33,152,,,,,,High
AUD_2238,Spontaneous,143,2,23.26,168,,,,,,Low
AUD_2239,Reading,99,8,55.74,81,,,,,,High
AUD_2240,Reading,119,3,28.82,51,,,,,,High
AUD_2241,Spontaneous,144,9,78.96,161,,,,,,Medium
AUD_2242,Reading,91,6,58.43,171,,,,,,Medium
AUD_2243,Reading,94,8,79.12,65,,,,,,Medium
AUD_2244,Spontaneous,151,9,86.92,193,,,,,,High
AUD_2245,Reading,170,4,86.02,141,,,,,,High
AUD_2246,Reading,167,7,27.03,103,,,,,,High
AUD_2247,Spontaneous,105,13,86.14,197,,,,,,Medium
AUD_2248,Spontaneous,172,10,75.7,82,,,,,,Low
AUD_2249,Spontaneous,153,5,74.44,185,,,,,,High
AUD_2250,Spontaneous,154,11,26.31,102,,,,,,High
AUD_2251,Reading,117,8,32.57,113,,,,,,High
AUD_2252,Reading,154,2,88.26,107,,,,,,Medium
AUD_2253,Spontaneous,154,13,34.94,167,,,,,,High
AUD_2254,Spontaneous,144,8,31.83,86,,,,,,High
AUD_2255,Reading,122,10,45.36,61,,,,,,High
AUD_2256,Reading,163,11,83.93,133,,,,,,High
AUD_2257,Reading,174,9,53.33,181,,,,,,Low
AUD_2258,Spontaneous,168,5,84.44,143,,,,,,High
AUD_2259,Spontaneous,112,4,43.4,135,,,,,,Medium
AUD_2260,Spontaneous,130,8,35.86,87,,,,,,High
AUD_2261,Spontaneous,121,14,54.66,141,,,,,,Medium
AUD_2262,Reading,154,13,63.08,63,,,,,,Medium
AUD_2263,Spontaneous,165,2,47.4,124,,,,,,Medium
AUD_2264,Spontaneous,109,9,44.22,177,,,,,,High
AUD_2265,Reading,175,13,35.26,122,,,,,,Low
AUD_2266,Spontaneous,151,2,39.25,59,,,,,,High
AUD_2267,Reading,110,8,67.12,87,,,,,,Medium
AUD_2268,Spontaneous,123,7,45.89,154,,,,,,Medium
AUD_2269,Reading,99,11,25.58,81,,,,,,High
AUD_2270,Reading,144,9,29.67,63,,,,,,High
AUD_2271,Reading,105,7,46.07,181,,,,,,High
AUD_2272,Spontaneous,152,6,84.72,145,,,,,,Medium
AUD_2273,Spontaneous,156,10,46.53,59,,,,,,High
AUD_2274,Spontaneous,133,5,24.24,167,,,,,,Medium
AUD_2275,Spontaneous,98,8,49.26,156,,,,,,High
AUD_2276,Spontaneous,145,7,66.82,65,,,,,,High
AUD_2277,Spontaneous,124,11,61.55,145,,,,,,High
AUD_2278,Reading,175,7,39.52,67,,,,,,High
AUD_2279,Spontaneous,136,12,68.17,56,,,,,,High
AUD_2280,Spontaneous,96,13,64.14,175,,,,,,High
AUD_2281,Reading,147,6,32.05,164,,,,,,Medium
AUD_2282,Reading,160,3,31.35,160,,,,,,High
AUD_2283,Spontaneous,104,5,58.3,131,,,,,,Medium
AUD_2284,Reading,130,2,66.16,180,,,,,,High
AUD_2285,Spontaneous,157,10,87.33,178,,,,,,High
AUD_2286,Reading,92,10,49.54,82,,,,,,Medium
AUD_2287,Spontaneous,93,9,73.55,123,,,,,,Medium
AUD_2288,Reading,151,5,28.16,157,,,,,,Medium
AUD_2289,Reading,155,6,82.27,108,,,,,,High
AUD_2290,Spontaneous,166,2,64.32,121,,,,,,Medium
AUD_2291,Spontaneous,126,5,64.03,136,,,,,,Medium
AUD_2292,Reading,125,5,29.97,194,,,,,,Medium
AUD_2293,Reading,140,6,22.77,66,,,,,,High
AUD_2294,Reading,158,3,69.1,138,,,,,,Medium
AUD_2295,Reading,148,3,28.19,198,,,,,,Medium
AUD_2296,Spontaneous,119,13,28.89,104,,,,,,Medium
AUD_2297,Reading,121,3,33.13,55,,,,,,Medium
AUD_2298,Reading,159,12,26.84,133,,,,,,Medium
AUD_2299,Spontaneous,138,9,63.78,133,,,,,,Medium
AUD_2300,Spontaneous,99,14,49.54,121,,,,,,High
AUD_2301,Spontaneous,104,13,38.63,158,,,,,,High
AUD_2302,Spontaneous,167,3,50.85,161,,,,,,High
AUD_2303,Spontaneous,180,7,79.09,78,,,,,,High
AUD_2304,Spontaneous,120,3,84.9,66,,,,,,High
AUD_2305,Reading,125,14,54.12,67,,,,,,High
AUD_2306,Reading,104,9,59.67,112,,,,,,High
AUD_2307,Reading,111,2,38.0,131,,,,,,High
AUD_2308,Spontaneous,128,3,55.95,124,,,,,,Medium
AUD_2309,Spontaneous,116,6,72.37,128,,,,,,High
AUD_2310,Reading,153,7,54.45,139,,,,,,Medium
AUD_2311,Reading,138,10,41.15,180,,,,,,High
AUD_2312,Spontaneous,164,7,60.74,180,,,,,,Medium
AUD_2313,Spontaneous,155,9,86.27,148,,,,,,High
AUD_2314,Reading,102,13,82.16,156,,,,,,High
AUD_2315,Reading,101,8,73.85,89,,,,,,High
AUD_2316,Reading,171,2,39.33,117,,,,,,High
AUD_2317,Reading,164,3,36.91,69,,,,,,Medium
AUD_2318,Reading,132,5,78.7,64,,,,,,High
AUD_2319,Spontaneous,102,13,32.69,142,,,,,,High
AUD_2320,Reading,171,2,62.39,182,,,,,,Medium
AUD_2321,Reading,111,9,50.73,88,,,,,,Medium
AUD_2322,Spontaneous,93,5,52.76,89,,,,,,Medium
AUD_2323,Reading,173,8,51.82,184,,,,,,Medium
AUD_2324,Spontaneous,163,8,83.0,145,,,,,,Medium
AUD_2325,Spontaneous,152,9,26.1,149,,,,,,Low
AUD_2326,Reading,93,10,74.8,82,,,,,,Medium
AUD_2327,Reading,138,10,78.45,167,,,,,,High
AUD_2328,Spontaneous,149,8,86.0,86,,,,,,Medium
AUD_2329,Spontaneous,158,10,51.68,81,,,,,,Medium
AUD_2330,Spontaneous,132,6,55.0,92,,,,,,Low
AUD_2331,Reading,176,11,87.29,85,,,,,,High
AUD_2332,Reading,112,5,52.09,147,,,,,,Medium
AUD_2333,Reading,96,4,55.25,98,,,,,,High
AUD_2334,Reading,120,7,43.26,74,,,,,,High
AUD_2335,Reading,150,11,22.21,157,,,,,,Medium
AUD_2336,Spontaneous,156,12,50.31,145,,,,,,Medium
AUD_2337,Reading,156,10,65.86,115,,,,,,Medium
AUD_2338,Reading,100,5,68.3,58,,,,,,Medium
AUD_2339,Spontaneous,170,3,20.46,151,,,,,,Medium
AUD_2340,Reading,115,12,76.07,195,,,,,,High
AUD_2341,Reading,109,4,54.47,71,,,,,,High
AUD_2342,Reading,145,4,56.45,148,,,,,,High
AUD_2343,Spontaneous,109,3,87.32,64,,,,,,Medium
AUD_2344,Spontaneous,136,14,39.91,56,,,,,,Medium
AUD_2345,Reading,127,10,73.32,190,,,,,,Medium
AUD_2346,Reading,111,5,60.23,155,,,,,,High
AUD_2347,Reading,116,4,69.06,65,,,,,,High
AUD_2348,Spontaneous,128,11,49.25,70,,,,,,Medium
AUD_2349,Spontaneous,121,7,39.54,77,,,,,,Medium
AUD_2350,Reading,124,9,58.23,123,,,,,,High
AUD_2351,Reading,156,12,46.25,132,,,,,,High
AUD_2352,Reading,105,9,35.6,66,,,,,,High
AUD_2353,Reading,146,11,78.75,114,,,,,,High
AUD_2354,Spontaneous,151,7,53.31,190,,,,,,Medium
AUD_2355,Spontaneous,162,6,79.31,85,,,,,,High
AUD_2356,Reading,166,12,53.18,107,,,,,,High
AUD_2357,Spontaneous,104,8,58.98,69,,,,,,High
AUD_2358,Spontaneous,102,4,89.67,153,,,,,,Medium
AUD_2359,Reading,145,13,86.61,55,,,,,,Medium
AUD_2360,Reading,158,11,39.02,72,,,,,,Medium
AUD_2361,Reading,115,3,80.81,54,,,,,,Medium
AUD_2362,Reading,137,14,47.33,95,,,,,,Medium
AUD_2363,Spontaneous,160,9,24.99,66,,,,,,Medium
AUD_2364,Reading,159,12,60.3,124,,,,,,High
AUD_2365,Reading,149,13,88.39,76,,,,,,High
AUD_2366,Reading,97,10,88.2,72,,,,,,Medium
AUD_2367,Reading,95,13,28.85,136,,,,,,Medium
AUD_2368,Spontaneous,125,7,73.99,162,,,,,,High
AUD_2369,Reading,92,5,76.2,170,,,,,,High
AUD_2370,Reading,171,7,45.81,198,,,,,,Low
AUD_2371,Spontaneous,92,13,66.1,199,,,,,,Medium
AUD_2372,Reading,93,8,54.17,114,,,,,,Medium
AUD_2373,Reading,105,13,35.95,77,,,,,,High
AUD_2374,Reading,146,9,73.29,131,,,,,,Medium
AUD_2375,Spontaneous,139,4,38.39,56,,,,,,Medium
AUD_2376,Reading,149,13,43.83,151,,,,,,High
AUD_2377,Reading,170,7,33.3,63,,,,,,High
AUD_2378,Reading,131,11,70.35,107,,,,,,Medium
AUD_2379,Spontaneous,94,7,52.11,93,,,,,,Medium
AUD_2380,Reading,159,11,51.04,63,,,,,,High
AUD_2381,Reading,163,8,62.32,93,,,,,,Medium
AUD_2382,Reading,94,5,31.01,122,,,,,,Medium
AUD_2383,Spontaneous,112,7,82.87,51,,,,,,Medium
AUD_2384,Spontaneous,159,3,52.56,54,,,,,,Medium
AUD_2385,Reading,124,9,45.66,139,,,,,,Medium
AUD_2386,Reading,133,4,28.87,136,,,,,,High
AUD_2387,Spontaneous,164,10,31.76,189,,,,,,Medium
AUD_2388,Reading,99,9,84.43,127,,,,,,Medium
AUD_2389,Spontaneous,151,13,51.96,176,,,,,,High
AUD_2390,Spontaneous,109,7,70.55,126,,,,,,High
AUD_2391,Spontaneous,96,11,25.64,148,,,,,,High
AUD_2392,Reading,150,3,65.04,96,,,,,,Medium
AUD_2393,Spontaneous,101,9,84.51,128,,,,,,High
AUD_2394,Spontaneous,157,12,41.0,165,,,,,,Medium
AUD_2395,Reading,108,7,60.54,196,,,,,,High
AUD_2396,Reading,94,12,85.82,128,,,,,,Medium
AUD_2397,Reading,99,2,70.35,164,,,,,,Medium
AUD_2398,Spontaneous,166,7,24.36,57,,,,,,High
AUD_2399,Spontaneous,123,14,46.51,72,,,,,,Medium
AUD_2400,Reading,117,6,26.0,62,,,,,,High
AUD_2401,Spontaneous,134,7,80.29,72,,,,,,Medium
AUD_2402,Reading,147,14,63.52,80,,,,,,Medium
AUD_2403,Reading,93,2,86.95,179,,,,,,High
AUD_2404,Reading,171,5,21.38,188,,,,,,Medium
AUD_2405,Reading,176,8,49.62,71,,,,,,Low
AUD_2406,Reading,128,14,27.31,175,,,,,,Medium
AUD_2407,Spontaneous,127,6,44.53,196,,,,,,High
AUD_2408,Spontaneous,169,7,31.33,123,,,,,,Medium
AUD_2409,Reading,129,3,43.02,71,,,,,,Medium
AUD_2410,Spontaneous,167,9,77.35,57,,,,,,Medium
AUD_2411,Spontaneous,93,11,31.25,96,,,,,,Medium
AUD_2412,Reading,134,5,53.16,183,,,,,,High
AUD_2413,Spontaneous,176,7,84.51,56,,,,,,High
AUD_2414,Spontaneous,113,4,89.91,185,,,,,,High
AUD_2415,Reading,114,10,37.54,137,,,,,,High
AUD_2416,Spontaneous,147,14,85.49,95,,,,,,High
AUD_2417,Spontaneous,173,9,38.3,113,,,,,,Medium
AUD_2418,Spontaneous,108,7,48.95,72,,,,,,Medium
AUD_2419,Spontaneous,173,10,81.45,110,,,,,,Low
AUD_2420,Spontaneous,150,11,75.03,99,,,,,,Medium
AUD_2421,Reading,179,10,80.02,95,,,,,,High
AUD_2422,Reading,156,3,76.02,92,,,,,,Medium
AUD_2423,Reading,150,10,36.45,187,,,,,,High
AUD_2424,Reading,163,9,59.12,144,,,,,,High
AUD_2425,Reading,106,3,46.97,197,,,,,,High
AUD_2426,Spontaneous,175,10,52.18,193,,,,,,High
AUD_2427,Spontaneous,105,6,30.78,52,,,,,,High
AUD_2428,Reading,92,14,42.1,79,,,,,,High
AUD_2429,Reading,153,13,80.04,67,,,,,,Low
AUD_2430,Reading,107,10,82.83,84,,,,,,High
AUD_2431,Spontaneous,158,4,62.71,196,,,,,,High
AUD_2432,Spontaneous,162,5,54.88,75,,,,,,Medium
AUD_2433,Spontaneous,111,2,69.9,84,,,,,,Medium
AUD_2434,Spontaneous,98,12,62.62,125,,,,,,Low
AUD_2435,Spontaneous,135,6,88.86,121,,,,,,Medium
AUD_2436,Spontaneous,170,8,33.31,106,,,,,,High
AUD_2437,Reading,166,14,51.43,150,,,,,,Medium
AUD_2438,Spontaneous,101,8,84.28,98,,,,,,Medium
AUD_2439,Reading,177,7,84.03,59,,,,,,Medium
AUD_2440,Reading,114,14,54.67,154,,,,,,High
AUD_2441,Spontaneous,121,7,29.44,153,,,,,,High
AUD_2442,Spontaneous,103,9,77.05,120,,,,,,Medium
AUD_2443,Spontaneous,124,12,60.96,147,,,,,,High
AUD_2444,Spontaneous,147,11,74.12,117,,,,,,Medium
AUD_2445,Spontaneous,136,10,52.38,127,,,,,,High
AUD_2446,Spontaneous,164,5,34.27,73,,,,,,Low
AUD_2447,Spontaneous,148,5,21.68,92,,,,,,High
AUD_2448,Spontaneous,114,9,59.14,144,,,,,,High
AUD_2449,Reading,140,6,31.27,175,,,,,,Medium
AUD_2450,Reading,96,11,33.1,141,,,,,,Medium
AUD_2451,Spontaneous,142,10,50.54,132,,,,,,Medium
AUD_2452,Reading,125,7,50.95,83,,,,,,Medium
AUD_2453,Spontaneous,99,10,39.21,168,,,,,,High
AUD_2454,Reading,118,13,29.23,102,,,,,,Medium
AUD_2455,Reading,171,13,86.15,102,,,,,,Medium
AUD_2456,Spontaneous,143,5,29.21,195,,,,,,Medium
AUD_2457,Spontaneous,171,2,44.55,166,,,,,,High
AUD_2458,Spontaneous,127,5,41.34,184,,,,,,Medium
AUD_2459,Reading,178,10,80.64,124,,,,,,High
AUD_2460,Reading,122,14,48.7,91,,,,,,Medium
AUD_2461,Spontaneous,158,8,28.68,188,,,,,,Medium
AUD_2462,Reading,117,7,20.72,186,,,,,,High
AUD_2463,Spontaneous,100,3,70.54,84,,,,,,High
AUD_2464,Reading,165,5,70.02,150,,,,,,Medium
AUD_2465,Spontaneous,159,2,49.24,136,,,,,,Medium
AUD_2466,Reading,164,14,28.84,146,,,,,,High
AUD_2467,Spontaneous,117,4,46.01,133,,,,,,Medium
AUD_2468,Spontaneous,153,14,61.29,54,,,,,,Medium
AUD_2469,Spontaneous,110,3,69.28,100,,,,,,High
AUD_2470,Reading,91,14,25.48,87,,,,,,Medium
AUD_2471,Spontaneous,168,5,58.94,52,,,,,,High
AUD_2472,Reading,137,5,39.33,62,,,,,,High
AUD_2473,Spontaneous,179,12,63.21,136,,,,,,Medium
AUD_2474,Spontaneous,125,10,65.37,52,,,,,,Medium
AUD_2475,Spontaneous,176,8,83.74,104,,,,,,High
AUD_2476,Reading,145,14,48.73,115,,,,,,Medium
AUD_2477,Reading,136,4,57.63,133,,,,,,High
AUD_2478,Reading,117,8,38.78,122,,,,,,Medium
AUD_2479,Spontaneous,164,9,40.06,161,,,,,,High
AUD_2480,Reading,165,13,23.22,111,,,,,,High
AUD_2481,Spontaneous,128,8,40.02,74,,,,,,Medium
AUD_2482,Spontaneous,155,9,24.47,101,,,,,,Medium
AUD_2483,Spontaneous,130,10,87.47,99,,,,,,Medium
AUD_2484,Spontaneous,157,2,63.7,171,,,,,,Medium
AUD_2485,Spontaneous,179,11,32.12,178,,,,,,Medium
AUD_2486,Reading,114,7,28.17,88,,,,,,Medium
AUD_2487,Reading,147,5,45.91,101,,,,,,Medium
AUD_2488,Spontaneous,124,2,41.54,125,,,,,,High
AUD_2489,Spontaneous,139,3,39.55,89,,,,,,Medium
AUD_2490,Reading,169,11,52.77,109,,,,,,High
AUD_2491,Spontaneous,121,5,83.9,159,,,,,,High
AUD_2492,Spontaneous,97,2,59.76,133,,,,,,Medium
AUD_2493,Spontaneous,162,7,56.49,69,,,,,,Medium
AUD_2494,Spontaneous,140,2,76.46,134,,,,,,High
AUD_2495,Reading,130,14,20.28,51,,,,,,Medium
AUD_2496,Spontaneous,106,10,33.82,155,,,,,,High
AUD_2497,Reading,98,11,54.73,58,,,,,,Medium
AUD_2498,Reading,115,4,69.37,107,,,,,,High
AUD_2499,Reading,155,13,53.95,92,,,,,,Medium
AUD_2500,Reading,127,12,31.46,187,,,,,,Medium
AUD_2501,Spontaneous,141,2,85.1,158,,,,,,High
AUD_2502,Spontaneous,97,7,43.01,97,,,,,,Medium
AUD_2503,Spontaneous,101,7,75.18,175,,,,,,Low
AUD_2504,Reading,91,8,82.4,194,,,,,,Medium
AUD_2505,Reading,151,8,44.25,177,,,,,,High
AUD_2506,Reading,114,11,79.17,182,,,,,,High
AUD_2507,Spontaneous,177,12,69.75,156,,,,,,Medium
AUD_2508,Spontaneous,118,5,83.3,120,,,,,,Medium
AUD_2509,Spontaneous,123,6,37.59,181,,,,,,Medium
AUD_2510,Reading,132,4,85.19,150,,,,,,High
AUD_2511,Reading,119,7,24.57,132,,,,,,High
AUD_2512,Spontaneous,164,14,75.56,77,,,,,,Medium
AUD_2513,Reading,169,8,50.5,155,,,,,,High
AUD_2514,Reading,91,10,32.45,87,,,,,,High
AUD_2515,Spontaneous,149,10,25.56,115,,,,,,Medium
AUD_2516,Reading,152,13,47.27,96,,,,,,Medium
AUD_2517,Reading,177,14,47.25,155,,,,,,High
AUD_2518,Spontaneous,123,6,36.1,152,,,,,,High
AUD_2519,Reading,108,5,35.09,74,,,,,,Medium
AUD_2520,Reading,137,8,47.97,115,,,,,,Medium
AUD_2521,Reading,130,4,48.71,128,,,,,,High
AUD_2522,Reading,161,5,50.97,116,,,,,,Medium
AUD_2523,Spontaneous,171,10,80.81,89,,,,,,Medium
AUD_2524,Spontaneous,98,6,62.79,149,,,,,,High
AUD_2525,Reading,166,11,21.43,164,,,,,,High
AUD_2526,Spontaneous,172,8,56.34,168,,,,,,High
AUD_2527,Spontaneous,173,3,73.37,194,,,,,,Medium
AUD_2528,Spontaneous,159,10,23.95,111,,,,,,Medium
AUD_2529,Reading,157,6,49.58,125,,,,,,High
AUD_2530,Reading,91,6,51.58,80,,,,,,High
AUD_2531,Spontaneous,173,5,86.78,82,,,,,,High
AUD_2532,Spontaneous,122,9,53.3,92,,,,,,Medium
AUD_2533,Spontaneous,94,12,72.49,142,,,,,,Medium
AUD_2534,Spontaneous,127,5,41.2,87,,,,,,Medium
AUD_2535,Reading,156,3,74.55,90,,,,,,Medium
AUD_2536,Spontaneous,130,6,42.59,167,,,,,,High
AUD_2537,Reading,158,4,50.1,71,,,,,,High
AUD_2538,Reading,136,5,53.56,145,,,,,,Medium
AUD_2539,Reading,117,4,84.85,176,,,,,,Medium
AUD_2540,Reading,108,8,23.74,110,,,,,,High
AUD_2541,Reading,128,7,33.78,123,,,,,,High
AUD_2542,Reading,93,3,69.4,81,,,,,,Medium
AUD_2543,Reading,128,12,60.43,181,,,,,,Medium
AUD_2544,Spontaneous,96,9,37.61,94,,,,,,Medium
AUD_2545,Reading,169,6,40.24,121,,,,,,High
AUD_2546,Spontaneous,142,7,45.71,69,,,,,,High
AUD_2547,Spontaneous,148,9,51.52,114,,,,,,High
AUD_2548,Spontaneous,116,12,77.26,138,,,,,,Medium
AUD_2549,Spontaneous,110,12,20.97,72,,,,,,Medium
AUD_2550,Spontaneous,154,13,82.86,89,,,,,,High
AUD_2551,Reading,150,8,48.91,179,,,,,,Medium
AUD_2552,Reading,101,12,36.13,127,,,,,,High
AUD_2553,Spontaneous,111,4,55.59,93,,,,,,Medium
AUD_2554,Spontaneous,175,3,66.18,162,,,,,,Medium
AUD_2555,Spontaneous,117,4,23.13,132,,,,,,Medium
AUD_2556,Reading,92,9,70.1,166,,,,,,Medium
AUD_2557,Spontaneous,96,5,73.25,54,,,,,,High
AUD_2558,Reading,160,9,31.63,170,,,,,,High
AUD_2559,Reading,158,5,31.75,119,,,,,,Medium
AUD_2560,Spontaneous,124,8,34.26,84,,,,,,Low
AUD_2561,Reading,104,14,75.76,65,,,,,,High
AUD_2562,Reading,135,7,39.04,63,,,,,,High
AUD_2563,Reading,120,11,75.72,74,,,,,,Medium
AUD_2564,Spontaneous,124,2,57.84,128,,,,,,Medium
AUD_2565,Spontaneous,113,14,73.7,150,,,,,,Medium
AUD_2566,Spontaneous,96,12,58.76,154,,,,,,High
AUD_2567,Spontaneous,161,9,43.5,195,,,,,,High
AUD_2568,Spontaneous,146,7,83.75,69,,,,,,Medium
AUD_2569,Spontaneous,165,3,70.07,105,,,,,,Medium
AUD_2570,Spontaneous,135,6,53.88,179,,,,,,Medium
AUD_2571,Spontaneous,179,13,64.62,72,,,,,,Medium
AUD_2572,Reading,177,3,63.11,81,,,,,,Medium
AUD_2573,Spontaneous,114,11,45.07,190,,,,,,Medium
AUD_2574,Reading,125,8,49.66,62,,,,,,High
AUD_2575,Reading,158,12,42.28,194,,,,,,High
AUD_2576,Spontaneous,160,11,89.97,76,,,,,,Medium
AUD_2577,Reading,172,7,60.6,194,,,,,,High
AUD_2578,Reading,149,8,26.44,63,,,,,,High
AUD_2579,Spontaneous,133,7,56.34,191,,,,,,Medium
AUD_2580,Reading,124,11,23.5,189,,,,,,Medium
AUD_2581,Spontaneous,128,2,40.21,118,,,,,,Low
AUD_2582,Reading,167,4,51.22,117,,,,,,High
AUD_2583,Reading,178,11,57.4,104,,,,,,High
AUD_2584,Spontaneous,95,3,88.33,78,,,,,,Medium
AUD_2585,Reading,142,2,88.76,138,,,,,,Medium
AUD_2586,Reading,137,2,26.86,94,,,,,,Medium
AUD_2587,Spontaneous,124,5,57.67,181,,,,,,High
AUD_2588,Spontaneous,167,12,77.2,193,,,,,,High
AUD_2589,Reading,142,2,36.64,115,,,,,,High
AUD_2590,Reading,118,3,72.54,72,,,,,,High
AUD_2591,Spontaneous,130,2,81.5,117,,,,,,Medium
AUD_2592,Reading,122,14,66.37,197,,,,,,High
AUD_2593,Spontaneous,129,13,42.94,194,,,,,,Medium
AUD_2594,Spontaneous,96,13,84.62,55,,,,,,Medium
AUD_2595,Spontaneous,100,7,81.85,131,,,,,,Medium
AUD_2596,Reading,146,12,70.11,172,,,,,,High
AUD_2597,Reading,152,5,45.46,154,,,,,,Medium
AUD_2598,Reading,147,9,75.43,83,,,,,,High
AUD_2599,Spontaneous,159,12,42.13,103,,,,,,Medium
AUD_2600,Reading,175,6,37.71,131,,,,,,Medium
AUD_2601,Spontaneous,167,11,56.05,143,,,,,,Medium
AUD_2602,Reading,128,6,89.8,114,,,,,,High
AUD_2603,Spontaneous,110,12,76.3,136,,,,,,Low
AUD_2604,Spontaneous,118,12,71.09,78,,,,,,High
AUD_2605,Reading,143,9,51.64,90,,,,,,High
AUD_2606,Spontaneous,167,12,41.84,154,,,,,,High
AUD_2607,Reading,153,11,79.91,112,,,,,,High
AUD_2608,Reading,139,7,59.74,115,,,,,,High
AUD_2609,Reading,144,7,76.93,161,,,,,,High
AUD_2610,Reading,138,4,54.14,149,,,,,,Medium
AUD_2611,Reading,177,14,72.78,194,,,,,,Medium
AUD_2612,Spontaneous,163,7,80.74,115,,,,,,Medium
AUD_2613,Reading,160,11,47.4,117,,,,,,High
AUD_2614,Spontaneous,137,14,20.95,83,,,,,,Medium
AUD_2615,Reading,120,8,37.84,50,,,,,,High
AUD_2616,Spontaneous,92,3,84.04,183,,,,,,High
AUD_2617,Spontaneous,94,4,68.13,65,,,,,,Medium
AUD_2618,Reading,93,7,71.61,51,,,,,,High
AUD_2619,Spontaneous,178,11,42.77,165,,,,,,High
AUD_2620,Reading,100,10,69.09,125,,,,,,Medium
AUD_2621,Reading,103,14,65.24,76,,,,,,High
AUD_2622,Reading,134,10,32.49,68,,,,,,Low
AUD_2623,Spontaneous,133,9,87.81,77,,,,,,Medium
AUD_2624,Spontaneous,173,9,44.78,84,,,,,,Medium
AUD_2625,Spontaneous,97,10,43.05,164,,,,,,High
AUD_2626,Spontaneous,176,12,45.84,117,,,,,,High
AUD_2627,Reading,109,12,26.42,98,,,,,,Medium
AUD_2628,Reading,177,10,63.75,56,,,,,,High
AUD_2629,Spontaneous,139,11,36.7,86,,,,,,Low
AUD_2630,Spontaneous,149,12,76.23,164,,,,,,High
AUD_2631,Reading,118,14,47.59,164,,,,,,High
AUD_2632,Spontaneous,145,10,52.1,90,,,,,,High
AUD_2633,Reading,154,6,65.25,130,,,,,,Medium
AUD_2634,Spontaneous,91,7,73.33,111,,,,,,Medium
AUD_2635,Spontaneous,93,6,36.18,191,,,,,,High
AUD_2636,Spontaneous,179,14,87.64,51,,,,,,Medium
AUD_2637,Reading,131,2,63.56,137,,,,,,Medium
AUD_2638,Reading,174,5,20.39,97,,,,,,Medium
AUD_2639,Spontaneous,156,12,49.09,104,,,,,,Medium
AUD_2640,Spontaneous,124,14,50.58,61,,,,,,High
AUD_2641,Spontaneous,104,2,76.64,50,,,,,,Medium
AUD_2642,Spontaneous,178,13,41.36,152,,,,,,High
AUD_2643,Spontaneous,143,2,43.19,83,,,,,,High
AUD_2644,Spontaneous,107,4,24.93,161,,,,,,High
AUD_2645,Spontaneous,151,8,39.85,95,,,,,,Medium
AUD_2646,Spontaneous,98,2,70.19,196,,,,,,Low
AUD_2647,Reading,168,8,64.43,148,,,,,,Medium
AUD_2648,Reading,98,11,25.7,106,,,,,,High
AUD_2649,Reading,111,11,28.03,100,,,,,,Medium
AUD_2650,Reading,98,14,46.38,71,,,,,,Medium
AUD_2651,Spontaneous,99,2,72.06,117,,,,,,High
AUD_2652,Reading,137,10,78.3,185,,,,,,High
AUD_2653,Reading,152,6,21.02,109,,,,,,Medium
AUD_2654,Spontaneous,161,14,43.03,114,,,,,,Medium
AUD_2655,Reading,153,7,49.7,85,,,,,,High
AUD_2656,Reading,123,13,83.78,78,,,,,,High
AUD_2657,Reading,140,10,55.1,105,,,,,,Medium
AUD_2658,Reading,173,12,38.88,131,,,,,,Medium
AUD_2659,Reading,125,4,47.3,181,,,,,,Medium
AUD_2660,Spontaneous,113,4,50.55,93,,,,,,High
AUD_2661,Spontaneous,137,6,66.9,80,,,,,,High
AUD_2662,Spontaneous,117,14,22.88,130,,,,,,Medium
AUD_2663,Reading,114,14,47.26,123,,,,,,Medium
AUD_2664,Reading,160,8,65.26,173,,,,,,Medium
AUD_2665,Reading,170,4,39.83,65,,,,,,High
AUD_2666,Spontaneous,135,5,61.42,117,,,,,,Medium
AUD_2667,Reading,160,3,45.01,168,,,,,,Medium
AUD_2668,Reading,107,10,73.11,118,,,,,,Medium
AUD_2669,Reading,139,11,24.24,91,,,,,,Low
AUD_2670,Reading,147,10,84.26,159,,,,,,High
AUD_2671,Spontaneous,134,14,32.01,90,,,,,,Medium
AUD_2672,Spontaneous,101,12,31.1,99,,,,,,High
AUD_2673,Reading,156,3,78.85,55,,,,,,High
AUD_2674,Spontaneous,166,6,80.85,124,,,,,,High
AUD_2675,Spontaneous,147,2,26.51,66,,,,,,Medium
AUD_2676,Spontaneous,105,9,83.61,154,,,,,,High
AUD_2677,Reading,97,7,39.13,116,,,,,,Medium
AUD_2678,Spontaneous,117,11,63.3,193,,,,,,High
AUD_2679,Spontaneous,93,11,24.8,149,,,,,,Medium
AUD_2680,Reading,166,3,46.65,139,,,,,,Medium
AUD_2681,Spontaneous,153,3,51.55,130,,,,,,High
AUD_2682,Spontaneous,141,11,61.99,164,,,,,,Medium
AUD_2683,Spontaneous,170,6,56.77,69,,,,,,Medium
AUD_2684,Reading,100,8,52.3,129,,,,,,High
AUD_2685,Reading,154,10,87.17,105,,,,,,High
AUD_2686,Spontaneous,103,10,32.95,102,,,,,,Medium
AUD_2687,Reading,95,13,31.06,98,,,,,,Medium
AUD_2688,Reading,102,12,69.94,53,,,,,,Medium
AUD_2689,Reading,176,7,25.22,67,,,,,,High
AUD_2690,Spontaneous,130,3,53.8,85,,,,,,High
AUD_2691,Spontaneous,94,7,53.88,166,,,,,,Medium
AUD_2692,Reading,143,2,41.7,84,,,,,,High
AUD_2693,Spontaneous,108,12,85.13,79,,,,,,Medium
AUD_2694,Reading,91,12,39.78,167,,,,,,Medium
AUD_2695,Reading,158,14,40.19,112,,,,,,High
AUD_2696,Spontaneous,104,3,36.4,131,,,,,,Medium
AUD_2697,Reading,175,13,30.21,198,,,,,,Medium
AUD_2698,Reading,143,4,45.48,118,,,,,,Medium
AUD_2699,Reading,98,6,67.66,174,,,,,,High
AUD_2700,Reading,110,11,71.95,103,,,,,,Medium
AUD_2701,Spontaneous,145,2,76.94,136,,,,,,High
AUD_2702,Reading,120,13,33.83,105,,,,,,High
AUD_2703,Spontaneous,138,11,22.49,128,,,,,,Medium
AUD_2704,Reading,162,14,88.23,191,,,,,,Medium
AUD_2705,Spontaneous,161,14,21.0,198,,,,,,High
AUD_2706,Reading,153,14,87.25,169,,,,,,High
AUD_2707,Reading,170,6,78.02,74,,,,,,Medium
AUD_2708,Spontaneous,108,6,83.85,158,,,,,,High
AUD_2709,Spontaneous,106,5,47.1,144,,,,,,Medium
AUD_2710,Reading,162,4,33.8,102,,,,,,Medium
AUD_2711,Reading,119,8,62.45,97,,,,,,Medium
AUD_2712,Reading,136,12,71.89,119,,,,,,Medium
AUD_2713,Reading,157,8,29.16,181,,,,,,High
AUD_2714,Reading,126,2,75.83,132,,,,,,High
AUD_2715,Spontaneous,102,8,34.6,182,,,,,,Medium
AUD_2716,Spontaneous,151,4,54.42,131,,,,,,Medium
AUD_2717,Reading,164,14,79.95,153,,,,,,Medium
AUD_2718,Spontaneous,91,4,33.54,124,,,,,,Medium
AUD_2719,Spontaneous,141,7,36.93,138,,,,,,Medium
AUD_2720,Reading,132,7,24.39,113,,,,,,Medium
AUD_2721,Spontaneous,113,12,30.26,84,,,,,,Medium
AUD_2722,Reading,104,14,30.26,61,,,,,,High
AUD_2723,Spontaneous,107,5,34.24,139,,,,,,High
AUD_2724,Spontaneous,155,6,40.03,104,,,,,,High
AUD_2725,Spontaneous,138,4,77.05,161,,,,,,Medium
AUD_2726,Spontaneous,178,4,84.1,118,,,,,,High
AUD_2727,Spontaneous,112,10,48.44,140,,,,,,High
AUD_2728,Reading,176,6,28.97,87,,,,,,Medium
AUD_2729,Spontaneous,136,2,35.67,78,,,,,,High
AUD_2730,Reading,103,10,71.53,61,,,,,,High
AUD_2731,Spontaneous,103,11,67.42,196,,,,,,High
AUD_2732,Spontaneous,145,7,87.7,186,,,,,,High
AUD_2733,Spontaneous,165,10,21.01,131,,,,,,High
AUD_2734,Reading,157,12,72.55,52,,,,,,High
AUD_2735,Spontaneous,149,8,55.41,136,,,,,,High
AUD_2736,Spontaneous,105,12,83.19,137,,,,,,High
AUD_2737,Reading,100,11,60.33,102,,,,,,Medium
AUD_2738,Reading,90,11,51.27,150,,,,,,High
AUD_2739,Reading,99,8,66.61,53,,,,,,High
AUD_2740,Spontaneous,159,6,78.35,106,,,,,,High
AUD_2741,Spontaneous,171,8,39.77,77,,,,,,Medium
AUD_2742,Spontaneous,112,11,27.53,65,,,,,,High
AUD_2743,Spontaneous,162,5,50.31,62,,,,,,Medium
AUD_2744,Reading,108,12,35.02,102,,,,,,Medium
AUD_2745,Reading,112,12,50.07,97,,,,,,Medium
AUD_2746,Spontaneous,110,7,89.37,74,,,,,,High
AUD_2747,Reading,95,3,60.19,115,,,,,,Medium
AUD_2748,Reading,107,11,68.55,153,,,,,,Medium
AUD_2749,Reading,124,4,67.45,52,,,,,,High
AUD_2750,Spontaneous,126,3,77.45,143,,,,,,Medium
AUD_2751,Reading,118,14,86.09,60,,,,,,High
AUD_2752,Spontaneous,136,11,66.12,70,,,,,,High
AUD_2753,Spontaneous,124,3,53.33,176,,,,,,High
AUD_2754,Spontaneous,177,8,42.25,140,,,,,,Medium
AUD_2755,Reading,163,6,45.22,144,,,,,,High
AUD_2756,Reading,174,14,43.41,143,,,,,,High
AUD_2757,Reading,140,14,42.71,178,,,,,,Medium
AUD_2758,Reading,151,7,68.62,161,,,,,,Medium
AUD_2759,Spontaneous,105,4,61.14,83,,,,,,Medium
AUD_2760,Spontaneous,158,11,34.14,129,,,,,,Medium
AUD_2761,Spontaneous,111,6,87.87,132,,,,,,High
AUD_2762,Reading,103,6,49.94,78,,,,,,High
AUD_2763,Reading,94,12,59.63,180,,,,,,High
AUD_2764,Reading,132,5,69.18,60,,,,,,High
AUD_2765,Spontaneous,116,11,62.96,185,,,,,,Medium
AUD_2766,Spontaneous,179,5,41.77,111,,,,,,Medium
AUD_2767,Reading,112,13,75.84,152,,,,,,Low
AUD_2768,Spontaneous,168,14,27.71,82,,,,,,Medium
AUD_2769,Spontaneous,118,9,59.83,185,,,,,,Medium
AUD_2770,Reading,157,7,39.13,137,,,,,,Medium
AUD_2771,Reading,149,12,63.1,66,,,,,,Medium
AUD_2772,Spontaneous,141,3,35.26,140,,,,,,Medium
AUD_2773,Reading,128,3,74.05,92,,,,,,Low
AUD_2774,Spontaneous,150,3,35.93,122,,,,,,Medium
AUD_2775,Reading,127,7,82.33,54,,,,,,High
AUD_2776,Spontaneous,139,13,80.31,105,,,,,,High
AUD_2777,Reading,143,2,45.37,106,,,,,,High
AUD_2778,Reading,114,4,47.01,121,,,,,,High
AUD_2779,Reading,121,2,69.11,128,,,,,,Low
AUD_2780,Spontaneous,92,5,26.33,85,,,,,,High
AUD_2781,Spontaneous,167,14,25.66,183,,,,,,Medium
AUD_2782,Reading,158,2,29.54,164,,,,,,Medium
AUD_2783,Spontaneous,107,10,59.37,120,,,,,,Medium
AUD_2784,Spontaneous,123,12,30.43,141,,,,,,Medium
AUD_2785,Reading,128,13,39.43,184,,,,,,Low
AUD_2786,Reading,120,12,65.28,154,,,,,,High
AUD_2787,Reading,162,14,21.09,114,,,,,,Medium
AUD_2788,Spontaneous,155,7,32.62,73,,,,,,High
AUD_2789,Reading,159,9,85.1,94,,,,,,High
AUD_2790,Spontaneous,171,3,66.45,196,,,,,,Medium
AUD_2791,Spontaneous,144,7,41.39,166,,,,,,Medium
AUD_2792,Spontaneous,145,5,23.17,79,,,,,,Medium
AUD_2793,Reading,155,8,61.02,114,,,,,,High
AUD_2794,Reading,151,9,35.6,197,,,,,,Medium
AUD_2795,Spontaneous,168,7,87.21,134,,,,,,High
AUD_2796,Spontaneous,159,14,68.09,132,,,,,,High
AUD_2797,Reading,101,14,88.19,163,,,,,,Medium
AUD_2798,Reading,174,2,79.42,145,,,,,,High
AUD_2799,Reading,151,9,53.81,136,,,,,,Medium
AUD_2800,Reading,101,12,66.87,116,,,,,,High
AUD_2801,Reading,159,2,76.85,80,,,,,,High
AUD_2802,Reading,122,10,60.47,115,,,,,,High
AUD_2803,Reading,163,3,24.3,103,,,,,,High
AUD_2804,Reading,176,12,52.93,59,,,,,,Medium
AUD_2805,Reading,113,11,29.14,132,,,,,,High
AUD_2806,Spontaneous,167,7,70.04,78,,,,,,Medium
AUD_2807,Reading,160,9,67.64,81,,,,,,Medium
AUD_2808,Reading,150,6,89.5,66,,,,,,Medium
AUD_2809,Spontaneous,125,3,64.02,164,,,,,,Medium
AUD_2810,Reading,100,6,76.01,94,,,,,,Medium
AUD_2811,Reading,134,2,38.78,98,,,,,,High
AUD_2812,Spontaneous,100,9,43.8,136,,,,,,Low
AUD_2813,Reading,135,9,84.19,195,,,,,,High
AUD_2814,Spontaneous,164,3,72.86,124,,,,,,Medium
AUD_2815,Spontaneous,180,7,65.87,172,,,,,,Medium
AUD_2816,Reading,108,12,37.78,173,,,,,,Medium
AUD_2817,Spontaneous,109,9,68.9,101,,,,,,Medium
AUD_2818,Spontaneous,163,11,82.07,197,,,,,,High
AUD_2819,Spontaneous,132,14,36.16,190,,,,,,High
AUD_2820,Spontaneous,172,9,69.43,137,,,,,,Medium
AUD_2821,Reading,159,13,47.56,133,,,,,,High
AUD_2822,Spontaneous,156,8,28.31,155,,,,,,High
AUD_2823,Spontaneous,99,4,73.44,141,,,,,,Medium
AUD_2824,Reading,93,14,31.7,148,,,,,,Medium
AUD_2825,Spontaneous,119,13,37.7,70,,,,,,Medium
AUD_2826,Reading,110,12,74.81,55,,,,,,Medium
AUD_2827,Spontaneous,154,5,71.95,102,,,,,,Medium
AUD_2828,Reading,131,2,37.79,136,,,,,,Medium
AUD_2829,Spontaneous,137,10,85.87,135,,,,,,Medium
AUD_2830,Reading,163,11,35.07,186,,,,,,Medium
AUD_2831,Spontaneous,133,11,89.55,145,,,,,,High
AUD_2832,Reading,139,3,71.65,162,,,,,,Medium
AUD_2833,Reading,166,11,47.48,120,,,,,,Medium
AUD_2834,Reading,129,8,29.12,92,,,,,,Medium
AUD_2835,Reading,97,9,42.44,83,,,,,,Medium
AUD_2836,Reading,137,5,33.56,95,,,,,,Medium
AUD_2837,Spontaneous,142,12,63.53,81,,,,,,High
AUD_2838,Spontaneous,136,12,44.98,193,,,,,,Medium
AUD_2839,Reading,113,11,40.65,50,,,,,,Medium
AUD_2840,Reading,110,2,73.0,69,,,,,,High
AUD_2841,Spontaneous,123,6,36.14,121,,,,,,High
AUD_2842,Spontaneous,105,11,61.08,60,,,,,,High
AUD_2843,Reading,150,11,33.62,156,,,,,,Medium
AUD_2844,Spontaneous,145,7,70.04,92,,,,,,Medium
AUD_2845,Reading,147,8,63.76,59,,,,,,High
AUD_2846,Reading,110,2,75.87,57,,,,,,Medium
AUD_2847,Reading,112,14,24.79,68,,,,,,High
AUD_2848,Spontaneous,161,5,34.71,104,,,,,,Low
AUD_2849,Reading,152,13,30.81,52,,,,,,Medium
AUD_2850,Spontaneous,169,6,33.34,102,,,,,,Medium
AUD_2851,Spontaneous,126,6,27.21,93,,,,,,Medium
AUD_2852,Spontaneous,139,8,59.35,145,,,,,,High
AUD_2853,Spontaneous,156,5,61.54,97,,,,,,Medium
AUD_2854,Reading,178,11,79.04,103,,,,,,Medium
AUD_2855,Reading,179,8,49.24,193,,,,,,Medium
AUD_2856,Spontaneous,180,9,57.27,141,,,,,,High
AUD_2857,Reading,170,3,89.39,193,,,,,,Medium
AUD_2858,Spontaneous,148,2,57.23,100,,,,,,Medium
AUD_2859,Reading,91,14,60.15,67,,,,,,High
AUD_2860,Reading,153,11,89.71,175,,,,,,High
AUD_2861,Reading,111,11,89.59,55,,,,,,High
AUD_2862,Reading,95,2,49.68,183,,,,,,High
AUD_2863,Reading,153,14,64.45,127,,,,,,High
AUD_2864,Reading,158,2,53.66,131,,,,,,Medium
AUD_2865,Spontaneous,149,10,70.45,129,,,,,,Medium
AUD_2866,Reading,123,5,85.69,137,,,,,,High
AUD_2867,Reading,136,10,41.68,62,,,,,,High
AUD_2868,Reading,174,8,77.32,114,,,,,,High
AUD_2869,Spontaneous,156,8,65.84,113,,,,,,High
AUD_2870,Reading,135,14,39.61,63,,,,,,Medium
AUD_2871,Reading,143,3,75.81,194,,,,,,High
AUD_2872,Reading,173,3,49.9,170,,,,,,Medium
AUD_2873,Spontaneous,125,13,28.43,126,,,,,,Low
AUD_2874,Reading,99,6,89.54,62,,,,,,High
AUD_2875,Spontaneous,119,11,49.8,122,,,,,,High
AUD_2876,Spontaneous,127,2,57.91,183,,,,,,High
AUD_2877,Reading,115,8,76.56,55,,,,,,High
AUD_2878,Reading,138,12,87.26,170,,,,,,High
AUD_2879,Spontaneous,117,8,81.1,143,,,,,,Medium
AUD_2880,Spontaneous,99,12,56.75,106,,,,,,Medium
AUD_2881,Reading,107,9,58.2,102,,,,,,Medium
AUD_2882,Reading,173,8,39.66,95,,,,,,Medium
AUD_2883,Spontaneous,147,9,52.4,127,,,,,,Medium
AUD_2884,Spontaneous,118,4,86.28,181,,,,,,Medium
AUD_2885,Spontaneous,123,4,70.89,83,,,,,,High
AUD_2886,Spontaneous,134,9,20.83,91,,,,,,Medium
AUD_2887,Reading,151,10,28.16,127,,,,,,Medium
AUD_2888,Spontaneous,142,11,84.67,113,,,,,,High
AUD_2889,Reading,174,5,79.41,194,,,,,,High
AUD_2890,Spontaneous,146,9,54.03,167,,,,,,High
AUD_2891,Spontaneous,172,2,63.19,79,,,,,,High
AUD_2892,Reading,90,3,40.28,142,,,,,,Medium
AUD_2893,Reading,170,14,75.5,56,,,,,,High
AUD_2894,Reading,155,11,62.23,72,,,,,,Medium
AUD_2895,Reading,106,11,68.64,85,,,,,,High
AUD_2896,Spontaneous,114,11,46.24,191,,,,,,Medium
AUD_2897,Reading,139,10,50.13,197,,,,,,High
AUD_2898,Reading,101,3,34.54,165,,,,,,Medium
AUD_2899,Reading,161,3,86.36,130,,,,,,Medium
AUD_2900,Spontaneous,161,9,86.26,74,,,,,,High
AUD_2901,Spontaneous,117,6,77.24,164,,,,,,Medium
AUD_2902,Reading,96,6,85.49,143,,,,,,High
AUD_2903,Spontaneous,179,12,66.57,98,,,,,,High
AUD_2904,Spontaneous,113,7,36.43,76,,,,,,High
AUD_2905,Reading,96,9,73.21,144,,,,,,High
AUD_2906,Spontaneous,120,9,42.77,63,,,,,,High
AUD_2907,Reading,177,10,50.83,171,,,,,,Low
AUD_2908,Reading,161,11,39.2,97,,,,,,High
AUD_2909,Reading,133,12,49.65,177,,,,,,Medium
AUD_2910,Spontaneous,117,4,67.55,134,,,,,,High
AUD_2911,Reading,128,10,27.74,141,,,,,,Medium
AUD_2912,Spontaneous,92,12,27.36,64,,,,,,High
AUD_2913,Spontaneous,155,4,67.86,100,,,,,,Medium
AUD_2914,Spontaneous,99,2,74.57,103,,,,,,Medium
AUD_2915,Spontaneous,137,13,58.6,188,,,,,,High
AUD_2916,Reading,141,12,32.71,157,,,,,,High
AUD_2917,Reading,90,6,50.15,124,,,,,,Medium
AUD_2918,Spontaneous,178,8,73.07,77,,,,,,High
AUD_2919,Reading,117,4,68.0,177,,,,,,Medium
AUD_2920,Spontaneous,97,10,27.69,119,,,,,,Medium
AUD_2921,Spontaneous,167,2,87.84,145,,,,,,Medium
AUD_2922,Reading,104,7,35.64,189,,,,,,High
AUD_2923,Spontaneous,92,13,35.43,152,,,,,,High
AUD_2924,Reading,135,13,52.19,136,,,,,,High
AUD_2925,Spontaneous,102,7,42.91,154,,,,,,Medium
AUD_2926,Spontaneous,178,14,88.88,158,,,,,,High
AUD_2927,Spontaneous,91,9,25.35,130,,,,,,Low
AUD_2928,Spontaneous,95,14,41.45,94,,,,,,Low
AUD_2929,Reading,165,4,46.79,161,,,,,,Medium
AUD_2930,Spontaneous,112,13,54.54,109,,,,,,High
AUD_2931,Spontaneous,172,6,21.15,120,,,,,,High
AUD_2932,Reading,118,12,25.77,62,,,,,,High
AUD_2933,Spontaneous,96,11,38.05,127,,,,,,High
AUD_2934,Spontaneous,91,12,58.78,174,,,,,,High
AUD_2935,Spontaneous,115,6,73.74,147,,,,,,Medium
AUD_2936,Spontaneous,133,9,68.05,140,,,,,,Medium
AUD_2937,Spontaneous,90,8,59.69,138,,,,,,Medium
AUD_2938,Spontaneous,142,4,47.81,148,,,,,,Medium
AUD_2939,Reading,120,8,80.95,122,,,,,,Medium
AUD_2940,Spontaneous,125,11,52.18,119,,,,,,High
AUD_2941,Reading,114,9,40.95,88,,,,,,High
AUD_2942,Spontaneous,138,6,64.05,76,,,,,,Medium
AUD_2943,Reading,111,12,68.45,89,,,,,,Low
AUD_2944,Reading,102,6,47.89,172,,,,,,Medium
AUD_2945,Reading,170,12,21.97,80,,,,,,Medium
AUD_2946,Reading,125,2,26.59,180,,,,,,Medium
AUD_2947,Spontaneous,97,14,79.19,64,,,,,,High
AUD_2948,Spontaneous,111,9,23.96,119,,,,,,High
AUD_2949,Spontaneous,118,14,61.44,60,,,,,,High
AUD_2950,Reading,159,7,32.86,79,,,,,,Low
AUD_2951,Reading,92,7,36.02,84,,,,,,High
AUD_2952,Reading,133,6,39.13,161,,,,,,High
AUD_2953,Reading,127,6,22.68,92,,,,,,High
AUD_2954,Reading,177,4,32.41,142,,,,,,Medium
AUD_2955,Reading,106,13,65.53,168,,,,,,Medium
AUD_2956,Reading,147,4,54.91,52,,,,,,High
AUD_2957,Spontaneous,108,3,75.81,139,,,,,,High
AUD_2958,Reading,139,10,24.29,127,,,,,,High
AUD_2959,Spontaneous,140,9,82.22,132,,,,,,Medium
AUD_2960,Spontaneous,97,12,89.75,134,,,,,,Medium
AUD_2961,Reading,131,4,21.1,173,,,,,,Medium
AUD_2962,Reading,132,6,87.73,198,,,,,,High
AUD_2963,Reading,119,11,36.51,126,,,,,,Medium
AUD_2964,Reading,115,6,68.48,154,,,,,,High
AUD_2965,Spontaneous,110,9,40.47,102,,,,,,Medium
AUD_2966,Reading,91,7,56.53,93,,,,,,High
AUD_2967,Spontaneous,90,8,55.73,95,,,,,,High
AUD_2968,Reading,143,6,45.28,86,,,,,,Medium
AUD_2969,Spontaneous,116,13,70.23,87,,,,,,Medium
AUD_2970,Spontaneous,105,2,61.97,158,,,,,,High
AUD_2971,Spontaneous,152,9,55.58,158,,,,,,Medium
AUD_2972,Spontaneous,138,5,88.8,137,,,,,,High
AUD_2973,Spontaneous,172,6,85.8,60,,,,,,Medium
AUD_2974,Reading,165,2,86.88,142,,,,,,High
AUD_2975,Reading,155,4,81.69,113,,,,,,High
AUD_2976,Reading,101,3,37.86,175,,,,,,Medium
AUD_2977,Spontaneous,150,13,44.5,161,,,,,,Low
AUD_2978,Reading,152,3,36.17,154,,,,,,Medium
AUD_2979,Spontaneous,159,14,89.03,111,,,,,,High
AUD_2980,Spontaneous,114,2,30.69,110,,,,,,Medium
AUD_2981,Reading,148,7,45.66,139,,,,,,High
AUD_2982,Spontaneous,146,9,33.93,61,,,,,,High
AUD_2983,Reading,125,4,35.64,186,,,,,,Medium
AUD_2984,Spontaneous,150,2,37.3,123,,,,,,High
AUD_2985,Reading,98,11,64.78,156,,,,,,Medium
AUD_2986,Spontaneous,148,3,25.32,179,,,,,,Medium
AUD_2987,Reading,145,4,60.08,185,,,,,,High
AUD_2988,Reading,109,7,77.35,165,,,,,,High
AUD_2989,Spontaneous,164,4,73.66,92,,,,,,High
AUD_2990,Spontaneous,169,10,30.58,195,,,,,,High
AUD_2991,Spontaneous,109,13,84.03,88,,,,,,High
AUD_2992,Reading,97,2,73.91,80,,,,,,Medium
AUD_2993,Reading,144,8,20.37,191,,,,,,High
AUD_2994,Spontaneous,133,11,71.62,113,,,,,,Medium
AUD_2995,Reading,128,9,71.62,152,,,,,,High
AUD_2996,Reading,158,10,54.78,146,,,,,,Low
AUD_2997,Spontaneous,177,9,23.22,93,,,,,,High
AUD_2998,Reading,133,6,60.59,146,,,,,,High
AUD_2999,Reading,91,2,73.6,51,,,,,,Low
AUD_3000,Reading,144,2,38.96,85,,,,,,Medium
AUD_3001,Spontaneous,149,9,66.69,104,,,,,,High
AUD_3002,Reading,165,8,44.77,163,,,,,,Medium
AUD_3003,Spontaneous,108,6,60.17,136,,,,,,Medium
AUD_3004,Reading,137,11,46.92,118,,,,,,Medium
AUD_3005,Reading,130,4,41.26,160,,,,,,High
AUD_3006,Reading,150,10,79.91,129,,,,,,Medium
AUD_3007,Reading,96,5,72.77,89,,,,,,Medium
AUD_3008,Reading,170,7,44.18,73,,,,,,High
AUD_3009,Spontaneous,136,12,50.42,166,,,,,,High
AUD_3010,Reading,169,5,68.42,153,,,,,,Medium
AUD_3011,Reading,121,10,76.78,111,,,,,,Medium
AUD_3012,Reading,149,5,67.9,56,,,,,,Medium
AUD_3013,Reading,176,9,57.87,87,,,,,,High
AUD_3014,Spontaneous,175,12,86.81,168,,,,,,High
AUD_3015,Reading,175,13,74.19,135,,,,,,High
AUD_3016,Reading,94,13,28.09,135,,,,,,High
AUD_3017,Reading,126,4,59.07,140,,,,,,High
AUD_3018,Reading,95,9,48.67,170,,,,,,High
AUD_3019,Spontaneous,118,12,75.65,146,,,,,,Medium
AUD_3020,Spontaneous,106,4,23.13,152,,,,,,Medium
AUD_3021,Reading,146,12,48.75,50,,,,,,Medium
AUD_3022,Reading,160,6,42.28,94,,,,,,Medium
AUD_3023,Reading,136,2,29.88,113,,,,,,High
AUD_3024,Reading,162,7,46.52,184,,,,,,High
AUD_3025,Reading,91,12,67.1,119,,,,,,Medium
AUD_3026,Spontaneous,164,3,45.32,124,,,,,,High
AUD_3027,Spontaneous,106,13,60.6,122,,,,,,High
AUD_3028,Reading,131,4,61.5,199,,,,,,Medium
AUD_3029,Reading,130,12,61.1,122,,,,,,High
AUD_3030,Reading,169,2,57.07,104,,,,,,High
AUD_3031,Spontaneous,177,12,28.19,95,,,,,,Medium
AUD_3032,Reading,113,7,35.29,146,,,,,,Medium
AUD_3033,Reading,96,6,76.0,186,,,,,,High
AUD_3034,Spontaneous,149,11,55.17,64,,,,,,High
AUD_3035,Spontaneous,135,3,69.43,196,,,,,,High
AUD_3036,Reading,141,12,59.89,193,,,,,,High
AUD_3037,Reading,94,9,22.71,74,,,,,,High
AUD_3038,Reading,160,10,75.73,148,,,,,,High
AUD_3039,Reading,111,4,24.5,126,,,,,,High
AUD_3040,Spontaneous,120,13,86.02,56,,,,,,High
AUD_3041,Spontaneous,111,7,35.08,83,,,,,,High
AUD_3042,Reading,175,7,55.87,107,,,,,,Medium
AUD_3043,Spontaneous,105,11,24.45,127,,,,,,Medium
AUD_3044,Reading,156,7,82.65,72,,,,,,Medium
AUD_3045,Spontaneous,112,9,88.6,194,,,,,,High
AUD_3046,Reading,128,13,30.24,190,,,,,,Medium
AUD_3047,Reading,180,6,40.71,171,,,,,,Medium
AUD_3048,Spontaneous,99,11,21.11,76,,,,,,High
AUD_3049,Spontaneous,169,11,75.09,115,,,,,,High
AUD_3050,Spontaneous,175,14,41.8,150,,,,,,Medium
AUD_3051,Spontaneous,153,9,61.22,181,,,,,,Medium
AUD_3052,Spontaneous,91,13,22.75,143,,,,,,Medium
AUD_3053,Reading,164,4,70.08,116,,,,,,High
AUD_3054,Reading,169,8,57.06,191,,,,,,Medium
AUD_3055,Spontaneous,178,2,70.75,60,,,,,,High
AUD_3056,Reading,166,5,75.27,89,,,,,,Medium
AUD_3057,Reading,130,6,26.25,180,,,,,,Medium
AUD_3058,Reading,152,8,60.47,50,,,,,,High
AUD_3059,Reading,134,7,65.5,58,,,,,,Low
AUD_3060,Spontaneous,122,14,56.17,161,,,,,,Medium
AUD_3061,Reading,146,7,32.77,122,,,,,,Medium
AUD_3062,Reading,159,14,75.69,173,,,,,,Medium
AUD_3063,Reading,147,3,89.82,125,,,,,,Low
AUD_3064,Reading,164,12,87.85,178,,,,,,High
AUD_3065,Spontaneous,106,3,74.43,193,,,,,,High
AUD_3066,Reading,124,3,49.27,143,,,,,,Medium
AUD_3067,Reading,118,11,43.61,121,,,,,,Medium
AUD_3068,Reading,107,14,24.8,95,,,,,,High
AUD_3069,Spontaneous,130,13,49.14,187,,,,,,Medium
AUD_3070,Spontaneous,175,9,30.92,151,,,,,,High
AUD_3071,Reading,138,8,37.8,90,,,,,,Medium
AUD_3072,Reading,116,2,82.43,71,,,,,,High
AUD_3073,Spontaneous,122,10,87.8,193,,,,,,Medium
AUD_3074,Reading,145,12,86.4,132,,,,,,High
AUD_3075,Spontaneous,122,12,33.53,124,,,,,,High
AUD_3076,Reading,138,9,83.06,63,,,,,,Medium
AUD_3077,Reading,115,14,29.91,197,,,,,,High
AUD_3078,Spontaneous,121,10,55.54,182,,,,,,Medium
AUD_3079,Reading,154,5,65.06,60,,,,,,Medium
AUD_3080,Reading,143,6,52.37,96,,,,,,High
AUD_3081,Reading,98,12,86.63,59,,,,,,High
AUD_3082,Spontaneous,178,6,43.32,110,,,,,,High
AUD_3083,Spontaneous,94,12,56.92,160,,,,,,High
AUD_3084,Reading,97,10,25.28,94,,,,,,High
AUD_3085,Reading,153,9,79.66,96,,,,,,Medium
AUD_3086,Reading,154,14,48.94,167,,,,,,High
AUD_3087,Reading,92,11,69.04,190,,,,,,Medium
AUD_3088,Spontaneous,148,7,67.76,72,,,,,,Medium
AUD_3089,Spontaneous,93,12,67.34,85,,,,,,High
AUD_3090,Spontaneous,176,11,55.49,125,,,,,,Medium
AUD_3091,Reading,153,12,39.43,158,,,,,,High
AUD_3092,Reading,107,11,63.76,133,,,,,,Medium
AUD_3093,Spontaneous,104,2,87.33,129,,,,,,High
AUD_3094,Reading,141,8,78.38,63,,,,,,Medium
AUD_3095,Reading,147,10,27.61,115,,,,,,High
AUD_3096,Spontaneous,165,13,21.62,65,,,,,,Medium
AUD_3097,Reading,171,5,54.93,92,,,,,,High
AUD_3098,Spontaneous,125,5,74.31,151,,,,,,High
AUD_3099,Reading,166,6,41.97,162,,,,,,High
AUD_3100,Reading,139,9,69.09,58,,,,,,High
AUD_3101,Reading,132,12,85.23,198,,,,,,High
AUD_3102,Reading,153,6,52.13,131,,,,,,Medium
AUD_3103,Reading,99,5,37.09,159,,,,,,Medium
AUD_3104,Spontaneous,114,9,84.24,147,,,,,,Medium
AUD_3105,Spontaneous,164,12,53.06,133,,,,,,High
AUD_3106,Reading,135,6,48.55,92,,,,,,High
AUD_3107,Reading,172,9,44.74,115,,,,,,High
AUD_3108,Spontaneous,98,2,49.61,181,,,,,,Medium
AUD_3109,Spontaneous,118,4,67.16,172,,,,,,High
AUD_3110,Reading,122,8,50.36,158,,,,,,Medium
AUD_3111,Spontaneous,128,13,42.7,151,,,,,,High
AUD_3112,Spontaneous,179,2,72.05,184,,,,,,High
AUD_3113,Spontaneous,118,12,34.21,135,,,,,,High
AUD_3114,Reading,137,6,34.14,133,,,,,,High
AUD_3115,Spontaneous,138,7,68.75,53,,,,,,Medium
AUD_3116,Spontaneous,159,13,80.67,173,,,,,,Medium
AUD_3117,Spontaneous,137,14,36.88,69,,,,,,High
AUD_3118,Spontaneous,145,2,33.38,84,,,,,,Medium
AUD_3119,Reading,158,8,66.92,146,,,,,,High
AUD_3120,Spontaneous,99,10,63.46,63,,,,,,High
AUD_3121,Spontaneous,177,10,51.31,199,,,,,,Medium
AUD_3122,Spontaneous,166,4,26.71,97,,,,,,Medium
AUD_3123,Reading,125,5,26.42,78,,,,,,High
AUD_3124,Reading,156,2,74.41,85,,,,,,High
AUD_3125,Reading,159,14,51.62,91,,,,,,Medium
AUD_3126,Spontaneous,167,5,80.06,78,,,,,,Medium
AUD_3127,Spontaneous,107,6,60.23,184,,,,,,Medium
AUD_3128,Spontaneous,153,8,63.31,190,,,,,,High
AUD_3129,Reading,93,6,85.39,190,,,,,,Medium
AUD_3130,Spontaneous,100,9,31.52,191,,,,,,High
AUD_3131,Spontaneous,160,8,58.01,183,,,,,,Medium
AUD_3132,Reading,163,2,24.07,193,,,,,,High
AUD_3133,Spontaneous,143,13,45.12,90,,,,,,High
AUD_3134,Spontaneous,142,3,30.37,161,,,,,,Medium
AUD_3135,Reading,157,8,33.15,134,,,,,,High
AUD_3136,Reading,172,4,85.44,157,,,,,,High
AUD_3137,Reading,128,3,62.75,193,,,,,,Medium
AUD_3138,Reading,100,12,82.45,54,,,,,,Medium
AUD_3139,Reading,166,13,51.05,59,,,,,,High
AUD_3140,Spontaneous,121,10,61.84,84,,,,,,Medium
AUD_3141,Reading,102,13,22.25,80,,,,,,Medium
AUD_3142,Spontaneous,145,11,52.87,169,,,,,,High
AUD_3143,Spontaneous,142,14,59.48,128,,,,,,Medium
AUD_3144,Reading,133,9,21.17,188,,,,,,High
AUD_3145,Reading,167,9,75.26,58,,,,,,Medium
AUD_3146,Spontaneous,114,4,40.68,93,,,,,,High
AUD_3147,Spontaneous,91,12,51.67,165,,,,,,Medium
AUD_3148,Spontaneous,119,11,57.49,193,,,,,,High
AUD_3149,Reading,91,10,89.45,169,,,,,,Medium
AUD_3150,Spontaneous,139,9,26.94,102,,,,,,High
AUD_3151,Reading,124,13,58.87,114,,,,,,Medium
AUD_3152,Spontaneous,163,3,57.14,119,,,,,,High
AUD_3153,Spontaneous,162,8,24.82,95,,,,,,Medium
AUD_3154,Spontaneous,129,9,64.38,170,,,,,,Medium
AUD_3155,Reading,109,13,40.08,170,,,,,,Medium
AUD_3156,Reading,128,8,27.26,82,,,,,,High
AUD_3157,Spontaneous,148,10,32.5,130,,,,,,Low
AUD_3158,Spontaneous,107,14,77.65,104,,,,,,Low
AUD_3159,Spontaneous,160,8,27.29,147,,,,,,Medium
AUD_3160,Reading,120,13,52.68,159,,,,,,High
AUD_3161,Reading,174,8,33.67,199,,,,,,High
AUD_3162,Reading,136,2,31.36,174,,,,,,Medium
AUD_3163,Reading,166,3,34.4,140,,,,,,Medium
AUD_3164,Reading,145,6,54.49,87,,,,,,High
AUD_3165,Spontaneous,140,14,36.65,186,,,,,,Low
AUD_3166,Spontaneous,151,14,26.77,86,,,,,,Medium
AUD_3167,Spontaneous,163,12,76.1,54,,,,,,Medium
AUD_3168,Reading,148,2,57.79,131,,,,,,High
AUD_3169,Spontaneous,162,13,30.98,199,,,,,,Medium
AUD_3170,Reading,107,11,53.0,159,,,,,,High
AUD_3171,Reading,115,8,24.79,189,,,,,,High
AUD_3172,Spontaneous,111,6,60.63,109,,,,,,High
AUD_3173,Spontaneous,162,14,43.82,199,,,,,,Medium
AUD_3174,Reading,98,6,27.25,55,,,,,,Medium
AUD_3175,Reading,162,9,32.86,76,,,,,,High
AUD_3176,Spontaneous,125,10,44.2,104,,,,,,High
AUD_3177,Reading,97,11,76.45,192,,,,,,High
AUD_3178,Reading,128,2,32.16,113,,,,,,High
AUD_3179,Reading,117,11,27.68,66,,,,,,Medium
AUD_3180,Spontaneous,143,5,56.12,52,,,,,,Medium
AUD_3181,Reading,133,12,59.11,59,,,,,,High
AUD_3182,Reading,117,3,26.32,112,,,,,,Medium
AUD_3183,Reading,168,10,39.91,138,,,,,,Low
AUD_3184,Reading,127,10,38.39,134,,,,,,High
AUD_3185,Reading,132,2,33.04,153,,,,,,Medium
AUD_3186,Reading,166,4,42.09,186,,,,,,High
AUD_3187,Reading,98,11,22.6,81,,,,,,Medium
AUD_3188,Spontaneous,125,9,65.61,52,,,,,,Medium
AUD_3189,Spontaneous,126,3,89.19,158,,,,,,High
AUD_3190,Spontaneous,135,3,64.38,189,,,,,,Medium
AUD_3191,Reading,100,3,45.28,142,,,,,,High
AUD_3192,Spontaneous,99,14,66.75,152,,,,,,Medium
AUD_3193,Spontaneous,127,6,60.01,146,,,,,,High
AUD_3194,Reading,93,10,79.27,197,,,,,,Medium
AUD_3195,Spontaneous,113,8,63.53,117,,,,,,High
AUD_3196,Reading,108,14,64.39,194,,,,,,Low
AUD_3197,Reading,134,8,35.52,196,,,,,,Medium
AUD_3198,Reading,91,3,49.09,181,,,,,,Medium
AUD_3199,Spontaneous,151,3,44.11,142,,,,,,Medium
AUD_3200,Reading,167,6,20.8,66,,,,,,High
AUD_3201,Spontaneous,154,13,41.93,71,,,,,,High
AUD_3202,Reading,164,8,54.02,60,,,,,,High
AUD_3203,Reading,148,8,61.99,78,,,,,,High
AUD_3204,Spontaneous,136,10,85.42,69,,,,,,Medium
AUD_3205,Reading,110,4,36.74,54,,,,,,High
AUD_3206,Spontaneous,115,2,30.67,83,,,,,,High
AUD_3207,Reading,119,10,80.86,189,,,,,,High
AUD_3208,Reading,93,2,85.93,77,,,,,,High
AUD_3209,Reading,172,9,54.16,147,,,,,,High
AUD_3210,Reading,171,6,28.07,55,,,,,,High
AUD_3211,Reading,100,9,53.98,68,,,,,,Medium
AUD_3212,Reading,140,8,27.66,61,,,,,,Medium
AUD_3213,Reading,132,10,81.82,74,,,,,,High
AUD_3214,Reading,152,3,69.57,62,,,,,,High
AUD_3215,Spontaneous,144,10,36.88,125,,,,,,Medium
AUD_3216,Spontaneous,101,11,82.07,52,,,,,,Medium
AUD_3217,Spontaneous,149,6,64.65,73,,,,,,Medium
AUD_3218,Reading,145,6,86.73,57,,,,,,Medium
AUD_3219,Spontaneous,138,2,88.63,161,,,,,,High
AUD_3220,Spontaneous,126,7,20.23,169,,,,,,Medium
AUD_3221,Reading,176,11,28.41,172,,,,,,High
AUD_3222,Spontaneous,166,11,58.28,139,,,,,,Medium
AUD_3223,Reading,143,11,86.91,94,,,,,,High
AUD_3224,Spontaneous,91,11,89.6,50,,,,,,High
AUD_3225,Spontaneous,129,4,59.72,52,,,,,,Medium
AUD_3226,Spontaneous,153,14,32.17,114,,,,,,Medium
AUD_3227,Spontaneous,101,11,31.41,64,,,,,,High
AUD_3228,Spontaneous,127,4,73.47,99,,,,,,High
AUD_3229,Reading,107,4,61.44,197,,,,,,Medium
AUD_3230,Spontaneous,120,14,58.41,180,,,,,,Medium
AUD_3231,Reading,92,5,52.6,192,,,,,,High
AUD_3232,Spontaneous,101,10,70.76,173,,,,,,Medium
AUD_3233,Reading,131,14,80.06,86,,,,,,Medium
AUD_3234,Spontaneous,171,9,41.21,198,,,,,,High
AUD_3235,Spontaneous,134,13,35.46,155,,,,,,High
AUD_3236,Spontaneous,131,7,66.91,152,,,,,,High
AUD_3237,Spontaneous,161,9,84.03,170,,,,,,High
AUD_3238,Spontaneous,114,9,44.37,148,,,,,,Low
AUD_3239,Reading,99,2,39.07,195,,,,,,High
AUD_3240,Spontaneous,109,10,35.83,66,,,,,,Medium
AUD_3241,Spontaneous,161,2,37.81,97,,,,,,High
AUD_3242,Reading,151,12,29.45,75,,,,,,Low
AUD_3243,Spontaneous,98,3,61.77,71,,,,,,Medium
AUD_3244,Spontaneous,150,10,39.66,174,,,,,,Medium
AUD_3245,Spontaneous,174,8,63.05,113,,,,,,Medium
AUD_3246,Spontaneous,94,11,25.81,131,,,,,,High
AUD_3247,Spontaneous,145,2,28.08,117,,,,,,Medium
AUD_3248,Reading,124,4,57.53,194,,,,,,Medium
AUD_3249,Spontaneous,135,2,55.81,188,,,,,,High
AUD_3250,Reading,138,6,39.01,54,,,,,,Medium
AUD_3251,Spontaneous,159,5,77.9,170,,,,,,Medium
AUD_3252,Spontaneous,140,9,33.09,106,,,,,,High
AUD_3253,Reading,143,10,45.25,123,,,,,,Medium
AUD_3254,Spontaneous,120,13,58.89,134,,,,,,Medium
AUD_3255,Spontaneous,101,5,80.7,169,,,,,,High
AUD_3256,Reading,151,4,49.3,63,,,,,,High
AUD_3257,Spontaneous,90,5,47.9,121,,,,,,Medium
AUD_3258,Spontaneous,120,4,60.57,178,,,,,,Medium
AUD_3259,Reading,110,7,42.17,193,,,,,,Low
AUD_3260,Reading,125,2,69.64,75,,,,,,Medium
AUD_3261,Spontaneous,118,3,37.41,98,,,,,,Medium
AUD_3262,Spontaneous,153,9,77.62,152,,,,,,High
AUD_3263,Spontaneous,113,4,39.06,115,,,,,,Medium
AUD_3264,Reading,140,5,89.49,102,,,,,,High
AUD_3265,Reading,131,13,42.15,58,,,,,,Medium
AUD_3266,Spontaneous,162,2,81.52,118,,,,,,High
AUD_3267,Spontaneous,129,4,47.81,89,,,,,,High
AUD_3268,Spontaneous,168,2,37.22,182,,,,,,High
AUD_3269,Reading,90,12,35.83,105,,,,,,High
AUD_3270,Reading,144,11,79.51,160,,,,,,High
AUD_3271,Reading,91,6,41.61,54,,,,,,High
AUD_3272,Spontaneous,154,2,43.7,118,,,,,,Medium
AUD_3273,Spontaneous,111,13,33.79,101,,,,,,Medium
AUD_3274,Spontaneous,124,10,87.29,122,,,,,,High
AUD_3275,Reading,124,8,37.13,147,,,,,,Medium
AUD_3276,Spontaneous,166,12,37.32,199,,,,,,High
AUD_3277,Reading,99,9,86.07,64,,,,,,High
AUD_3278,Spontaneous,150,10,83.06,114,,,,,,High
AUD_3279,Reading,178,11,37.42,120,,,,,,Medium
AUD_3280,Spontaneous,92,9,80.53,160,,,,,,Medium
AUD_3281,Spontaneous,177,4,37.49,55,,,,,,High
AUD_3282,Reading,92,8,25.91,189,,,,,,Medium
AUD_3283,Spontaneous,166,8,77.43,126,,,,,,Medium
AUD_3284,Reading,177,8,74.01,164,,,,,,High
AUD_3285,Spontaneous,179,13,40.63,162,,,,,,Medium
AUD_3286,Spontaneous,131,9,26.31,126,,,,,,High
AUD_3287,Spontaneous,168,5,34.45,179,,,,,,High
AUD_3288,Reading,101,12,73.97,144,,,,,,High
AUD_3289,Spontaneous,128,7,87.53,110,,,,,,Medium
AUD_3290,Reading,118,3,38.13,188,,,,,,High
AUD_3291,Spontaneous,126,8,77.28,150,,,,,,Medium
AUD_3292,Spontaneous,153,10,35.96,83,,,,,,High
AUD_3293,Reading,98,6,67.57,144,,,,,,Medium
AUD_3294,Spontaneous,180,5,25.85,152,,,,,,Medium
AUD_3295,Spontaneous,147,3,60.97,57,,,,,,High
AUD_3296,Reading,169,8,38.84,185,,,,,,High
AUD_3297,Reading,165,3,84.81,147,,,,,,High
AUD_3298,Spontaneous,159,3,40.28,192,,,,,,High
AUD_3299,Reading,94,10,47.89,54,,,,,,High
AUD_3300,Reading,136,3,78.85,196,,,,,,Medium
AUD_3301,Spontaneous,120,11,50.68,186,,,,,,Low
AUD_3302,Reading,100,4,36.69,150,,,,,,High
AUD_3303,Reading,121,4,58.33,196,,,,,,High
AUD_3304,Spontaneous,148,3,78.8,95,,,,,,High
AUD_3305,Reading,111,11,50.32,153,,,,,,Medium
AUD_3306,Reading,130,4,29.3,129,,,,,,High
AUD_3307,Spontaneous,126,10,46.82,167,,,,,,Medium
AUD_3308,Spontaneous,95,12,86.81,54,,,,,,High
AUD_3309,Reading,147,12,25.04,104,,,,,,Medium
AUD_3310,Spontaneous,146,12,48.59,68,,,,,,Medium
AUD_3311,Reading,177,4,65.36,194,,,,,,High
AUD_3312,Reading,117,6,25.5,137,,,,,,High
AUD_3313,Reading,128,13,44.15,166,,,,,,Medium
AUD_3314,Reading,126,8,85.84,199,,,,,,High
AUD_3315,Spontaneous,173,2,22.14,88,,,,,,Medium
AUD_3316,Spontaneous,127,2,72.62,174,,,,,,Medium
AUD_3317,Reading,130,11,78.9,76,,,,,,Medium
AUD_3318,Spontaneous,113,14,39.39,125,,,,,,Medium
AUD_3319,Reading,90,3,35.03,176,,,,,,Medium
AUD_3320,Reading,100,2,84.04,171,,,,,,High
AUD_3321,Spontaneous,153,2,73.48,195,,,,,,High
AUD_3322,Spontaneous,151,11,27.94,136,,,,,,Medium
AUD_3323,Reading,119,5,34.85,199,,,,,,High
AUD_3324,Spontaneous,133,11,63.49,117,,,,,,Medium
AUD_3325,Reading,117,13,49.36,60,,,,,,High
AUD_3326,Spontaneous,156,13,55.29,131,,,,,,Medium
AUD_3327,Spontaneous,166,4,86.61,113,,,,,,High
AUD_3328,Reading,171,2,49.42,168,,,,,,Medium
AUD_3329,Spontaneous,106,4,81.72,134,,,,,,Medium
AUD_3330,Spontaneous,153,2,66.25,106,,,,,,High
AUD_3331,Reading,177,4,28.51,86,,,,,,High
AUD_3332,Reading,149,5,72.12,170,,,,,,High
AUD_3333,Reading,122,12,56.41,79,,,,,,High
AUD_3334,Reading,147,14,35.76,194,,,,,,Medium
AUD_3335,Reading,152,12,40.27,193,,,,,,Medium
AUD_3336,Reading,126,9,59.01,192,,,,,,Medium
AUD_3337,Spontaneous,99,4,62.12,190,,,,,,Medium
AUD_3338,Reading,145,4,87.77,52,,,,,,High
AUD_3339,Reading,162,14,79.83,73,,,,,,Medium
AUD_3340,Reading,180,10,34.41,108,,,,,,High
AUD_3341,Spontaneous,110,12,74.18,104,,,,,,Medium
AUD_3342,Reading,153,10,20.58,114,,,,,,High
AUD_3343,Reading,93,7,29.09,109,,,,,,High
AUD_3344,Spontaneous,177,11,33.98,115,,,,,,Medium
AUD_3345,Spontaneous,91,5,61.8,195,,,,,,Medium
AUD_3346,Reading,122,11,33.63,108,,,,,,Medium
AUD_3347,Spontaneous,97,6,45.57,102,,,,,,Medium
AUD_3348,Spontaneous,146,14,36.99,113,,,,,,Medium
AUD_3349,Reading,121,10,43.62,170,,,,,,Medium
AUD_3350,Reading,156,2,85.97,168,,,,,,High
AUD_3351,Reading,134,8,89.82,79,,,,,,Medium
AUD_3352,Spontaneous,128,12,68.0,67,,,,,,High
AUD_3353,Reading,121,8,60.06,54,,,,,,High
AUD_3354,Spontaneous,98,11,69.59,118,,,,,,Medium
AUD_3355,Reading,108,2,74.02,185,,,,,,Medium
AUD_3356,Spontaneous,148,2,71.73,186,,,,,,Medium
AUD_3357,Reading,135,10,25.73,169,,,,,,Medium
AUD_3358,Spontaneous,96,8,41.72,191,,,,,,Medium
AUD_3359,Reading,139,5,44.04,190,,,,,,Medium
AUD_3360,Reading,95,10,45.85,67,,,,,,High
AUD_3361,Reading,136,13,44.1,117,,,,,,High
AUD_3362,Spontaneous,177,6,75.1,163,,,,,,High
AUD_3363,Spontaneous,118,4,72.33,71,,,,,,Medium
AUD_3364,Reading,155,3,20.32,69,,,,,,High
AUD_3365,Spontaneous,157,10,40.75,192,,,,,,Medium
AUD_3366,Reading,126,5,63.66,56,,,,,,High
AUD_3367,Spontaneous,143,8,28.42,147,,,,,,High
AUD_3368,Reading,132,2,24.98,154,,,,,,High
AUD_3369,Spontaneous,116,10,77.99,79,,,,,,Medium
AUD_3370,Spontaneous,158,13,51.69,54,,,,,,High
AUD_3371,Spontaneous,153,10,79.9,178,,,,,,Medium
AUD_3372,Spontaneous,171,11,77.65,69,,,,,,High
AUD_3373,Spontaneous,146,7,82.54,132,,,,,,High
AUD_3374,Reading,125,7,23.38,113,,,,,,High
AUD_3375,Spontaneous,154,7,33.03,167,,,,,,High
AUD_3376,Spontaneous,146,6,40.73,78,,,,,,Medium
AUD_3377,Spontaneous,146,12,29.54,151,,,,,,High
AUD_3378,Spontaneous,166,2,53.98,187,,,,,,High
AUD_3379,Reading,172,5,75.93,80,,,,,,High
AUD_3380,Spontaneous,106,11,86.58,124,,,,,,High
AUD_3381,Spontaneous,118,2,82.27,79,,,,,,High
AUD_3382,Reading,149,6,52.01,129,,,,,,Medium
AUD_3383,Reading,140,14,64.55,107,,,,,,High
AUD_3384,Spontaneous,149,5,36.15,106,,,,,,Medium
AUD_3385,Reading,129,9,48.21,136,,,,,,High
AUD_3386,Spontaneous,127,2,80.98,172,,,,,,Medium
AUD_3387,Spontaneous,101,9,22.04,146,,,,,,High
AUD_3388,Reading,146,9,57.29,164,,,,,,Medium
AUD_3389,Spontaneous,106,2,81.1,86,,,,,,Medium
AUD_3390,Reading,150,10,28.54,107,,,,,,Medium
AUD_3391,Reading,177,14,88.78,77,,,,,,Medium
AUD_3392,Spontaneous,113,10,20.87,86,,,,,,Medium
AUD_3393,Spontaneous,103,7,82.03,55,,,,,,Medium
AUD_3394,Reading,92,2,44.76,111,,,,,,Medium
AUD_3395,Spontaneous,124,8,29.29,82,,,,,,High
AUD_3396,Reading,109,8,31.02,138,,,,,,High
AUD_3397,Reading,134,10,69.08,127,,,,,,High
AUD_3398,Reading,137,2,80.95,89,,,,,,High
AUD_3399,Reading,121,9,64.87,168,,,,,,High
AUD_3400,Spontaneous,157,13,85.01,91,,,,,,High
AUD_3401,Spontaneous,171,14,78.97,186,,,,,,High
AUD_3402,Spontaneous,109,12,20.63,67,,,,,,Medium
AUD_3403,Spontaneous,165,9,66.86,64,,,,,,Medium
AUD_3404,Spontaneous,102,8,41.32,181,,,,,,Medium
AUD_3405,Spontaneous,111,13,51.82,83,,,,,,Medium
AUD_3406,Reading,141,7,26.58,111,,,,,,High
AUD_3407,Spontaneous,118,2,39.75,87,,,,,,Medium
AUD_3408,Reading,94,12,64.29,120,,,,,,Medium
AUD_3409,Reading,117,11,35.29,72,,,,,,High
AUD_3410,Reading,171,12,65.33,175,,,,,,High
AUD_3411,Spontaneous,106,9,84.61,69,,,,,,High
AUD_3412,Reading,159,13,20.35,102,,,,,,High
AUD_3413,Spontaneous,155,6,75.0,179,,,,,,High
AUD_3414,Reading,100,5,64.89,70,,,,,,High
AUD_3415,Spontaneous,120,6,23.26,125,,,,,,Medium
AUD_3416,Spontaneous,107,6,75.31,91,,,,,,Medium
AUD_3417,Spontaneous,92,14,35.72,106,,,,,,High
AUD_3418,Spontaneous,106,11,38.61,171,,,,,,Medium
AUD_3419,Spontaneous,108,4,26.55,140,,,,,,High
AUD_3420,Reading,105,5,57.41,161,,,,,,Medium
AUD_3421,Spontaneous,98,5,54.88,59,,,,,,High
AUD_3422,Spontaneous,137,9,44.3,121,,,,,,Medium
AUD_3423,Reading,119,6,31.81,110,,,,,,High
AUD_3424,Spontaneous,172,7,78.66,70,,,,,,Medium
AUD_3425,Spontaneous,107,11,81.35,170,,,,,,Medium
AUD_3426,Spontaneous,144,3,57.84,135,,,,,,Low
AUD_3427,Spontaneous,171,10,37.1,190,,,,,,High
AUD_3428,Spontaneous,94,9,26.73,97,,,,,,Medium
AUD_3429,Reading,136,9,80.8,58,,,,,,High
AUD_3430,Spontaneous,131,11,26.72,162,,,,,,Medium
AUD_3431,Reading,174,6,20.92,169,,,,,,High
AUD_3432,Spontaneous,150,6,52.86,89,,,,,,High
AUD_3433,Reading,121,4,71.19,125,,,,,,High
AUD_3434,Reading,154,14,52.03,113,,,,,,Medium
AUD_3435,Reading,142,12,23.6,143,,,,,,High
AUD_3436,Spontaneous,121,3,68.3,119,,,,,,Medium
AUD_3437,Spontaneous,161,10,64.96,113,,,,,,High
AUD_3438,Reading,150,7,67.71,74,,,,,,High
AUD_3439,Spontaneous,90,9,34.78,187,,,,,,Medium
AUD_3440,Spontaneous,168,5,75.7,85,,,,,,Medium
AUD_3441,Reading,126,6,53.54,188,,,,,,High
AUD_3442,Spontaneous,148,11,57.54,70,,,,,,Medium
AUD_3443,Reading,126,6,58.21,195,,,,,,Medium
AUD_3444,Spontaneous,169,12,40.08,117,,,,,,Medium
AUD_3445,Reading,149,11,37.51,90,,,,,,Medium
AUD_3446,Spontaneous,142,5,20.33,64,,,,,,Medium
AUD_3447,Spontaneous,178,12,47.76,72,,,,,,High
AUD_3448,Reading,115,3,53.96,183,,,,,,High
AUD_3449,Reading,96,7,72.0,161,,,,,,High
AUD_3450,Spontaneous,136,5,24.66,101,,,,,,Medium
AUD_3451,Reading,128,12,84.68,186,,,,,,Medium
AUD_3452,Reading,131,5,38.48,164,,,,,,Medium
AUD_3453,Reading,146,11,45.67,93,,,,,,Medium
AUD_3454,Reading,145,4,23.39,57,,,,,,High
AUD_3455,Reading,125,9,65.72,148,,,,,,Medium
AUD_3456,Spontaneous,168,7,69.62,100,,,,,,High
AUD_3457,Reading,149,10,85.02,148,,,,,,Medium
AUD_3458,Reading,170,6,43.58,170,,,,,,High
AUD_3459,Reading,172,7,38.02,139,,,,,,High
AUD_3460,Reading,105,10,70.83,79,,,,,,High
AUD_3461,Spontaneous,151,5,69.48,188,,,,,,High
AUD_3462,Reading,119,11,85.6,197,,,,,,High
AUD_3463,Spontaneous,165,8,34.37,80,,,,,,High
AUD_3464,Spontaneous,156,14,69.37,189,,,,,,Medium
AUD_3465,Reading,108,11,24.68,116,,,,,,Medium
AUD_3466,Reading,174,13,53.63,166,,,,,,High
AUD_3467,Spontaneous,152,11,28.36,54,,,,,,High
AUD_3468,Spontaneous,175,12,65.72,126,,,,,,High
AUD_3469,Spontaneous,108,12,62.1,61,,,,,,Medium
AUD_3470,Reading,168,7,23.42,108,,,,,,High
AUD_3471,Spontaneous,150,7,42.37,114,,,,,,Medium
AUD_3472,Reading,140,7,47.65,101,,,,,,High
AUD_3473,Spontaneous,164,5,37.36,92,,,,,,High
AUD_3474,Spontaneous,147,11,22.71,132,,,,,,High
AUD_3475,Reading,150,7,42.32,142,,,,,,Medium
AUD_3476,Reading,113,13,75.48,112,,,,,,Medium
AUD_3477,Spontaneous,164,8,45.21,160,,,,,,High
AUD_3478,Reading,149,14,42.64,99,,,,,,Medium
AUD_3479,Reading,166,3,85.92,161,,,,,,High
AUD_3480,Spontaneous,122,12,22.91,88,,,,,,High
AUD_3481,Reading,120,10,73.71,129,,,,,,Medium
AUD_3482,Reading,92,8,53.82,66,,,,,,Medium
AUD_3483,Spontaneous,159,4,86.11,92,,,,,,High
AUD_3484,Spontaneous,120,11,47.54,98,,,,,,Medium
AUD_3485,Reading,119,11,69.56,54,,,,,,High
AUD_3486,Reading,152,8,24.9,178,,,,,,High
AUD_3487,Reading,113,11,85.01,116,,,,,,High
AUD_3488,Spontaneous,172,11,44.12,161,,,,,,High
AUD_3489,Spontaneous,138,6,56.68,73,,,,,,High
AUD_3490,Reading,177,10,29.69,78,,,,,,Medium
AUD_3491,Reading,97,7,86.19,192,,,,,,High
AUD_3492,Reading,120,12,67.11,181,,,,,,High
AUD_3493,Spontaneous,124,14,23.78,93,,,,,,Medium
AUD_3494,Spontaneous,156,8,30.86,114,,,,,,High
AUD_3495,Reading,109,5,47.99,169,,,,,,Medium
AUD_3496,Reading,124,3,35.17,175,,,,,,High
AUD_3497,Reading,172,12,41.32,80,,,,,,High
AUD_3498,Reading,100,5,89.82,197,,,,,,Medium
AUD_3499,Spontaneous,157,10,66.11,59,,,,,,Medium
AUD_3500,Reading,153,4,84.56,60,,,,,,Medium
AUD_3501,Reading,102,8,50.51,131,,,,,,High
AUD_3502,Spontaneous,152,14,69.72,73,,,,,,Medium
AUD_3503,Reading,141,5,52.18,88,,,,,,Medium
AUD_3504,Reading,116,4,42.98,168,,,,,,High
AUD_3505,Reading,118,6,56.34,125,,,,,,High
AUD_3506,Reading,165,3,49.91,99,,,,,,High
AUD_3507,Reading,111,12,88.64,56,,,,,,Medium
AUD_3508,Reading,136,11,54.73,149,,,,,,High
AUD_3509,Spontaneous,151,5,76.78,130,,,,,,High
AUD_3510,Reading,102,8,66.68,117,,,,,,High
AUD_3511,Spontaneous,174,13,53.57,86,,,,,,High
AUD_3512,Spontaneous,113,13,53.19,132,,,,,,High
AUD_3513,Spontaneous,119,3,43.93,103,,,,,,High
AUD_3514,Spontaneous,150,11,27.49,139,,,,,,Medium
AUD_3515,Reading,97,7,73.3,80,,,,,,Medium
AUD_3516,Reading,146,6,84.27,149,,,,,,High
AUD_3517,Reading,172,4,35.26,142,,,,,,Medium
AUD_3518,Reading,112,6,84.8,138,,,,,,High
AUD_3519,Spontaneous,123,11,36.26,172,,,,,,Low
AUD_3520,Spontaneous,111,8,57.11,167,,,,,,Low
AUD_3521,Spontaneous,164,4,44.05,96,,,,,,High
AUD_3522,Reading,105,9,28.02,195,,,,,,Medium
AUD_3523,Spontaneous,121,8,23.7,52,,,,,,High
AUD_3524,Reading,144,5,45.57,67,,,,,,Medium
AUD_3525,Spontaneous,126,14,23.31,107,,,,,,High
AUD_3526,Reading,96,14,27.29,120,,,,,,Medium
AUD_3527,Spontaneous,175,6,29.96,130,,,,,,High
AUD_3528,Spontaneous,120,11,20.13,195,,,,,,Low
AUD_3529,Reading,130,12,30.73,101,,,,,,High
AUD_3530,Spontaneous,105,5,60.41,92,,,,,,High
AUD_3531,Spontaneous,168,3,77.37,116,,,,,,Medium
AUD_3532,Reading,116,13,33.54,138,,,,,,Medium
AUD_3533,Spontaneous,92,10,25.66,184,,,,,,High
AUD_3534,Spontaneous,118,2,71.07,160,,,,,,Medium
AUD_3535,Spontaneous,179,9,20.57,132,,,,,,Medium
AUD_3536,Spontaneous,103,5,71.39,128,,,,,,Medium
AUD_3537,Reading,93,10,29.18,134,,,,,,Medium
AUD_3538,Reading,142,4,35.98,70,,,,,,Medium
AUD_3539,Spontaneous,123,8,28.4,171,,,,,,Medium
AUD_3540,Reading,162,4,37.31,77,,,,,,High
AUD_3541,Spontaneous,156,11,75.87,81,,,,,,High
AUD_3542,Reading,107,13,29.28,103,,,,,,Medium
AUD_3543,Spontaneous,141,8,89.59,172,,,,,,Medium
AUD_3544,Spontaneous,93,3,42.9,136,,,,,,Medium
AUD_3545,Reading,130,4,84.54,89,,,,,,Low
AUD_3546,Spontaneous,154,9,33.3,119,,,,,,Medium
AUD_3547,Spontaneous,127,8,33.15,73,,,,,,High
AUD_3548,Spontaneous,101,12,59.57,195,,,,,,High
AUD_3549,Spontaneous,96,4,23.54,123,,,,,,Medium
AUD_3550,Reading,167,9,76.07,192,,,,,,High
AUD_3551,Reading,170,14,50.77,147,,,,,,Medium
AUD_3552,Reading,121,10,68.94,121,,,,,,Medium
AUD_3553,Reading,105,3,32.22,76,,,,,,High
AUD_3554,Spontaneous,178,3,64.97,138,,,,,,Medium
AUD_3555,Spontaneous,139,8,61.58,180,,,,,,High
AUD_3556,Spontaneous,133,12,72.9,70,,,,,,Medium
AUD_3557,Spontaneous,157,9,40.82,170,,,,,,High
AUD_3558,Reading,105,6,85.32,88,,,,,,High
AUD_3559,Reading,142,3,87.29,81,,,,,,High
AUD_3560,Reading,170,11,80.77,134,,,,,,High
AUD_3561,Spontaneous,92,6,60.04,58,,,,,,Medium
AUD_3562,Spontaneous,151,4,49.42,99,,,,,,Low
AUD_3563,Spontaneous,140,14,24.06,50,,,,,,Medium
AUD_3564,Spontaneous,176,10,86.31,53,,,,,,High
AUD_3565,Reading,113,3,86.62,53,,,,,,High
AUD_3566,Reading,167,10,21.31,139,,,,,,Medium
AUD_3567,Reading,118,3,44.98,64,,,,,,Medium
AUD_3568,Spontaneous,129,2,81.6,158,,,,,,Low
AUD_3569,Reading,109,11,25.66,81,,,,,,Medium
AUD_3570,Spontaneous,168,7,33.76,112,,,,,,Medium
AUD_3571,Reading,108,12,88.51,157,,,,,,Medium
AUD_3572,Reading,167,7,79.31,157,,,,,,High
AUD_3573,Spontaneous,131,5,83.84,63,,,,,,High
AUD_3574,Spontaneous,165,14,29.95,72,,,,,,Medium
AUD_3575,Spontaneous,114,3,34.79,160,,,,,,High
AUD_3576,Reading,102,14,62.38,114,,,,,,Medium
AUD_3577,Reading,140,11,55.12,90,,,,,,High
AUD_3578,Reading,136,13,40.9,75,,,,,,High
AUD_3579,Reading,122,12,81.87,97,,,,,,Medium
AUD_3580,Spontaneous,150,4,83.1,193,,,,,,Medium
AUD_3581,Reading,99,14,40.42,81,,,,,,Medium
AUD_3582,Spontaneous,146,7,30.9,187,,,,,,Medium
AUD_3583,Reading,109,5,30.44,131,,,,,,Medium
AUD_3584,Spontaneous,102,6,53.91,158,,,,,,Medium
AUD_3585,Spontaneous,172,12,29.3,52,,,,,,Medium
AUD_3586,Reading,131,10,53.13,111,,,,,,High
AUD_3587,Reading,159,6,52.34,128,,,,,,Medium
AUD_3588,Spontaneous,98,11,81.89,59,,,,,,High
AUD_3589,Reading,95,12,40.73,199,,,,,,Medium
AUD_3590,Spontaneous,135,9,59.25,191,,,,,,Medium
AUD_3591,Reading,118,3,72.04,185,,,,,,Medium
AUD_3592,Reading,90,13,61.71,172,,,,,,Medium
AUD_3593,Reading,106,7,86.78,151,,,,,,High
AUD_3594,Reading,110,12,62.16,192,,,,,,Medium
AUD_3595,Reading,116,12,83.13,159,,,,,,Medium
AUD_3596,Spontaneous,169,7,37.15,192,,,,,,High
AUD_3597,Reading,128,6,59.25,119,,,,,,Medium
AUD_3598,Spontaneous,151,7,58.03,103,,,,,,Medium
AUD_3599,Spontaneous,92,6,89.26,125,,,,,,High
AUD_3600,Spontaneous,163,3,34.32,196,,,,,,High
AUD_3601,Reading,112,6,29.87,89,,,,,,High
AUD_3602,Spontaneous,118,2,62.82,76,,,,,,High
AUD_3603,Spontaneous,94,4,35.66,123,,,,,,High
AUD_3604,Spontaneous,127,8,64.74,92,,,,,,Medium
AUD_3605,Spontaneous,167,5,88.07,95,,,,,,High
AUD_3606,Spontaneous,124,9,86.26,191,,,,,,Medium
AUD_3607,Spontaneous,172,4,36.18,113,,,,,,High
AUD_3608,Reading,168,8,31.96,147,,,,,,High
AUD_3609,Spontaneous,96,3,59.25,175,,,,,,High
AUD_3610,Spontaneous,117,9,61.07,107,,,,,,Medium
AUD_3611,Reading,172,14,66.36,78,,,,,,Medium
AUD_3612,Spontaneous,93,4,71.9,76,,,,,,Medium
AUD_3613,Reading,159,14,62.07,116,,,,,,High
AUD_3614,Reading,172,7,27.82,163,,,,,,High
AUD_3615,Spontaneous,159,3,75.31,127,,,,,,High
AUD_3616,Spontaneous,157,8,25.57,139,,,,,,High
AUD_3617,Reading,166,14,21.4,180,,,,,,High
AUD_3618,Reading,150,5,73.88,91,,,,,,Low
AUD_3619,Reading,128,7,58.39,62,,,,,,Medium
AUD_3620,Reading,96,3,68.9,78,,,,,,Medium
AUD_3621,Spontaneous,161,4,46.79,58,,,,,,Medium
AUD_3622,Reading,171,4,20.78,81,,,,,,High
AUD_3623,Reading,136,5,43.17,199,,,,,,High
AUD_3624,Reading,138,2,62.57,135,,,,,,Medium
AUD_3625,Spontaneous,126,14,35.8,107,,,,,,High
AUD_3626,Reading,167,7,68.15,106,,,,,,High
AUD_3627,Reading,91,12,75.61,187,,,,,,High
AUD_3628,Spontaneous,146,7,51.8,74,,,,,,High
AUD_3629,Spontaneous,172,5,81.3,125,,,,,,Medium
AUD_3630,Reading,99,9,79.84,164,,,,,,High
AUD_3631,Reading,176,6,81.46,180,,,,,,High
AUD_3632,Reading,177,11,66.27,132,,,,,,High
AUD_3633,Spontaneous,174,5,41.34,62,,,,,,Medium
AUD_3634,Spontaneous,132,8,53.69,184,,,,,,High
AUD_3635,Reading,124,11,69.74,71,,,,,,Medium
AUD_3636,Reading,154,11,34.74,133,,,,,,High
AUD_3637,Reading,119,9,71.72,156,,,,,,Medium
AUD_3638,Spontaneous,96,3,58.37,72,,,,,,Medium
AUD_3639,Reading,171,14,26.72,63,,,,,,Medium
AUD_3640,Reading,147,2,59.01,143,,,,,,Medium
AUD_3641,Spontaneous,109,7,24.67,136,,,,,,High
AUD_3642,Reading,92,3,21.0,160,,,,,,High
AUD_3643,Spontaneous,155,12,82.27,101,,,,,,Medium
AUD_3644,Spontaneous,167,9,54.29,132,,,,,,Medium
AUD_3645,Reading,127,14,58.03,90,,,,,,Medium
AUD_3646,Spontaneous,97,6,39.6,55,,,,,,High
AUD_3647,Spontaneous,148,3,57.99,187,,,,,,Medium
AUD_3648,Reading,117,12,31.82,148,,,,,,Low
AUD_3649,Spontaneous,103,13,72.2,134,,,,,,Medium
AUD_3650,Spontaneous,136,6,77.63,109,,,,,,High
AUD_3651,Reading,133,3,79.91,79,,,,,,Medium
AUD_3652,Reading,137,7,27.47,119,,,,,,Medium
AUD_3653,Reading,164,9,59.04,54,,,,,,Medium
AUD_3654,Reading,134,3,76.61,128,,,,,,High
AUD_3655,Reading,171,7,28.98,92,,,,,,Medium
AUD_3656,Spontaneous,166,7,26.97,126,,,,,,High
AUD_3657,Spontaneous,149,2,77.19,55,,,,,,High
AUD_3658,Spontaneous,95,10,75.77,51,,,,,,High
AUD_3659,Spontaneous,168,13,51.41,66,,,,,,High
AUD_3660,Spontaneous,172,9,27.68,137,,,,,,High
AUD_3661,Reading,124,13,56.13,61,,,,,,High
AUD_3662,Reading,137,5,47.64,127,,,,,,High
AUD_3663,Reading,115,8,56.3,56,,,,,,High
AUD_3664,Reading,91,5,50.79,122,,,,,,Medium
AUD_3665,Spontaneous,133,9,59.8,127,,,,,,Medium
AUD_3666,Reading,102,11,70.9,74,,,,,,High
AUD_3667,Reading,106,3,74.24,102,,,,,,Medium
AUD_3668,Spontaneous,133,3,65.43,131,,,,,,Medium
AUD_3669,Spontaneous,168,4,33.93,130,,,,,,Medium
AUD_3670,Reading,166,5,47.8,183,,,,,,High
AUD_3671,Spontaneous,177,12,24.99,125,,,,,,High
AUD_3672,Spontaneous,133,14,51.62,52,,,,,,Medium
AUD_3673,Reading,140,7,87.92,84,,,,,,High
AUD_3674,Spontaneous,164,6,64.92,96,,,,,,Medium
AUD_3675,Reading,153,11,30.82,142,,,,,,Medium
AUD_3676,Spontaneous,106,14,38.8,180,,,,,,High
AUD_3677,Spontaneous,126,11,24.52,108,,,,,,High
AUD_3678,Spontaneous,174,8,32.77,145,,,,,,Medium
AUD_3679,Spontaneous,103,7,54.15,67,,,,,,Medium
AUD_3680,Reading,109,5,44.14,175,,,,,,Medium
AUD_3681,Spontaneous,126,12,34.28,126,,,,,,Medium
AUD_3682,Reading,175,11,30.26,115,,,,,,Medium
AUD_3683,Reading,100,10,65.92,69,,,,,,Medium
AUD_3684,Spontaneous,151,8,59.07,67,,,,,,Medium
AUD_3685,Spontaneous,102,2,78.98,121,,,,,,High
AUD_3686,Reading,137,9,32.83,171,,,,,,High
AUD_3687,Spontaneous,138,5,79.36,115,,,,,,High
AUD_3688,Spontaneous,94,8,60.45,148,,,,,,Medium
AUD_3689,Reading,176,12,38.64,75,,,,,,Medium
AUD_3690,Spontaneous,163,3,39.15,54,,,,,,High
AUD_3691,Reading,117,13,47.33,129,,,,,,Medium
AUD_3692,Spontaneous,102,4,52.21,155,,,,,,High
AUD_3693,Spontaneous,121,2,25.78,60,,,,,,High
AUD_3694,Spontaneous,170,3,78.94,196,,,,,,Medium
AUD_3695,Spontaneous,102,12,28.51,189,,,,,,High
AUD_3696,Spontaneous,121,6,53.84,179,,,,,,High
AUD_3697,Spontaneous,134,3,46.81,199,,,,,,Medium
AUD_3698,Reading,93,14,55.86,82,,,,,,High
AUD_3699,Reading,114,7,82.12,73,,,,,,Medium
AUD_3700,Spontaneous,144,7,89.24,198,,,,,,Medium
AUD_3701,Spontaneous,119,7,21.42,95,,,,,,Medium
AUD_3702,Reading,168,13,47.53,67,,,,,,Medium
AUD_3703,Reading,174,12,77.23,182,,,,,,High
AUD_3704,Reading,130,4,42.86,57,,,,,,High
AUD_3705,Spontaneous,138,12,65.43,134,,,,,,Medium
AUD_3706,Spontaneous,147,4,89.46,160,,,,,,Medium
AUD_3707,Spontaneous,150,11,65.27,106,,,,,,High
AUD_3708,Reading,96,8,27.78,54,,,,,,Low
AUD_3709,Reading,95,14,79.01,62,,,,,,High
AUD_3710,Spontaneous,168,14,87.67,132,,,,,,Medium
AUD_3711,Reading,110,5,69.88,139,,,,,,High
AUD_3712,Spontaneous,143,7,49.33,118,,,,,,Medium
AUD_3713,Spontaneous,146,13,86.39,81,,,,,,Medium
AUD_3714,Reading,105,9,87.8,151,,,,,,High
AUD_3715,Spontaneous,159,4,85.46,179,,,,,,High
AUD_3716,Reading,168,10,48.83,118,,,,,,Medium
AUD_3717,Reading,116,10,75.28,192,,,,,,Medium
AUD_3718,Spontaneous,169,4,65.79,121,,,,,,Medium
AUD_3719,Spontaneous,97,7,32.58,160,,,,,,Medium
AUD_3720,Reading,162,6,57.49,114,,,,,,Medium
AUD_3721,Spontaneous,148,5,72.34,66,,,,,,Medium
AUD_3722,Reading,142,9,82.71,129,,,,,,Medium
AUD_3723,Spontaneous,111,11,80.38,178,,,,,,High
AUD_3724,Reading,123,10,30.83,52,,,,,,Medium
AUD_3725,Reading,172,13,54.16,176,,,,,,High
AUD_3726,Spontaneous,132,10,53.48,177,,,,,,High
AUD_3727,Spontaneous,143,6,82.91,119,,,,,,Medium
AUD_3728,Reading,174,6,20.14,101,,,,,,Medium
AUD_3729,Reading,132,12,71.71,171,,,,,,Medium
AUD_3730,Reading,125,4,63.3,52,,,,,,Medium
AUD_3731,Reading,170,10,84.51,143,,,,,,High
AUD_3732,Spontaneous,172,2,51.98,96,,,,,,High
AUD_3733,Spontaneous,122,13,66.04,124,,,,,,High
AUD_3734,Spontaneous,143,4,88.09,140,,,,,,High
AUD_3735,Reading,177,8,72.07,135,,,,,,Medium
AUD_3736,Spontaneous,95,8,24.72,55,,,,,,High
AUD_3737,Reading,94,6,31.73,144,,,,,,High
AUD_3738,Reading,136,7,77.5,110,,,,,,High
AUD_3739,Spontaneous,116,5,43.44,92,,,,,,High
AUD_3740,Spontaneous,142,9,69.41,105,,,,,,Medium
AUD_3741,Reading,155,5,68.99,163,,,,,,Medium
AUD_3742,Reading,96,11,89.56,197,,,,,,High
AUD_3743,Spontaneous,169,7,52.89,96,,,,,,Medium
AUD_3744,Reading,115,6,71.65,80,,,,,,Medium
AUD_3745,Spontaneous,124,13,23.41,151,,,,,,Medium
AUD_3746,Spontaneous,120,11,52.38,113,,,,,,Medium
AUD_3747,Reading,166,7,33.07,139,,,,,,High
AUD_3748,Reading,105,4,78.84,140,,,,,,High
AUD_3749,Reading,93,14,78.79,95,,,,,,Medium
AUD_3750,Reading,177,4,36.55,159,,,,,,Medium
AUD_3751,Reading,178,11,42.28,144,,,,,,High
AUD_3752,Spontaneous,113,8,69.17,73,,,,,,Medium
AUD_3753,Spontaneous,91,14,71.68,138,,,,,,High
AUD_3754,Spontaneous,148,2,66.03,86,,,,,,Medium
AUD_3755,Spontaneous,148,2,89.77,78,,,,,,Medium
AUD_3756,Reading,175,2,80.81,156,,,,,,Medium
AUD_3757,Spontaneous,117,7,49.19,179,,,,,,Medium
AUD_3758,Reading,107,5,42.89,189,,,,,,Medium
AUD_3759,Reading,145,7,61.78,182,,,,,,High
AUD_3760,Reading,141,2,77.23,140,,,,,,Low
AUD_3761,Reading,155,5,53.27,105,,,,,,High
AUD_3762,Reading,170,5,71.64,127,,,,,,Medium
AUD_3763,Spontaneous,140,3,21.34,120,,,,,,Medium
AUD_3764,Reading,104,2,84.81,85,,,,,,High
AUD_3765,Reading,144,14,74.17,123,,,,,,Low
AUD_3766,Spontaneous,124,9,47.59,78,,,,,,Medium
AUD_3767,Spontaneous,131,7,46.88,129,,,,,,High
AUD_3768,Spontaneous,176,5,27.2,151,,,,,,Medium
AUD_3769,Reading,140,3,77.13,82,,,,,,High
AUD_3770,Reading,103,13,73.8,142,,,,,,High
AUD_3771,Reading,130,14,64.12,161,,,,,,High
AUD_3772,Reading,111,6,27.1,172,,,,,,High
AUD_3773,Spontaneous,102,10,38.36,190,,,,,,Medium
AUD_3774,Spontaneous,154,8,52.12,183,,,,,,Medium
AUD_3775,Spontaneous,147,5,38.62,57,,,,,,Medium
AUD_3776,Spontaneous,135,6,50.38,167,,,,,,High
AUD_3777,Spontaneous,128,9,35.82,58,,,,,,High
AUD_3778,Spontaneous,119,12,44.47,70,,,,,,High
AUD_3779,Reading,98,14,65.66,178,,,,,,High
AUD_3780,Reading,117,6,82.47,95,,,,,,Low
AUD_3781,Spontaneous,165,13,46.95,111,,,,,,Medium
AUD_3782,Spontaneous,161,7,68.43,51,,,,,,Medium
AUD_3783,Spontaneous,178,14,29.44,153,,,,,,Medium
AUD_3784,Spontaneous,149,11,57.86,124,,,,,,Medium
AUD_3785,Reading,140,7,84.52,150,,,,,,Medium
AUD_3786,Reading,117,9,21.96,137,,,,,,Medium
AUD_3787,Reading,97,14,38.73,177,,,,,,High
AUD_3788,Spontaneous,146,12,29.27,132,,,,,,High
AUD_3789,Spontaneous,134,6,57.32,54,,,,,,Medium
AUD_3790,Spontaneous,158,2,67.57,142,,,,,,Medium
AUD_3791,Reading,127,5,24.04,88,,,,,,Medium
AUD_3792,Reading,179,4,24.92,177,,,,,,High
AUD_3793,Reading,126,3,80.87,115,,,,,,High
AUD_3794,Spontaneous,120,8,51.94,94,,,,,,High
AUD_3795,Reading,168,14,52.41,124,,,,,,High
AUD_3796,Reading,126,14,86.12,150,,,,,,Medium
AUD_3797,Spontaneous,168,8,42.41,190,,,,,,Medium
AUD_3798,Reading,92,9,82.79,142,,,,,,Medium
AUD_3799,Spontaneous,152,11,88.2,168,,,,,,Medium
AUD_3800,Spontaneous,96,6,36.92,81,,,,,,Medium
AUD_3801,Spontaneous,103,2,55.98,158,,,,,,Medium
AUD_3802,Reading,153,7,57.4,92,,,,,,Medium
AUD_3803,Reading,116,7,80.63,185,,,,,,Medium
AUD_3804,Spontaneous,109,12,41.27,123,,,,,,Medium
AUD_3805,Reading,162,9,75.86,188,,,,,,High
AUD_3806,Spontaneous,175,14,87.97,88,,,,,,Medium
AUD_3807,Reading,111,11,78.82,75,,,,,,Medium
AUD_3808,Spontaneous,119,3,83.64,121,,,,,,Medium
AUD_3809,Spontaneous,154,12,69.58,151,,,,,,High
AUD_3810,Reading,163,10,83.28,75,,,,,,Medium
AUD_3811,Spontaneous,180,12,31.54,81,,,,,,Medium
AUD_3812,Spontaneous,115,14,69.87,95,,,,,,Medium
AUD_3813,Spontaneous,140,7,71.23,184,,,,,,Medium
AUD_3814,Spontaneous,102,2,50.74,84,,,,,,Medium
AUD_3815,Spontaneous,120,10,25.58,71,,,,,,Medium
AUD_3816,Reading,94,9,63.57,199,,,,,,High
AUD_3817,Reading,109,11,23.63,171,,,,,,Low
AUD_3818,Spontaneous,136,2,46.77,52,,,,,,High
AUD_3819,Reading,105,9,47.56,95,,,,,,High
AUD_3820,Spontaneous,170,14,89.92,57,,,,,,High
AUD_3821,Spontaneous,154,8,40.99,53,,,,,,Medium
AUD_3822,Spontaneous,92,6,77.43,64,,,,,,High
AUD_3823,Spontaneous,169,14,23.72,93,,,,,,Medium
AUD_3824,Spontaneous,178,7,57.08,169,,,,,,Medium
AUD_3825,Reading,135,5,57.57,125,,,,,,Medium
AUD_3826,Reading,118,10,64.01,161,,,,,,Medium
AUD_3827,Reading,114,10,76.7,136,,,,,,Medium
AUD_3828,Reading,98,14,73.33,67,,,,,,Medium
AUD_3829,Reading,134,11,73.27,101,,,,,,High
AUD_3830,Reading,95,2,50.26,103,,,,,,High
AUD_3831,Spontaneous,135,13,70.92,91,,,,,,High
AUD_3832,Reading,113,10,54.39,142,,,,,,Medium
AUD_3833,Spontaneous,133,4,24.69,190,,,,,,Medium
AUD_3834,Spontaneous,128,13,82.31,81,,,,,,Medium
AUD_3835,Reading,117,3,82.31,132,,,,,,Medium
AUD_3836,Reading,130,5,42.6,130,,,,,,Medium
AUD_3837,Spontaneous,133,5,83.97,115,,,,,,Medium
AUD_3838,Spontaneous,165,10,73.06,131,,,,,,Medium
AUD_3839,Spontaneous,150,5,48.06,127,,,,,,High
AUD_3840,Spontaneous,129,6,43.21,103,,,,,,Medium
AUD_3841,Spontaneous,171,7,88.26,122,,,,,,Medium
AUD_3842,Reading,158,5,69.88,63,,,,,,High
AUD_3843,Reading,97,2,46.52,185,,,,,,Medium
AUD_3844,Spontaneous,104,14,64.94,84,,,,,,Medium
AUD_3845,Spontaneous,97,3,60.01,195,,,,,,Medium
AUD_3846,Spontaneous,119,4,56.72,127,,,,,,Medium
AUD_3847,Spontaneous,129,5,65.13,101,,,,,,High
AUD_3848,Spontaneous,135,6,57.63,121,,,,,,High
AUD_3849,Spontaneous,167,14,65.84,185,,,,,,High
AUD_3850,Spontaneous,92,11,83.53,115,,,,,,Medium
AUD_3851,Spontaneous,129,11,89.53,130,,,,,,Medium
AUD_3852,Reading,127,4,69.65,126,,,,,,High
AUD_3853,Spontaneous,175,12,84.95,167,,,,,,High
AUD_3854,Spontaneous,112,2,80.09,122,,,,,,Medium
AUD_3855,Reading,101,12,40.65,76,,,,,,High
AUD_3856,Spontaneous,103,12,85.3,197,,,,,,High
AUD_3857,Spontaneous,137,9,24.96,87,,,,,,Medium
AUD_3858,Spontaneous,125,9,43.09,189,,,,,,Medium
AUD_3859,Spontaneous,158,14,64.8,135,,,,,,Low
AUD_3860,Reading,119,5,56.88,150,,,,,,Medium
AUD_3861,Spontaneous,102,8,57.97,152,,,,,,Medium
AUD_3862,Spontaneous,125,5,75.64,80,,,,,,Medium
AUD_3863,Spontaneous,169,4,33.63,89,,,,,,Medium
AUD_3864,Reading,126,8,88.75,122,,,,,,High
AUD_3865,Spontaneous,165,7,50.62,187,,,,,,Medium
AUD_3866,Spontaneous,123,2,86.49,179,,,,,,High
AUD_3867,Reading,115,10,46.82,131,,,,,,Medium
AUD_3868,Reading,160,13,62.13,81,,,,,,High
AUD_3869,Reading,109,3,51.52,137,,,,,,High
AUD_3870,Reading,111,14,67.32,151,,,,,,Medium
AUD_3871,Spontaneous,94,4,32.85,138,,,,,,Low
AUD_3872,Reading,107,6,48.04,138,,,,,,Medium
AUD_3873,Reading,124,4,24.79,81,,,,,,Medium
AUD_3874,Reading,126,4,61.87,103,,,,,,High
AUD_3875,Spontaneous,128,9,87.39,145,,,,,,Medium
AUD_3876,Reading,133,5,23.21,163,,,,,,High
AUD_3877,Spontaneous,141,14,66.17,73,,,,,,Medium
AUD_3878,Spontaneous,107,14,74.26,79,,,,,,High
AUD_3879,Reading,145,11,34.92,146,,,,,,High
AUD_3880,Spontaneous,120,3,39.12,104,,,,,,Medium
AUD_3881,Reading,156,6,34.11,113,,,,,,High
AUD_3882,Reading,140,3,40.82,82,,,,,,Medium
AUD_3883,Spontaneous,140,11,27.71,95,,,,,,High
AUD_3884,Spontaneous,152,12,45.92,82,,,,,,Medium
AUD_3885,Spontaneous,120,13,45.83,79,,,,,,Medium
AUD_3886,Spontaneous,129,9,76.51,128,,,,,,High
AUD_3887,Reading,142,4,76.07,141,,,,,,High
AUD_3888,Spontaneous,128,3,75.77,145,,,,,,Medium
AUD_3889,Spontaneous,130,4,59.69,79,,,,,,Medium
AUD_3890,Spontaneous,115,4,42.81,155,,,,,,Medium
AUD_3891,Spontaneous,116,2,48.77,151,,,,,,Medium
AUD_3892,Reading,153,4,42.24,189,,,,,,High
AUD_3893,Reading,90,4,60.73,116,,,,,,High
AUD_3894,Spontaneous,99,5,85.66,192,,,,,,Medium
AUD_3895,Spontaneous,175,14,39.91,59,,,,,,Medium
AUD_3896,Reading,107,9,52.12,135,,,,,,High
AUD_3897,Reading,128,10,65.86,110,,,,,,High
AUD_3898,Reading,166,2,79.13,72,,,,,,Medium
AUD_3899,Reading,90,2,37.73,60,,,,,,Low
AUD_3900,Spontaneous,173,7,39.62,65,,,,,,Medium
AUD_3901,Spontaneous,95,2,81.96,98,,,,,,High
AUD_3902,Reading,105,13,25.62,159,,,,,,Medium
AUD_3903,Reading,93,6,62.38,129,,,,,,Medium
AUD_3904,Spontaneous,137,13,80.23,191,,,,,,Low
AUD_3905,Spontaneous,175,2,84.52,183,,,,,,Medium
AUD_3906,Reading,166,14,20.89,194,,,,,,Medium
AUD_3907,Spontaneous,148,9,45.88,168,,,,,,Medium
AUD_3908,Reading,107,13,38.01,91,,,,,,High
AUD_3909,Spontaneous,168,6,59.76,59,,,,,,High
AUD_3910,Spontaneous,158,7,64.3,98,,,,,,Medium
AUD_3911,Reading,114,5,89.98,58,,,,,,Medium
AUD_3912,Spontaneous,162,14,55.89,51,,,,,,High
AUD_3913,Reading,169,9,58.6,117,,,,,,High
AUD_3914,Spontaneous,153,13,49.0,101,,,,,,Medium
AUD_3915,Reading,99,10,30.34,188,,,,,,Low
AUD_3916,Reading,179,10,41.23,86,,,,,,Medium
AUD_3917,Reading,97,2,37.29,71,,,,,,High
AUD_3918,Spontaneous,149,8,76.09,54,,,,,,High
AUD_3919,Reading,100,5,58.21,179,,,,,,Medium
AUD_3920,Reading,171,14,40.73,182,,,,,,Medium
AUD_3921,Spontaneous,122,14,54.24,148,,,,,,High
AUD_3922,Spontaneous,136,11,35.32,196,,,,,,High
AUD_3923,Reading,106,12,32.96,152,,,,,,Medium
AUD_3924,Reading,139,9,80.2,164,,,,,,Medium
AUD_3925,Spontaneous,174,8,86.14,53,,,,,,High
AUD_3926,Spontaneous,171,2,25.6,136,,,,,,High
AUD_3927,Spontaneous,96,2,73.54,95,,,,,,Low
AUD_3928,Reading,124,2,51.73,132,,,,,,Medium
AUD_3929,Spontaneous,114,3,47.23,99,,,,,,High
AUD_3930,Reading,133,11,68.26,75,,,,,,High
AUD_3931,Reading,165,3,38.64,120,,,,,,Medium
AUD_3932,Reading,156,10,21.44,81,,,,,,High
AUD_3933,Spontaneous,121,6,34.98,160,,,,,,High
AUD_3934,Spontaneous,124,2,32.94,166,,,,,,Medium
AUD_3935,Spontaneous,149,8,22.38,146,,,,,,Medium
AUD_3936,Reading,107,11,42.49,75,,,,,,High
AUD_3937,Reading,99,3,53.22,137,,,,,,High
AUD_3938,Spontaneous,112,4,71.51,100,,,,,,High
AUD_3939,Spontaneous,101,5,42.8,136,,,,,,High
AUD_3940,Reading,122,4,33.62,75,,,,,,Medium
AUD_3941,Reading,174,4,36.14,173,,,,,,High
AUD_3942,Reading,101,10,82.38,80,,,,,,Low
AUD_3943,Reading,164,13,34.33,175,,,,,,High
AUD_3944,Spontaneous,138,5,81.55,94,,,,,,Medium
AUD_3945,Reading,147,9,51.3,80,,,,,,High
AUD_3946,Reading,105,2,85.41,160,,,,,,Medium
AUD_3947,Spontaneous,104,14,48.57,110,,,,,,High
AUD_3948,Spontaneous,105,7,32.44,94,,,,,,High
AUD_3949,Spontaneous,150,2,58.43,109,,,,,,Medium
AUD_3950,Spontaneous,157,6,61.14,101,,,,,,High
AUD_3951,Reading,173,8,64.48,101,,,,,,High
AUD_3952,Reading,126,14,48.8,125,,,,,,High
AUD_3953,Reading,132,13,23.4,111,,,,,,High
AUD_3954,Reading,132,2,63.87,116,,,,,,High
AUD_3955,Reading,114,10,85.31,128,,,,,,High
AUD_3956,Spontaneous,120,13,87.03,98,,,,,,High
AUD_3957,Spontaneous,166,12,61.78,137,,,,,,Medium
AUD_3958,Reading,121,10,21.39,164,,,,,,Medium
AUD_3959,Spontaneous,168,7,27.42,93,,,,,,Medium
AUD_3960,Reading,117,3,78.38,85,,,,,,High
AUD_3961,Reading,121,3,78.08,71,,,,,,Medium
AUD_3962,Reading,140,10,86.22,179,,,,,,High
AUD_3963,Reading,99,14,59.46,56,,,,,,Low
AUD_3964,Reading,173,5,80.47,65,,,,,,High
AUD_3965,Spontaneous,164,7,77.74,143,,,,,,High
AUD_3966,Spontaneous,150,14,61.26,93,,,,,,High
AUD_3967,Reading,179,11,74.85,159,,,,,,Medium
AUD_3968,Reading,91,3,28.8,114,,,,,,High
AUD_3969,Spontaneous,127,5,64.74,122,,,,,,High
AUD_3970,Reading,167,3,86.74,120,,,,,,High
AUD_3971,Reading,129,4,31.34,123,,,,,,Medium
AUD_3972,Reading,90,3,72.08,74,,,,,,Medium
AUD_3973,Spontaneous,104,9,42.46,131,,,,,,Medium
AUD_3974,Reading,129,6,77.2,120,,,,,,Medium
AUD_3975,Reading,150,6,68.8,106,,,,,,Medium
AUD_3976,Spontaneous,105,9,84.83,99,,,,,,High
AUD_3977,Reading,130,12,69.84,124,,,,,,Medium
AUD_3978,Reading,91,9,48.72,187,,,,,,High
AUD_3979,Spontaneous,133,14,20.76,199,,,,,,Medium
AUD_3980,Spontaneous,171,8,75.5,90,,,,,,Medium
AUD_3981,Reading,144,6,48.59,96,,,,,,Medium
AUD_3982,Spontaneous,130,8,66.94,191,,,,,,Medium
AUD_3983,Reading,105,14,27.35,180,,,,,,High
AUD_3984,Reading,108,2,82.37,127,,,,,,High
AUD_3985,Spontaneous,97,4,50.5,102,,,,,,High
AUD_3986,Reading,157,4,84.38,65,,,,,,High
AUD_3987,Spontaneous,97,3,69.49,168,,,,,,Low
AUD_3988,Spontaneous,125,7,28.5,77,,,,,,Medium
AUD_3989,Spontaneous,157,4,60.54,179,,,,,,High
AUD_3990,Reading,154,5,83.7,110,,,,,,Medium
AUD_3991,Spontaneous,142,4,76.0,104,,,,,,High
AUD_3992,Reading,141,8,49.26,67,,,,,,High
AUD_3993,Spontaneous,98,5,86.85,98,,,,,,High
AUD_3994,Spontaneous,106,6,38.8,151,,,,,,High
AUD_3995,Reading,138,8,46.26,91,,,,,,Medium
AUD_3996,Reading,121,5,72.48,56,,,,,,High
AUD_3997,Spontaneous,92,7,36.3,181,,,,,,High
AUD_3998,Reading,162,10,56.08,108,,,,,,Medium
AUD_3999,Reading,149,7,71.02,98,,,,,,Medium
AUD_4000,Spontaneous,119,6,65.08,109,,,,,,High
AUD_4001,Spontaneous,99,13,30.88,55,,,,,,High
AUD_4002,Reading,143,14,64.08,197,,,,,,High
AUD_4003,Spontaneous,121,2,60.09,80,,,,,,Medium
AUD_4004,Spontaneous,113,9,59.05,165,,,,,,Medium
AUD_4005,Spontaneous,155,6,77.82,199,,,,,,High
AUD_4006,Reading,120,6,32.87,134,,,,,,High
AUD_4007,Reading,102,4,72.61,96,,,,,,Medium
AUD_4008,Reading,133,11,73.26,93,,,,,,Medium
AUD_4009,Spontaneous,165,13,70.59,105,,,,,,Medium
AUD_4010,Reading,166,3,55.42,92,,,,,,Medium
AUD_4011,Spontaneous,166,2,47.69,103,,,,,,Medium
AUD_4012,Spontaneous,128,10,47.63,117,,,,,,Low
AUD_4013,Spontaneous,161,6,71.37,102,,,,,,Medium
AUD_4014,Spontaneous,167,11,54.85,89,,,,,,Medium
AUD_4015,Reading,131,13,43.69,135,,,,,,Medium
AUD_4016,Spontaneous,119,5,63.78,186,,,,,,Medium
AUD_4017,Spontaneous,153,8,78.59,144,,,,,,High
AUD_4018,Reading,171,14,24.31,187,,,,,,High
AUD_4019,Spontaneous,177,5,88.05,59,,,,,,Low
AUD_4020,Reading,116,12,26.77,187,,,,,,Medium
AUD_4021,Reading,176,3,55.82,85,,,,,,Medium
AUD_4022,Reading,135,10,59.21,92,,,,,,Medium
AUD_4023,Spontaneous,118,9,29.67,156,,,,,,High
AUD_4024,Reading,179,13,84.09,181,,,,,,Medium
AUD_4025,Spontaneous,169,5,53.0,189,,,,,,High
AUD_4026,Reading,152,9,30.02,173,,,,,,Medium
AUD_4027,Reading,171,13,69.81,98,,,,,,High
AUD_4028,Reading,151,14,66.44,190,,,,,,Low
AUD_4029,Reading,130,10,87.4,173,,,,,,Medium
AUD_4030,Spontaneous,175,3,50.91,117,,,,,,Low
AUD_4031,Spontaneous,177,5,38.75,151,,,,,,Low
AUD_4032,Reading,118,12,24.2,139,,,,,,Medium
AUD_4033,Reading,122,7,71.32,58,,,,,,Medium
AUD_4034,Reading,124,8,63.21,59,,,,,,Medium
AUD_4035,Spontaneous,164,6,88.08,174,,,,,,Medium
AUD_4036,Reading,161,11,69.85,164,,,,,,High
AUD_4037,Reading,178,13,85.32,114,,,,,,High
AUD_4038,Spontaneous,132,11,89.41,161,,,,,,Medium
AUD_4039,Reading,156,14,49.99,121,,,,,,Medium
AUD_4040,Reading,167,8,30.52,123,,,,,,High
AUD_4041,Reading,110,12,33.71,103,,,,,,High
AUD_4042,Reading,146,5,42.29,138,,,,,,High
AUD_4043,Spontaneous,139,9,55.62,144,,,,,,High
AUD_4044,Spontaneous,157,4,28.57,152,,,,,,Medium
AUD_4045,Spontaneous,153,14,41.12,110,,,,,,High
AUD_4046,Reading,163,4,41.55,185,,,,,,High
AUD_4047,Reading,118,6,20.29,177,,,,,,High
AUD_4048,Spontaneous,109,7,44.79,114,,,,,,High
AUD_4049,Reading,162,4,28.13,54,,,,,,High
AUD_4050,Reading,122,11,50.08,169,,,,,,High
AUD_4051,Spontaneous,116,3,33.76,164,,,,,,Medium
AUD_4052,Spontaneous,120,6,77.55,158,,,,,,Medium
AUD_4053,Reading,96,11,25.64,92,,,,,,Medium
AUD_4054,Spontaneous,160,7,80.6,75,,,,,,High
AUD_4055,Reading,154,4,60.64,60,,,,,,Medium
AUD_4056,Spontaneous,140,8,52.1,179,,,,,,Medium
AUD_4057,Spontaneous,154,4,58.48,70,,,,,,High
AUD_4058,Reading,124,13,46.33,164,,,,,,High
AUD_4059,Reading,117,14,28.93,177,,,,,,Medium
AUD_4060,Spontaneous,168,3,73.61,125,,,,,,Low
AUD_4061,Reading,128,14,84.95,122,,,,,,High
AUD_4062,Reading,108,11,86.5,136,,,,,,Medium
AUD_4063,Reading,157,5,66.95,155,,,,,,Medium
AUD_4064,Spontaneous,120,4,48.72,182,,,,,,Medium
AUD_4065,Reading,109,8,53.49,58,,,,,,High
AUD_4066,Reading,92,9,65.99,168,,,,,,High
AUD_4067,Spontaneous,177,4,77.62,99,,,,,,Medium
AUD_4068,Spontaneous,132,7,46.22,59,,,,,,Medium
AUD_4069,Spontaneous,105,2,84.17,162,,,,,,Medium
AUD_4070,Spontaneous,158,6,42.7,59,,,,,,High
AUD_4071,Reading,170,3,57.16,127,,,,,,Medium
AUD_4072,Reading,138,2,87.3,85,,,,,,High
AUD_4073,Spontaneous,93,14,85.67,105,,,,,,High
AUD_4074,Spontaneous,123,8,68.7,167,,,,,,High
AUD_4075,Reading,112,11,42.72,86,,,,,,High
AUD_4076,Reading,147,5,35.33,97,,,,,,High
AUD_4077,Spontaneous,137,6,25.61,199,,,,,,Medium
AUD_4078,Reading,122,3,69.61,136,,,,,,Medium
AUD_4079,Reading,148,9,55.24,110,,,,,,Medium
AUD_4080,Spontaneous,143,12,60.06,124,,,,,,High
AUD_4081,Spontaneous,172,14,53.07,166,,,,,,High
AUD_4082,Spontaneous,144,11,53.81,164,,,,,,High
AUD_4083,Spontaneous,136,4,59.99,148,,,,,,Medium
AUD_4084,Reading,164,8,84.0,97,,,,,,Medium
AUD_4085,Spontaneous,108,12,22.06,86,,,,,,Medium
AUD_4086,Reading,112,2,76.11,54,,,,,,High
AUD_4087,Reading,161,11,47.34,149,,,,,,Medium
AUD_4088,Reading,130,2,72.14,66,,,,,,High
AUD_4089,Spontaneous,127,8,86.4,139,,,,,,Medium
AUD_4090,Reading,170,2,41.44,157,,,,,,Medium
AUD_4091,Spontaneous,145,13,26.27,69,,,,,,Medium
AUD_4092,Spontaneous,162,10,36.26,152,,,,,,High
AUD_4093,Spontaneous,163,10,35.55,146,,,,,,High
AUD_4094,Reading,101,9,71.93,193,,,,,,Medium
AUD_4095,Spontaneous,149,9,24.33,56,,,,,,High
AUD_4096,Spontaneous,176,5,23.57,143,,,,,,High
AUD_4097,Reading,133,5,68.55,115,,,,,,High
AUD_4098,Spontaneous,156,6,58.97,61,,,,,,Medium
AUD_4099,Reading,141,10,49.24,89,,,,,,High
AUD_4100,Reading,108,4,60.28,50,,,,,,High
AUD_4101,Spontaneous,108,5,71.47,107,,,,,,High
AUD_4102,Spontaneous,129,11,27.24,180,,,,,,High
AUD_4103,Spontaneous,133,6,58.73,57,,,,,,Medium
AUD_4104,Spontaneous,135,8,77.71,139,,,,,,Medium
AUD_4105,Reading,176,6,45.37,124,,,,,,High
AUD_4106,Spontaneous,99,10,73.41,134,,,,,,Medium
AUD_4107,Spontaneous,124,7,79.18,54,,,,,,High
AUD_4108,Reading,136,4,77.47,75,,,,,,Medium
AUD_4109,Spontaneous,177,7,65.52,134,,,,,,Medium
AUD_4110,Spontaneous,135,7,70.21,122,,,,,,Medium
AUD_4111,Spontaneous,160,13,75.14,194,,,,,,Medium
AUD_4112,Spontaneous,157,11,71.36,150,,,,,,High
AUD_4113,Spontaneous,141,2,51.62,115,,,,,,Low
AUD_4114,Reading,102,8,31.14,168,,,,,,Medium
AUD_4115,Spontaneous,110,4,41.68,96,,,,,,Medium
AUD_4116,Reading,112,2,34.51,141,,,,,,Medium
AUD_4117,Reading,93,2,45.3,76,,,,,,High
AUD_4118,Reading,124,6,54.25,89,,,,,,High
AUD_4119,Reading,145,11,87.13,50,,,,,,High
AUD_4120,Spontaneous,103,11,87.16,188,,,,,,Medium
AUD_4121,Spontaneous,106,3,73.87,67,,,,,,Medium
AUD_4122,Reading,154,3,88.61,140,,,,,,High
AUD_4123,Spontaneous,105,13,89.86,96,,,,,,Medium
AUD_4124,Spontaneous,102,5,81.97,70,,,,,,High
AUD_4125,Reading,178,11,25.57,178,,,,,,Medium
AUD_4126,Spontaneous,91,12,49.82,63,,,,,,Medium
AUD_4127,Reading,119,13,57.39,69,,,,,,Medium
AUD_4128,Reading,93,13,28.69,170,,,,,,Medium
AUD_4129,Spontaneous,165,8,76.6,171,,,,,,High
AUD_4130,Spontaneous,143,9,30.41,101,,,,,,Medium
AUD_4131,Spontaneous,94,12,46.83,117,,,,,,High
AUD_4132,Reading,145,11,24.82,86,,,,,,High
AUD_4133,Reading,101,8,56.72,131,,,,,,High
AUD_4134,Spontaneous,135,10,61.79,98,,,,,,Medium
AUD_4135,Reading,150,8,71.46,88,,,,,,Medium
AUD_4136,Spontaneous,103,5,43.76,187,,,,,,High
AUD_4137,Spontaneous,135,10,61.34,186,,,,,,High
AUD_4138,Spontaneous,131,10,71.39,141,,,,,,High
AUD_4139,Spontaneous,172,4,73.34,190,,,,,,High
AUD_4140,Reading,180,11,41.11,67,,,,,,High
AUD_4141,Spontaneous,149,9,24.74,189,,,,,,Medium
AUD_4142,Reading,167,2,22.63,121,,,,,,Medium
AUD_4143,Reading,148,3,73.76,54,,,,,,High
AUD_4144,Reading,169,9,46.98,56,,,,,,High
AUD_4145,Reading,129,14,29.38,192,,,,,,Medium
AUD_4146,Reading,145,9,32.91,195,,,,,,High
AUD_4147,Reading,166,7,73.63,87,,,,,,High
AUD_4148,Spontaneous,173,9,61.92,75,,,,,,High
AUD_4149,Reading,92,9,55.1,108,,,,,,Medium
AUD_4150,Spontaneous,99,3,63.61,101,,,,,,Medium
AUD_4151,Reading,174,4,29.62,198,,,,,,Medium
AUD_4152,Spontaneous,141,8,42.33,194,,,,,,Medium
AUD_4153,Spontaneous,179,4,46.18,156,,,,,,High
AUD_4154,Reading,161,14,42.01,111,,,,,,High
AUD_4155,Spontaneous,164,12,80.51,108,,,,,,High
AUD_4156,Spontaneous,125,3,60.7,51,,,,,,High
AUD_4157,Reading,113,7,71.05,74,,,,,,High
AUD_4158,Reading,144,3,36.57,68,,,,,,High
AUD_4159,Reading,169,3,38.49,74,,,,,,Medium
AUD_4160,Reading,155,12,35.77,53,,,,,,Medium
AUD_4161,Reading,132,3,68.16,52,,,,,,High
AUD_4162,Reading,158,5,44.43,155,,,,,,Medium
AUD_4163,Reading,152,8,48.36,187,,,,,,Medium
AUD_4164,Reading,172,7,69.64,162,,,,,,Medium
AUD_4165,Spontaneous,114,6,88.03,76,,,,,,Medium
AUD_4166,Reading,101,5,31.33,161,,,,,,High
AUD_4167,Spontaneous,132,3,24.39,139,,,,,,Medium
AUD_4168,Reading,122,12,33.64,178,,,,,,Medium
AUD_4169,Reading,178,9,71.45,93,,,,,,High
AUD_4170,Reading,91,14,33.62,101,,,,,,High
AUD_4171,Reading,174,13,60.9,114,,,,,,Medium
AUD_4172,Spontaneous,176,3,61.32,60,,,,,,High
AUD_4173,Spontaneous,95,12,40.61,117,,,,,,Medium
AUD_4174,Reading,170,9,24.81,170,,,,,,Medium
AUD_4175,Spontaneous,132,11,47.94,126,,,,,,High
AUD_4176,Reading,159,5,33.07,64,,,,,,Medium
AUD_4177,Spontaneous,97,13,32.91,106,,,,,,Medium
AUD_4178,Reading,176,6,56.58,123,,,,,,Medium
AUD_4179,Spontaneous,145,12,67.12,113,,,,,,Medium
AUD_4180,Spontaneous,171,2,25.28,60,,,,,,High
AUD_4181,Spontaneous,151,3,60.48,170,,,,,,Medium
AUD_4182,Reading,138,12,37.23,174,,,,,,High
AUD_4183,Spontaneous,106,9,67.13,197,,,,,,Medium
AUD_4184,Reading,106,2,76.72,79,,,,,,High
AUD_4185,Spontaneous,133,4,76.49,59,,,,,,Medium
AUD_4186,Reading,168,3,45.89,103,,,,,,High
AUD_4187,Reading,100,11,59.71,178,,,,,,High
AUD_4188,Reading,180,6,75.56,107,,,,,,High
AUD_4189,Spontaneous,169,13,24.26,198,,,,,,Medium
AUD_4190,Spontaneous,125,5,62.39,192,,,,,,Medium
AUD_4191,Reading,113,5,78.56,196,,,,,,High
AUD_4192,Reading,173,14,46.06,181,,,,,,Medium
AUD_4193,Reading,101,5,51.88,125,,,,,,Medium
AUD_4194,Spontaneous,121,12,68.91,138,,,,,,Medium
AUD_4195,Spontaneous,98,5,24.75,147,,,,,,High
AUD_4196,Spontaneous,176,5,46.99,130,,,,,,High
AUD_4197,Spontaneous,146,7,40.7,119,,,,,,Medium
AUD_4198,Spontaneous,120,3,21.19,61,,,,,,Medium
AUD_4199,Reading,115,14,33.72,176,,,,,,Medium
AUD_4200,Reading,130,14,47.71,128,,,,,,Medium
AUD_4201,Reading,98,5,33.82,194,,,,,,Medium
AUD_4202,Reading,170,8,62.17,178,,,,,,High
AUD_4203,Spontaneous,136,8,51.41,63,,,,,,High
AUD_4204,Spontaneous,155,2,22.76,168,,,,,,High
AUD_4205,Reading,111,11,39.25,51,,,,,,High
AUD_4206,Spontaneous,135,13,21.36,53,,,,,,Medium
AUD_4207,Reading,109,10,45.07,115,,,,,,High
AUD_4208,Spontaneous,163,8,38.14,139,,,,,,Medium
AUD_4209,Spontaneous,160,12,68.17,109,,,,,,High
AUD_4210,Reading,103,7,41.52,146,,,,,,Medium
AUD_4211,Reading,97,3,46.26,176,,,,,,High
AUD_4212,Reading,164,7,70.77,109,,,,,,High
AUD_4213,Spontaneous,100,6,53.66,132,,,,,,High
AUD_4214,Spontaneous,139,10,58.95,123,,,,,,Medium
AUD_4215,Spontaneous,138,13,78.89,104,,,,,,Medium
AUD_4216,Reading,108,2,34.48,75,,,,,,High
AUD_4217,Reading,143,6,89.24,170,,,,,,High
AUD_4218,Reading,135,4,83.01,116,,,,,,High
AUD_4219,Spontaneous,136,10,40.06,165,,,,,,Medium
AUD_4220,Spontaneous,122,13,82.51,116,,,,,,High
AUD_4221,Reading,165,2,72.78,55,,,,,,High
AUD_4222,Reading,98,7,85.15,163,,,,,,High
AUD_4223,Reading,129,4,68.38,59,,,,,,High
AUD_4224,Spontaneous,113,2,67.21,87,,,,,,High
AUD_4225,Spontaneous,166,12,20.24,173,,,,,,Medium
AUD_4226,Reading,110,4,53.22,126,,,,,,Medium
AUD_4227,Reading,159,3,34.02,151,,,,,,High
AUD_4228,Reading,145,11,42.69,61,,,,,,High
AUD_4229,Spontaneous,169,13,88.52,95,,,,,,High
AUD_4230,Spontaneous,143,13,25.99,98,,,,,,High
AUD_4231,Spontaneous,140,13,70.57,140,,,,,,Medium
AUD_4232,Reading,162,9,32.11,173,,,,,,Medium
AUD_4233,Reading,141,4,20.52,121,,,,,,High
AUD_4234,Reading,166,12,55.1,151,,,,,,Low
AUD_4235,Reading,94,8,31.29,92,,,,,,High
AUD_4236,Reading,135,11,87.58,109,,,,,,Medium
AUD_4237,Reading,163,7,34.26,150,,,,,,Medium
AUD_4238,Reading,166,8,33.44,135,,,,,,Medium
AUD_4239,Reading,165,12,22.25,175,,,,,,High
AUD_4240,Reading,144,8,43.09,60,,,,,,Medium
AUD_4241,Reading,179,11,21.69,84,,,,,,High
AUD_4242,Reading,106,2,54.92,72,,,,,,High
AUD_4243,Spontaneous,106,5,55.39,198,,,,,,Medium
AUD_4244,Reading,93,5,23.73,77,,,,,,Medium
AUD_4245,Reading,179,6,36.8,165,,,,,,Medium
AUD_4246,Spontaneous,121,11,78.25,144,,,,,,Medium
AUD_4247,Reading,159,6,52.38,107,,,,,,High
AUD_4248,Spontaneous,95,9,50.42,102,,,,,,Medium
AUD_4249,Spontaneous,117,5,68.91,77,,,,,,Medium
AUD_4250,Reading,146,14,70.04,91,,,,,,Medium
AUD_4251,Reading,137,2,73.34,134,,,,,,High
AUD_4252,Spontaneous,109,6,78.13,142,,,,,,Medium
AUD_4253,Reading,132,2,36.26,173,,,,,,High
AUD_4254,Reading,100,13,24.65,96,,,,,,Medium
AUD_4255,Reading,139,4,46.62,164,,,,,,High
AUD_4256,Spontaneous,99,9,79.86,59,,,,,,High
AUD_4257,Spontaneous,147,11,25.46,72,,,,,,High
AUD_4258,Reading,104,6,60.32,54,,,,,,Medium
AUD_4259,Reading,139,8,69.08,131,,,,,,High
AUD_4260,Spontaneous,102,2,53.7,168,,,,,,Medium
AUD_4261,Spontaneous,126,7,37.86,55,,,,,,Medium
AUD_4262,Reading,122,13,42.84,174,,,,,,Medium
AUD_4263,Reading,158,9,25.02,96,,,,,,Medium
AUD_4264,Reading,148,7,40.48,77,,,,,,High
AUD_4265,Spontaneous,174,5,23.11,62,,,,,,High
AUD_4266,Spontaneous,173,12,70.84,74,,,,,,Medium
AUD_4267,Reading,155,9,82.86,56,,,,,,Medium
AUD_4268,Spontaneous,159,9,64.35,129,,,,,,Medium
AUD_4269,Reading,146,7,65.97,115,,,,,,Medium
AUD_4270,Reading,152,9,53.05,85,,,,,,High
AUD_4271,Reading,146,13,30.92,51,,,,,,Low
AUD_4272,Reading,118,7,20.54,162,,,,,,Medium
AUD_4273,Reading,122,5,44.08,87,,,,,,High
AUD_4274,Spontaneous,142,12,72.6,63,,,,,,Medium
AUD_4275,Spontaneous,155,13,87.23,192,,,,,,High
AUD_4276,Reading,127,7,50.18,134,,,,,,High
AUD_4277,Spontaneous,103,10,45.58,189,,,,,,Medium
AUD_4278,Reading,131,9,51.22,164,,,,,,High
AUD_4279,Spontaneous,177,8,49.94,146,,,,,,Medium
AUD_4280,Spontaneous,109,6,63.81,135,,,,,,High
AUD_4281,Spontaneous,148,14,71.39,151,,,,,,Medium
AUD_4282,Spontaneous,178,8,74.95,131,,,,,,High
AUD_4283,Reading,124,2,65.47,93,,,,,,Medium
AUD_4284,Spontaneous,170,9,50.64,179,,,,,,Medium
AUD_4285,Spontaneous,168,6,86.51,142,,,,,,Medium
AUD_4286,Spontaneous,121,8,69.77,154,,,,,,High
AUD_4287,Spontaneous,99,8,49.87,174,,,,,,High
AUD_4288,Spontaneous,106,9,51.26,122,,,,,,High
AUD_4289,Spontaneous,123,8,77.26,121,,,,,,Low
AUD_4290,Spontaneous,176,7,50.84,182,,,,,,Medium
AUD_4291,Spontaneous,115,13,56.14,127,,,,,,Medium
AUD_4292,Reading,173,7,40.41,107,,,,,,High
AUD_4293,Reading,106,6,78.72,174,,,,,,Medium
AUD_4294,Reading,177,6,56.56,60,,,,,,High
AUD_4295,Spontaneous,116,5,58.68,76,,,,,,High
AUD_4296,Reading,147,8,81.65,105,,,,,,Medium
AUD_4297,Reading,96,14,84.44,175,,,,,,Medium
AUD_4298,Reading,117,13,77.69,108,,,,,,Medium
AUD_4299,Spontaneous,109,12,24.58,158,,,,,,High
AUD_4300,Reading,90,4,51.05,89,,,,,,Medium
AUD_4301,Reading,104,6,44.03,195,,,,,,Medium
AUD_4302,Reading,143,4,34.95,110,,,,,,High
AUD_4303,Reading,125,9,83.63,171,,,,,,Medium
AUD_4304,Reading,155,6,82.3,155,,,,,,High
AUD_4305,Reading,150,12,52.57,72,,,,,,Medium
AUD_4306,Reading,162,14,29.42,85,,,,,,High
AUD_4307,Spontaneous,168,11,20.94,87,,,,,,Medium
AUD_4308,Reading,164,7,50.69,121,,,,,,High
AUD_4309,Reading,130,2,22.8,105,,,,,,High
AUD_4310,Spontaneous,118,12,62.67,125,,,,,,High
AUD_4311,Spontaneous,135,5,62.59,156,,,,,,High
AUD_4312,Spontaneous,138,10,82.93,198,,,,,,High
AUD_4313,Spontaneous,118,6,33.3,111,,,,,,Medium
AUD_4314,Spontaneous,139,2,46.0,72,,,,,,Medium
AUD_4315,Reading,100,5,80.17,198,,,,,,Medium
AUD_4316,Reading,111,13,53.2,169,,,,,,High
AUD_4317,Reading,157,7,24.18,193,,,,,,Medium
AUD_4318,Spontaneous,106,8,27.75,114,,,,,,Medium
AUD_4319,Reading,103,8,76.94,157,,,,,,Medium
AUD_4320,Reading,116,9,72.06,129,,,,,,High
AUD_4321,Spontaneous,123,6,81.31,182,,,,,,High
AUD_4322,Spontaneous,120,7,28.32,113,,,,,,High
AUD_4323,Reading,124,12,73.23,90,,,,,,Medium
AUD_4324,Spontaneous,103,12,65.86,147,,,,,,High
AUD_4325,Reading,105,3,36.26,138,,,,,,Medium
AUD_4326,Spontaneous,111,13,88.17,155,,,,,,High
AUD_4327,Reading,126,11,59.92,192,,,,,,High
AUD_4328,Reading,120,13,83.48,103,,,,,,High
AUD_4329,Reading,161,3,80.14,126,,,,,,High
AUD_4330,Spontaneous,137,4,43.32,91,,,,,,Medium
AUD_4331,Spontaneous,142,5,57.52,74,,,,,,Medium
AUD_4332,Spontaneous,140,7,50.2,116,,,,,,Medium
AUD_4333,Spontaneous,126,7,69.64,161,,,,,,High
AUD_4334,Reading,178,4,61.16,122,,,,,,High
AUD_4335,Reading,93,2,74.94,199,,,,,,High
AUD_4336,Reading,109,4,20.82,161,,,,,,Medium
AUD_4337,Reading,116,5,68.15,186,,,,,,Medium
AUD_4338,Spontaneous,169,10,42.33,72,,,,,,High
AUD_4339,Spontaneous,173,11,35.7,64,,,,,,High
AUD_4340,Spontaneous,166,9,76.09,176,,,,,,High
AUD_4341,Spontaneous,128,14,26.25,63,,,,,,High
AUD_4342,Reading,172,5,35.99,101,,,,,,Medium
AUD_4343,Spontaneous,99,8,34.26,133,,,,,,High
AUD_4344,Spontaneous,149,14,49.39,85,,,,,,High
AUD_4345,Spontaneous,174,14,42.56,194,,,,,,High
AUD_4346,Reading,158,10,70.43,53,,,,,,High
AUD_4347,Reading,115,3,68.96,180,,,,,,High
AUD_4348,Reading,155,4,42.78,68,,,,,,Medium
AUD_4349,Spontaneous,117,2,50.59,107,,,,,,Medium
AUD_4350,Reading,100,9,34.55,56,,,,,,High
AUD_4351,Reading,155,3,66.96,85,,,,,,High
AUD_4352,Reading,106,8,47.74,125,,,,,,High
AUD_4353,Reading,100,8,29.3,197,,,,,,High
AUD_4354,Reading,140,12,28.91,151,,,,,,Medium
AUD_4355,Reading,146,4,42.56,125,,,,,,High
AUD_4356,Spontaneous,95,3,72.31,117,,,,,,High
AUD_4357,Spontaneous,90,4,21.79,115,,,,,,High
AUD_4358,Reading,169,13,38.04,96,,,,,,High
AUD_4359,Spontaneous,100,9,31.37,183,,,,,,High
AUD_4360,Reading,143,13,86.95,67,,,,,,Medium
AUD_4361,Spontaneous,176,10,69.37,71,,,,,,Medium
AUD_4362,Reading,136,12,36.33,117,,,,,,High
AUD_4363,Spontaneous,103,9,34.52,147,,,,,,High
AUD_4364,Reading,125,12,80.06,58,,,,,,Medium
AUD_4365,Reading,146,3,33.32,124,,,,,,Medium
AUD_4366,Spontaneous,159,13,89.79,66,,,,,,High
AUD_4367,Reading,145,14,39.76,100,,,,,,Medium
AUD_4368,Spontaneous,93,10,25.9,73,,,,,,Medium
AUD_4369,Reading,103,7,68.37,174,,,,,,Medium
AUD_4370,Reading,123,13,62.67,64,,,,,,High
AUD_4371,Reading,154,3,89.99,180,,,,,,High
AUD_4372,Reading,143,10,76.15,101,,,,,,High
AUD_4373,Spontaneous,94,6,50.02,103,,,,,,High
AUD_4374,Spontaneous,162,7,67.36,107,,,,,,Medium
AUD_4375,Spontaneous,144,2,77.25,94,,,,,,Medium
AUD_4376,Spontaneous,170,13,55.96,167,,,,,,Medium
AUD_4377,Spontaneous,128,14,39.1,126,,,,,,Medium
AUD_4378,Reading,134,3,34.71,99,,,,,,Medium
AUD_4379,Reading,126,2,40.67,71,,,,,,Medium
AUD_4380,Spontaneous,155,5,79.36,101,,,,,,High
AUD_4381,Reading,158,3,46.63,80,,,,,,High
AUD_4382,Spontaneous,155,14,40.07,120,,,,,,Medium
AUD_4383,Reading,116,2,76.41,139,,,,,,Medium
AUD_4384,Spontaneous,147,4,22.23,80,,,,,,High
AUD_4385,Reading,120,5,61.58,151,,,,,,Medium
AUD_4386,Reading,165,5,81.15,181,,,,,,Medium
AUD_4387,Spontaneous,95,4,48.71,146,,,,,,Medium
AUD_4388,Reading,93,3,38.85,116,,,,,,High
AUD_4389,Spontaneous,99,13,54.42,186,,,,,,High
AUD_4390,Reading,108,9,70.22,132,,,,,,High
AUD_4391,Spontaneous,93,11,56.16,105,,,,,,High
AUD_4392,Reading,96,14,20.53,75,,,,,,High
AUD_4393,Spontaneous,118,12,25.48,109,,,,,,High
AUD_4394,Reading,99,3,70.49,177,,,,,,High
AUD_4395,Reading,162,6,48.0,176,,,,,,High
AUD_4396,Spontaneous,95,8,74.93,121,,,,,,Medium
AUD_4397,Spontaneous,172,10,65.46,139,,,,,,High
AUD_4398,Spontaneous,168,13,60.71,107,,,,,,High
AUD_4399,Spontaneous,109,4,83.1,112,,,,,,High
AUD_4400,Reading,96,2,21.49,169,,,,,,Medium
AUD_4401,Reading,100,10,30.85,180,,,,,,High
AUD_4402,Reading,140,2,63.71,184,,,,,,High
AUD_4403,Reading,144,9,24.61,163,,,,,,Low
AUD_4404,Reading,118,3,65.15,51,,,,,,High
AUD_4405,Spontaneous,117,8,88.89,189,,,,,,Medium
AUD_4406,Spontaneous,138,13,81.52,97,,,,,,Medium
AUD_4407,Spontaneous,118,4,61.36,102,,,,,,Medium
AUD_4408,Spontaneous,174,7,82.58,174,,,,,,High
AUD_4409,Spontaneous,124,7,28.14,166,,,,,,Medium
AUD_4410,Reading,110,5,51.83,140,,,,,,High
AUD_4411,Reading,103,9,50.01,131,,,,,,High
AUD_4412,Spontaneous,147,13,43.55,117,,,,,,Medium
AUD_4413,Spontaneous,119,13,20.01,143,,,,,,High
AUD_4414,Spontaneous,107,6,82.37,198,,,,,,Medium
AUD_4415,Reading,115,8,74.44,121,,,,,,Medium
AUD_4416,Spontaneous,118,14,65.7,152,,,,,,High
AUD_4417,Spontaneous,146,6,29.03,62,,,,,,High
AUD_4418,Spontaneous,106,14,46.47,173,,,,,,High
AUD_4419,Reading,156,13,84.7,199,,,,,,Medium
AUD_4420,Spontaneous,117,5,63.19,56,,,,,,Medium
AUD_4421,Reading,134,7,62.24,73,,,,,,High
AUD_4422,Spontaneous,149,4,83.92,182,,,,,,High
AUD_4423,Spontaneous,139,7,59.19,99,,,,,,Medium
AUD_4424,Reading,150,7,61.83,75,,,,,,High
AUD_4425,Reading,119,12,44.2,187,,,,,,High
AUD_4426,Spontaneous,177,12,46.0,60,,,,,,Medium
AUD_4427,Spontaneous,131,7,67.99,89,,,,,,Medium
AUD_4428,Reading,119,12,42.43,151,,,,,,Medium
AUD_4429,Reading,117,4,59.14,60,,,,,,Medium
AUD_4430,Spontaneous,94,14,39.54,161,,,,,,Medium
AUD_4431,Reading,152,9,31.63,143,,,,,,Medium
AUD_4432,Reading,114,5,51.81,53,,,,,,High
AUD_4433,Spontaneous,176,12,35.22,51,,,,,,Medium
AUD_4434,Spontaneous,109,3,82.89,94,,,,,,High
AUD_4435,Spontaneous,138,8,41.25,123,,,,,,Medium
AUD_4436,Reading,156,12,61.82,152,,,,,,Medium
AUD_4437,Spontaneous,168,9,38.44,91,,,,,,High
AUD_4438,Spontaneous,104,12,38.06,78,,,,,,High
AUD_4439,Reading,179,5,44.54,193,,,,,,Medium
AUD_4440,Spontaneous,172,7,84.11,149,,,,,,Medium
AUD_4441,Reading,177,9,47.4,181,,,,,,High
AUD_4442,Reading,167,6,77.49,149,,,,,,Medium
AUD_4443,Spontaneous,169,10,33.81,65,,,,,,High
AUD_4444,Spontaneous,144,7,23.37,55,,,,,,Medium
AUD_4445,Reading,166,7,74.72,91,,,,,,High
AUD_4446,Spontaneous,138,13,57.93,177,,,,,,High
AUD_4447,Reading,138,14,55.26,149,,,,,,Medium
AUD_4448,Reading,141,3,39.05,125,,,,,,High
AUD_4449,Spontaneous,180,8,25.06,91,,,,,,Medium
AUD_4450,Spontaneous,99,10,53.8,144,,,,,,High
AUD_4451,Reading,162,6,80.71,61,,,,,,Medium
AUD_4452,Reading,115,6,28.4,173,,,,,,Medium
AUD_4453,Spontaneous,123,13,85.04,113,,,,,,Medium
AUD_4454,Reading,97,14,39.23,78,,,,,,High
AUD_4455,Reading,122,12,57.25,68,,,,,,Medium
AUD_4456,Reading,179,6,24.66,146,,,,,,Medium
AUD_4457,Spontaneous,126,2,49.75,94,,,,,,High
AUD_4458,Reading,150,6,28.81,103,,,,,,Medium
AUD_4459,Reading,101,11,23.36,159,,,,,,Medium
AUD_4460,Spontaneous,173,9,87.66,129,,,,,,Medium
AUD_4461,Reading,164,4,71.11,62,,,,,,Medium
AUD_4462,Reading,125,10,70.33,189,,,,,,Medium
AUD_4463,Spontaneous,121,10,26.34,162,,,,,,High
AUD_4464,Spontaneous,129,7,85.05,120,,,,,,Medium
AUD_4465,Spontaneous,126,5,52.86,63,,,,,,Low
AUD_4466,Spontaneous,113,5,79.66,91,,,,,,Medium
AUD_4467,Spontaneous,179,12,20.88,148,,,,,,Low
AUD_4468,Reading,163,2,40.87,125,,,,,,Medium
AUD_4469,Reading,114,11,89.72,153,,,,,,High
AUD_4470,Spontaneous,178,6,49.95,170,,,,,,High
AUD_4471,Reading,91,6,82.19,114,,,,,,High
AUD_4472,Spontaneous,129,6,42.96,194,,,,,,Medium
AUD_4473,Reading,141,13,56.77,87,,,,,,Medium
AUD_4474,Reading,93,2,79.8,77,,,,,,High
AUD_4475,Reading,104,2,62.41,82,,,,,,Low
AUD_4476,Spontaneous,113,11,70.76,160,,,,,,High
AUD_4477,Spontaneous,155,13,36.02,175,,,,,,High
AUD_4478,Spontaneous,175,3,30.91,177,,,,,,Medium
AUD_4479,Reading,146,2,36.12,119,,,,,,Medium
AUD_4480,Spontaneous,141,14,54.51,134,,,,,,Medium
AUD_4481,Reading,138,9,76.07,181,,,,,,Medium
AUD_4482,Reading,122,13,44.78,168,,,,,,High
AUD_4483,Spontaneous,164,13,59.54,59,,,,,,High
AUD_4484,Reading,139,5,76.34,85,,,,,,High
AUD_4485,Reading,111,7,36.71,122,,,,,,Medium
AUD_4486,Reading,102,9,81.81,181,,,,,,High
AUD_4487,Spontaneous,179,6,86.72,171,,,,,,High
AUD_4488,Spontaneous,92,7,22.73,185,,,,,,Medium
AUD_4489,Spontaneous,174,5,24.14,76,,,,,,High
AUD_4490,Reading,110,7,26.37,186,,,,,,Medium
AUD_4491,Reading,149,7,74.37,90,,,,,,High
AUD_4492,Spontaneous,117,4,33.25,153,,,,,,Medium
AUD_4493,Reading,167,5,70.8,75,,,,,,Medium
AUD_4494,Spontaneous,139,7,50.89,181,,,,,,Medium
AUD_4495,Spontaneous,103,9,78.54,165,,,,,,Medium
AUD_4496,Spontaneous,114,14,76.6,178,,,,,,Medium
AUD_4497,Spontaneous,119,8,87.18,197,,,,,,High
AUD_4498,Reading,170,5,37.57,141,,,,,,High
AUD_4499,Reading,159,4,36.05,145,,,,,,High
AUD_4500,Reading,165,12,22.21,101,,,,,,High
AUD_4501,Spontaneous,95,9,48.73,143,,,,,,High
AUD_4502,Reading,142,7,52.13,113,,,,,,High
AUD_4503,Spontaneous,180,13,87.52,70,,,,,,High
AUD_4504,Spontaneous,161,9,78.15,155,,,,,,Medium
AUD_4505,Spontaneous,101,10,31.68,129,,,,,,Medium
AUD_4506,Reading,151,10,75.89,125,,,,,,High
AUD_4507,Spontaneous,157,11,32.48,145,,,,,,High
AUD_4508,Reading,136,12,25.44,74,,,,,,Low
AUD_4509,Reading,97,10,78.6,75,,,,,,High
AUD_4510,Reading,93,11,88.32,149,,,,,,High
AUD_4511,Reading,174,2,26.17,130,,,,,,Medium
AUD_4512,Reading,113,13,76.97,76,,,,,,High
AUD_4513,Reading,124,4,80.14,112,,,,,,High
AUD_4514,Reading,162,10,28.31,135,,,,,,Medium
AUD_4515,Reading,152,5,39.83,167,,,,,,High
AUD_4516,Spontaneous,177,11,71.36,87,,,,,,High
AUD_4517,Spontaneous,98,13,76.54,95,,,,,,Medium
AUD_4518,Reading,154,3,44.78,176,,,,,,High
AUD_4519,Reading,97,2,31.2,120,,,,,,Medium
AUD_4520,Reading,90,6,65.38,180,,,,,,Medium
AUD_4521,Reading,101,5,69.14,183,,,,,,Medium
AUD_4522,Reading,146,6,55.25,62,,,,,,High
AUD_4523,Spontaneous,151,12,30.15,139,,,,,,Medium
AUD_4524,Reading,129,6,79.11,161,,,,,,High
AUD_4525,Reading,94,9,65.17,82,,,,,,High
AUD_4526,Reading,147,7,80.84,111,,,,,,Medium
AUD_4527,Spontaneous,98,4,85.31,112,,,,,,High
AUD_4528,Spontaneous,103,10,76.4,105,,,,,,Medium
AUD_4529,Reading,136,9,87.11,88,,,,,,Medium
AUD_4530,Spontaneous,121,10,86.8,109,,,,,,Medium
AUD_4531,Spontaneous,132,5,63.35,154,,,,,,Medium
AUD_4532,Spontaneous,147,14,70.97,176,,,,,,Medium
AUD_4533,Spontaneous,104,9,68.96,132,,,,,,Medium
AUD_4534,Spontaneous,170,12,63.48,154,,,,,,Medium
AUD_4535,Spontaneous,140,4,21.35,123,,,,,,High
AUD_4536,Spontaneous,92,6,44.91,184,,,,,,Medium
AUD_4537,Spontaneous,147,8,27.01,171,,,,,,High
AUD_4538,Reading,132,2,41.02,111,,,,,,Medium
AUD_4539,Reading,153,2,24.8,50,,,,,,Medium
AUD_4540,Spontaneous,161,4,84.4,128,,,,,,Medium
AUD_4541,Spontaneous,174,5,51.59,167,,,,,,High
AUD_4542,Reading,180,2,33.26,114,,,,,,Medium
AUD_4543,Reading,139,9,60.93,115,,,,,,High
AUD_4544,Spontaneous,141,3,33.75,116,,,,,,Medium
AUD_4545,Reading,92,12,76.31,149,,,,,,Medium
AUD_4546,Spontaneous,168,6,41.41,103,,,,,,High
AUD_4547,Reading,93,14,42.04,170,,,,,,Medium
AUD_4548,Spontaneous,147,7,80.9,149,,,,,,Medium
AUD_4549,Reading,99,12,59.14,152,,,,,,Medium
AUD_4550,Spontaneous,116,7,82.11,157,,,,,,Low
AUD_4551,Reading,103,7,48.9,61,,,,,,High
AUD_4552,Reading,102,12,44.07,197,,,,,,Medium
AUD_4553,Spontaneous,97,2,55.43,136,,,,,,Medium
AUD_4554,Spontaneous,119,4,24.3,135,,,,,,High
AUD_4555,Reading,128,4,30.79,81,,,,,,High
AUD_4556,Reading,132,9,35.37,120,,,,,,Medium
AUD_4557,Spontaneous,130,7,77.17,93,,,,,,Medium
AUD_4558,Reading,137,3,71.37,115,,,,,,Medium
AUD_4559,Reading,167,14,33.53,127,,,,,,Medium
AUD_4560,Reading,147,2,39.37,104,,,,,,Medium
AUD_4561,Reading,92,5,86.1,65,,,,,,Medium
AUD_4562,Reading,106,2,26.01,137,,,,,,High
AUD_4563,Spontaneous,121,6,58.32,120,,,,,,High
AUD_4564,Reading,175,13,56.54,117,,,,,,Medium
AUD_4565,Reading,97,12,70.8,173,,,,,,High
AUD_4566,Spontaneous,154,9,38.3,182,,,,,,Medium
AUD_4567,Spontaneous,93,11,85.43,54,,,,,,Medium
AUD_4568,Spontaneous,123,3,48.74,174,,,,,,High
AUD_4569,Spontaneous,159,9,40.0,180,,,,,,High
AUD_4570,Spontaneous,121,14,43.58,185,,,,,,Medium
AUD_4571,Reading,129,9,44.41,123,,,,,,High
AUD_4572,Reading,171,7,33.92,174,,,,,,High
AUD_4573,Reading,96,9,84.96,147,,,,,,Medium
AUD_4574,Spontaneous,137,14,32.24,172,,,,,,High
AUD_4575,Spontaneous,123,3,81.8,149,,,,,,High
AUD_4576,Spontaneous,177,8,48.35,102,,,,,,Medium
AUD_4577,Reading,161,13,38.85,125,,,,,,High
AUD_4578,Reading,101,9,33.9,177,,,,,,Low
AUD_4579,Reading,173,5,55.3,63,,,,,,High
AUD_4580,Reading,109,10,66.85,54,,,,,,Medium
AUD_4581,Reading,98,12,82.88,161,,,,,,High
AUD_4582,Reading,139,7,65.67,76,,,,,,Medium
AUD_4583,Spontaneous,156,13,53.86,174,,,,,,High
AUD_4584,Reading,154,4,22.34,78,,,,,,High
AUD_4585,Reading,138,14,84.08,52,,,,,,High
AUD_4586,Reading,134,5,83.17,186,,,,,,High
AUD_4587,Reading,177,13,46.51,50,,,,,,Medium
AUD_4588,Reading,164,5,22.03,72,,,,,,High
AUD_4589,Spontaneous,153,2,71.34,116,,,,,,High
AUD_4590,Reading,108,14,75.42,55,,,,,,Medium
AUD_4591,Reading,164,11,57.97,98,,,,,,Medium
AUD_4592,Spontaneous,157,2,48.2,192,,,,,,Medium
AUD_4593,Spontaneous,179,2,79.58,79,,,,,,Medium
AUD_4594,Reading,102,5,33.48,89,,,,,,High
AUD_4595,Reading,154,2,50.77,112,,,,,,Medium
AUD_4596,Reading,178,7,21.71,97,,,,,,High
AUD_4597,Reading,132,3,31.48,173,,,,,,Medium
AUD_4598,Reading,156,2,85.86,117,,,,,,Medium
AUD_4599,Spontaneous,178,8,60.47,184,,,,,,Medium
AUD_4600,Spontaneous,139,7,76.39,92,,,,,,High
AUD_4601,Reading,153,2,54.06,193,,,,,,Medium
AUD_4602,Reading,92,13,78.44,71,,,,,,Medium
AUD_4603,Spontaneous,137,14,57.73,112,,,,,,Medium
AUD_4604,Spontaneous,113,11,20.32,90,,,,,,High
AUD_4605,Reading,102,13,82.98,99,,,,,,High
AUD_4606,Reading,154,10,30.4,116,,,,,,High
AUD_4607,Reading,94,7,51.54,135,,,,,,Medium
AUD_4608,Reading,171,3,53.37,86,,,,,,High
AUD_4609,Reading,137,8,23.31,199,,,,,,Medium
AUD_4610,Reading,148,4,23.71,76,,,,,,Medium
AUD_4611,Spontaneous,113,8,73.38,169,,,,,,Medium
AUD_4612,Spontaneous,106,10,41.03,179,,,,,,Low
AUD_4613,Spontaneous,112,6,48.67,71,,,,,,High
AUD_4614,Spontaneous,111,2,59.49,66,,,,,,Medium
AUD_4615,Reading,168,6,46.14,161,,,,,,High
AUD_4616,Spontaneous,161,9,74.25,174,,,,,,High
AUD_4617,Spontaneous,167,9,81.91,105,,,,,,Medium
AUD_4618,Reading,156,4,24.18,92,,,,,,Low
AUD_4619,Spontaneous,148,5,64.48,170,,,,,,Medium
AUD_4620,Reading,138,13,42.24,182,,,,,,Medium
AUD_4621,Reading,114,9,60.83,179,,,,,,Medium
AUD_4622,Spontaneous,153,9,53.87,170,,,,,,Medium
AUD_4623,Spontaneous,102,8,43.36,181,,,,,,High
AUD_4624,Spontaneous,136,7,26.64,161,,,,,,Medium
AUD_4625,Reading,108,5,59.16,183,,,,,,Medium
AUD_4626,Spontaneous,135,11,27.9,54,,,,,,High
AUD_4627,Reading,116,14,30.93,110,,,,,,High
AUD_4628,Spontaneous,95,10,88.75,105,,,,,,Medium
AUD_4629,Reading,135,3,42.17,151,,,,,,High
AUD_4630,Spontaneous,106,3,60.91,168,,,,,,High
AUD_4631,Spontaneous,104,2,39.06,62,,,,,,High
AUD_4632,Reading,125,12,80.59,75,,,,,,High
AUD_4633,Spontaneous,123,13,39.83,113,,,,,,Medium
AUD_4634,Spontaneous,168,4,45.68,188,,,,,,High
AUD_4635,Reading,141,4,62.59,111,,,,,,Medium
AUD_4636,Spontaneous,167,5,80.9,173,,,,,,Medium
AUD_4637,Spontaneous,103,4,77.13,119,,,,,,Medium
AUD_4638,Reading,122,11,38.47,124,,,,,,High
AUD_4639,Spontaneous,140,7,78.07,59,,,,,,High
AUD_4640,Reading,104,10,69.08,193,,,,,,Medium
AUD_4641,Spontaneous,102,9,89.29,61,,,,,,Medium
AUD_4642,Spontaneous,150,7,85.48,137,,,,,,Low
AUD_4643,Reading,149,9,57.32,99,,,,,,Medium
AUD_4644,Spontaneous,111,9,72.5,192,,,,,,High
AUD_4645,Reading,110,11,59.91,108,,,,,,Medium
AUD_4646,Reading,157,7,61.65,111,,,,,,High
AUD_4647,Spontaneous,101,3,27.11,121,,,,,,Medium
AUD_4648,Reading,173,6,20.16,99,,,,,,High
AUD_4649,Spontaneous,175,5,23.37,103,,,,,,Medium
AUD_4650,Reading,168,13,87.66,103,,,,,,Medium
AUD_4651,Spontaneous,109,7,28.84,153,,,,,,Medium
AUD_4652,Spontaneous,92,3,23.11,100,,,,,,High
AUD_4653,Reading,174,5,41.68,123,,,,,,High
AUD_4654,Spontaneous,121,14,61.17,178,,,,,,High
AUD_4655,Spontaneous,118,9,86.39,134,,,,,,Medium
AUD_4656,Spontaneous,114,2,68.99,118,,,,,,High
AUD_4657,Reading,112,4,39.34,178,,,,,,Medium
AUD_4658,Spontaneous,156,5,85.73,166,,,,,,Medium
AUD_4659,Spontaneous,172,3,22.52,104,,,,,,Medium
AUD_4660,Reading,161,13,88.53,134,,,,,,Medium
AUD_4661,Spontaneous,151,3,24.1,138,,,,,,Low
AUD_4662,Reading,116,7,72.77,122,,,,,,Medium
AUD_4663,Reading,139,7,23.17,129,,,,,,Medium
AUD_4664,Spontaneous,111,4,85.21,159,,,,,,Low
AUD_4665,Reading,100,9,27.61,110,,,,,,Medium
AUD_4666,Spontaneous,101,13,23.53,152,,,,,,Medium
AUD_4667,Spontaneous,144,4,82.25,162,,,,,,High
AUD_4668,Spontaneous,93,3,26.71,129,,,,,,High
AUD_4669,Reading,178,6,75.86,191,,,,,,High
AUD_4670,Reading,180,14,72.29,161,,,,,,High
AUD_4671,Spontaneous,103,8,61.92,147,,,,,,High
AUD_4672,Spontaneous,128,2,46.46,137,,,,,,High
AUD_4673,Reading,159,3,84.09,149,,,,,,Medium
AUD_4674,Spontaneous,176,3,80.98,169,,,,,,Medium
AUD_4675,Reading,170,9,49.84,178,,,,,,High
AUD_4676,Reading,113,11,36.22,96,,,,,,Medium
AUD_4677,Spontaneous,98,7,39.08,198,,,,,,High
AUD_4678,Spontaneous,116,14,35.42,88,,,,,,Medium
AUD_4679,Spontaneous,129,14,57.89,52,,,,,,Medium
AUD_4680,Reading,122,14,80.8,193,,,,,,High
AUD_4681,Reading,160,5,74.15,117,,,,,,High
AUD_4682,Reading,113,5,75.69,62,,,,,,Medium
AUD_4683,Reading,167,6,51.38,69,,,,,,Medium
AUD_4684,Spontaneous,110,4,42.57,132,,,,,,Medium
AUD_4685,Reading,123,13,73.01,76,,,,,,Medium
AUD_4686,Spontaneous,130,5,75.53,179,,,,,,Medium
AUD_4687,Reading,116,13,68.67,59,,,,,,High
AUD_4688,Reading,159,5,22.25,138,,,,,,Medium
AUD_4689,Spontaneous,127,8,61.28,68,,,,,,Medium
AUD_4690,Reading,170,8,44.29,192,,,,,,Medium
AUD_4691,Spontaneous,177,2,33.73,152,,,,,,High
AUD_4692,Reading,167,13,68.61,96,,,,,,High
AUD_4693,Spontaneous,137,4,38.8,65,,,,,,High
AUD_4694,Reading,136,10,83.9,130,,,,,,Medium
AUD_4695,Reading,109,7,40.87,181,,,,,,Medium
AUD_4696,Spontaneous,143,7,58.86,162,,,,,,High
AUD_4697,Spontaneous,176,5,77.94,115,,,,,,Medium
AUD_4698,Spontaneous,97,11,48.15,103,,,,,,High
AUD_4699,Reading,158,10,78.01,51,,,,,,High
AUD_4700,Reading,168,13,70.66,110,,,,,,High
AUD_4701,Reading,179,4,84.46,64,,,,,,High
AUD_4702,Reading,120,9,42.81,109,,,,,,Medium
AUD_4703,Reading,122,14,27.35,161,,,,,,Medium
AUD_4704,Reading,111,7,50.12,92,,,,,,High
AUD_4705,Spontaneous,161,13,75.01,142,,,,,,Low
AUD_4706,Reading,103,3,51.53,79,,,,,,Medium
AUD_4707,Reading,114,4,38.34,112,,,,,,High
AUD_4708,Spontaneous,117,2,21.93,73,,,,,,High
AUD_4709,Spontaneous,124,4,41.91,63,,,,,,Medium
AUD_4710,Spontaneous,128,5,69.94,77,,,,,,High
AUD_4711,Spontaneous,140,7,30.33,191,,,,,,High
AUD_4712,Spontaneous,175,11,43.86,157,,,,,,Medium
AUD_4713,Reading,112,8,21.42,83,,,,,,High
AUD_4714,Reading,160,4,70.52,127,,,,,,High
AUD_4715,Spontaneous,151,12,81.65,61,,,,,,High
AUD_4716,Spontaneous,100,14,59.8,110,,,,,,Medium
AUD_4717,Reading,163,8,21.81,154,,,,,,High
AUD_4718,Spontaneous,98,14,35.23,89,,,,,,High
AUD_4719,Reading,156,5,50.69,197,,,,,,Low
AUD_4720,Reading,154,2,61.13,56,,,,,,Medium
AUD_4721,Spontaneous,152,2,54.74,128,,,,,,Medium
AUD_4722,Reading,115,9,84.11,170,,,,,,Medium
AUD_4723,Reading,142,11,85.7,122,,,,,,Medium
AUD_4724,Reading,159,8,27.5,117,,,,,,High
AUD_4725,Reading,147,5,29.69,80,,,,,,Medium
AUD_4726,Spontaneous,162,2,45.06,119,,,,,,Medium
AUD_4727,Spontaneous,152,7,49.49,96,,,,,,Low
AUD_4728,Spontaneous,115,12,61.02,107,,,,,,Medium
AUD_4729,Spontaneous,104,13,74.12,199,,,,,,Medium
AUD_4730,Spontaneous,147,12,29.5,73,,,,,,High
AUD_4731,Reading,158,11,76.18,83,,,,,,High
AUD_4732,Reading,103,8,62.7,112,,,,,,Medium
AUD_4733,Reading,106,7,88.66,196,,,,,,Medium
AUD_4734,Reading,91,13,65.58,73,,,,,,High
AUD_4735,Spontaneous,138,7,70.13,113,,,,,,Medium
AUD_4736,Spontaneous,139,9,33.66,197,,,,,,Medium
AUD_4737,Reading,135,7,73.82,165,,,,,,Medium
AUD_4738,Spontaneous,118,3,25.55,147,,,,,,High
AUD_4739,Reading,128,8,65.96,76,,,,,,High
AUD_4740,Reading,159,14,23.89,93,,,,,,Medium
AUD_4741,Spontaneous,106,11,28.07,142,,,,,,High
AUD_4742,Spontaneous,108,14,27.55,114,,,,,,Medium
AUD_4743,Spontaneous,150,5,23.67,168,,,,,,Medium
AUD_4744,Reading,168,12,42.48,103,,,,,,Medium
AUD_4745,Spontaneous,121,12,89.6,169,,,,,,Medium
AUD_4746,Reading,174,4,44.38,56,,,,,,Medium
AUD_4747,Spontaneous,95,9,73.25,103,,,,,,High
AUD_4748,Reading,101,11,29.26,92,,,,,,High
AUD_4749,Spontaneous,131,13,51.81,69,,,,,,Medium
AUD_4750,Reading,155,13,32.96,133,,,,,,Medium
AUD_4751,Reading,123,6,33.45,92,,,,,,Medium
AUD_4752,Spontaneous,140,5,26.98,176,,,,,,Medium
AUD_4753,Reading,93,12,50.24,85,,,,,,Medium
AUD_4754,Spontaneous,132,5,25.29,115,,,,,,Low
AUD_4755,Spontaneous,112,6,83.69,170,,,,,,Medium
AUD_4756,Spontaneous,136,13,51.35,58,,,,,,Low
AUD_4757,Reading,137,5,78.7,132,,,,,,Medium
AUD_4758,Spontaneous,158,4,88.56,128,,,,,,High
AUD_4759,Reading,139,5,67.44,70,,,,,,High
AUD_4760,Spontaneous,145,11,83.11,65,,,,,,Medium
AUD_4761,Spontaneous,138,14,29.48,75,,,,,,Medium
AUD_4762,Reading,179,14,78.1,78,,,,,,High
AUD_4763,Reading,161,6,38.99,147,,,,,,Medium
AUD_4764,Spontaneous,158,13,53.08,120,,,,,,Low
AUD_4765,Reading,146,3,65.26,192,,,,,,High
AUD_4766,Spontaneous,138,8,83.25,66,,,,,,High
AUD_4767,Reading,121,6,83.77,186,,,,,,Medium
AUD_4768,Reading,161,10,26.45,81,,,,,,High
AUD_4769,Spontaneous,107,7,45.52,115,,,,,,High
AUD_4770,Reading,93,12,75.52,108,,,,,,Medium
AUD_4771,Spontaneous,153,2,69.22,160,,,,,,Medium
AUD_4772,Spontaneous,103,10,21.84,132,,,,,,Medium
AUD_4773,Reading,171,6,51.49,159,,,,,,Medium
AUD_4774,Spontaneous,159,10,78.05,108,,,,,,Medium
AUD_4775,Reading,144,2,71.64,79,,,,,,Medium
AUD_4776,Reading,118,3,48.83,60,,,,,,Medium
AUD_4777,Spontaneous,147,4,71.46,168,,,,,,High
AUD_4778,Reading,133,13,58.58,143,,,,,,High
AUD_4779,Spontaneous,116,6,83.88,51,,,,,,High
AUD_4780,Spontaneous,175,7,61.1,80,,,,,,Medium
AUD_4781,Reading,105,6,48.05,112,,,,,,High
AUD_4782,Reading,158,2,80.4,166,,,,,,Medium
AUD_4783,Spontaneous,162,5,23.49,176,,,,,,High
AUD_4784,Spontaneous,176,7,83.04,85,,,,,,Low
AUD_4785,Spontaneous,139,5,68.74,89,,,,,,Medium
AUD_4786,Reading,138,5,85.84,72,,,,,,High
AUD_4787,Reading,173,6,37.54,67,,,,,,High
AUD_4788,Spontaneous,162,9,68.64,128,,,,,,Medium
AUD_4789,Reading,159,6,76.66,83,,,,,,Medium
AUD_4790,Spontaneous,161,8,69.15,156,,,,,,Medium
AUD_4791,Reading,134,9,34.72,98,,,,,,High
AUD_4792,Spontaneous,94,7,39.29,111,,,,,,Medium
AUD_4793,Spontaneous,108,7,59.67,91,,,,,,Medium
AUD_4794,Spontaneous,148,3,51.27,73,,,,,,High
AUD_4795,Spontaneous,126,14,71.46,126,,,,,,Low
AUD_4796,Spontaneous,145,14,46.51,144,,,,,,High
AUD_4797,Spontaneous,140,11,80.16,132,,,,,,Medium
AUD_4798,Reading,129,6,50.23,142,,,,,,High
AUD_4799,Spontaneous,111,2,22.8,71,,,,,,High
AUD_4800,Spontaneous,155,10,21.22,154,,,,,,Medium
AUD_4801,Spontaneous,172,8,65.27,134,,,,,,Medium
AUD_4802,Spontaneous,159,3,57.84,110,,,,,,High
AUD_4803,Spontaneous,101,7,57.99,118,,,,,,High
AUD_4804,Reading,138,11,75.3,55,,,,,,Low
AUD_4805,Spontaneous,165,10,46.3,134,,,,,,Medium
AUD_4806,Spontaneous,143,13,89.68,163,,,,,,High
AUD_4807,Spontaneous,130,6,86.19,188,,,,,,High
AUD_4808,Spontaneous,116,4,20.91,73,,,,,,Medium
AUD_4809,Reading,120,12,82.7,128,,,,,,High
AUD_4810,Reading,112,11,67.64,159,,,,,,Medium
AUD_4811,Spontaneous,108,12,55.15,153,,,,,,Medium
AUD_4812,Spontaneous,143,5,60.79,100,,,,,,High
AUD_4813,Reading,136,4,78.93,68,,,,,,Medium
AUD_4814,Spontaneous,156,2,86.57,180,,,,,,Medium
AUD_4815,Reading,118,11,59.22,180,,,,,,High
AUD_4816,Spontaneous,131,12,32.69,177,,,,,,Medium
AUD_4817,Reading,151,14,64.78,141,,,,,,Medium
AUD_4818,Reading,177,8,25.34,80,,,,,,High
AUD_4819,Spontaneous,121,9,64.46,155,,,,,,Medium
AUD_4820,Spontaneous,117,3,76.6,173,,,,,,High
AUD_4821,Spontaneous,130,9,44.73,162,,,,,,High
AUD_4822,Spontaneous,155,13,24.98,185,,,,,,Medium
AUD_4823,Reading,177,10,68.46,66,,,,,,Low
AUD_4824,Reading,138,8,43.75,148,,,,,,Medium
AUD_4825,Spontaneous,163,12,37.44,149,,,,,,Medium
AUD_4826,Reading,132,2,68.24,153,,,,,,Medium
AUD_4827,Spontaneous,94,5,87.87,94,,,,,,Medium
AUD_4828,Spontaneous,170,8,72.17,146,,,,,,Medium
AUD_4829,Spontaneous,116,7,54.39,109,,,,,,High
AUD_4830,Reading,102,12,62.04,163,,,,,,Medium
AUD_4831,Spontaneous,180,9,29.96,70,,,,,,High
AUD_4832,Reading,121,7,76.92,161,,,,,,High
AUD_4833,Spontaneous,102,11,62.3,198,,,,,,High
AUD_4834,Reading,118,7,87.61,174,,,,,,Medium
AUD_4835,Reading,136,11,88.56,77,,,,,,High
AUD_4836,Reading,98,7,44.82,130,,,,,,Medium
AUD_4837,Reading,122,8,89.2,131,,,,,,Medium
AUD_4838,Spontaneous,150,6,86.98,95,,,,,,Medium
AUD_4839,Reading,172,13,64.79,93,,,,,,High
AUD_4840,Reading,126,12,43.34,138,,,,,,High
AUD_4841,Spontaneous,141,10,72.73,167,,,,,,High
AUD_4842,Reading,147,8,38.99,169,,,,,,High
AUD_4843,Spontaneous,96,2,64.09,112,,,,,,Medium
AUD_4844,Reading,121,12,21.72,126,,,,,,Low
AUD_4845,Spontaneous,152,13,64.0,137,,,,,,Medium
AUD_4846,Reading,156,13,86.61,189,,,,,,Medium
AUD_4847,Reading,122,10,36.46,127,,,,,,Medium
AUD_4848,Reading,91,12,74.47,113,,,,,,Medium
AUD_4849,Reading,91,7,40.54,53,,,,,,High
AUD_4850,Spontaneous,138,12,69.55,132,,,,,,Medium
AUD_4851,Reading,140,9,69.0,55,,,,,,Medium
AUD_4852,Spontaneous,140,10,32.93,140,,,,,,Medium
AUD_4853,Spontaneous,155,12,61.8,71,,,,,,High
AUD_4854,Spontaneous,173,12,80.14,194,,,,,,Medium
AUD_4855,Spontaneous,179,3,46.78,78,,,,,,Medium
AUD_4856,Reading,153,3,69.72,194,,,,,,Medium
AUD_4857,Reading,136,6,67.21,51,,,,,,Medium
AUD_4858,Reading,103,6,38.03,81,,,,,,High
AUD_4859,Reading,125,13,84.31,199,,,,,,Medium
AUD_4860,Reading,142,11,59.45,152,,,,,,High
AUD_4861,Reading,180,11,44.87,181,,,,,,High
AUD_4862,Spontaneous,101,3,31.51,166,,,,,,High
AUD_4863,Spontaneous,161,11,53.14,190,,,,,,Medium
AUD_4864,Reading,180,5,71.11,110,,,,,,Medium
AUD_4865,Reading,162,10,63.65,113,,,,,,High
AUD_4866,Reading,159,5,70.89,126,,,,,,High
AUD_4867,Spontaneous,113,2,75.42,82,,,,,,Medium
AUD_4868,Reading,90,6,50.87,147,,,,,,High
AUD_4869,Reading,110,3,56.41,175,,,,,,High
AUD_4870,Reading,161,7,89.05,110,,,,,,Medium
AUD_4871,Spontaneous,100,2,87.76,81,,,,,,Medium
AUD_4872,Spontaneous,117,8,49.04,188,,,,,,Medium
AUD_4873,Reading,141,8,67.96,67,,,,,,High
AUD_4874,Spontaneous,142,5,38.73,94,,,,,,High
AUD_4875,Spontaneous,139,10,30.69,70,,,,,,Low
AUD_4876,Spontaneous,178,4,73.79,61,,,,,,Medium
AUD_4877,Reading,91,6,50.53,152,,,,,,High
AUD_4878,Reading,134,6,32.39,69,,,,,,Medium
AUD_4879,Spontaneous,135,9,73.12,56,,,,,,High
AUD_4880,Spontaneous,116,11,84.06,140,,,,,,High
AUD_4881,Spontaneous,137,11,85.33,179,,,,,,Medium
AUD_4882,Reading,151,5,61.74,92,,,,,,Medium
AUD_4883,Spontaneous,151,2,53.57,146,,,,,,Medium
AUD_4884,Spontaneous,98,12,29.93,70,,,,,,Low
AUD_4885,Reading,162,6,75.5,78,,,,,,High
AUD_4886,Spontaneous,174,2,86.17,81,,,,,,High
AUD_4887,Spontaneous,101,4,82.26,125,,,,,,Medium
AUD_4888,Reading,128,7,72.62,152,,,,,,High
AUD_4889,Spontaneous,136,2,20.32,162,,,,,,High
AUD_4890,Spontaneous,102,11,48.54,153,,,,,,Medium
AUD_4891,Spontaneous,135,14,48.75,180,,,,,,Medium
AUD_4892,Spontaneous,109,4,82.61,88,,,,,,Medium
AUD_4893,Reading,174,8,24.6,100,,,,,,High
AUD_4894,Reading,130,3,57.19,165,,,,,,High
AUD_4895,Reading,180,7,29.53,57,,,,,,High
AUD_4896,Spontaneous,94,8,66.36,159,,,,,,Medium
AUD_4897,Reading,101,13,75.46,95,,,,,,Medium
AUD_4898,Reading,130,13,64.94,55,,,,,,Medium
AUD_4899,Spontaneous,169,3,75.62,161,,,,,,High
AUD_4900,Reading,140,12,62.52,107,,,,,,Medium
AUD_4901,Spontaneous,156,12,33.29,171,,,,,,Medium
AUD_4902,Spontaneous,128,6,46.79,164,,,,,,High
AUD_4903,Spontaneous,94,11,86.98,103,,,,,,High
AUD_4904,Reading,148,13,40.17,125,,,,,,High
AUD_4905,Reading,147,11,24.4,97,,,,,,High
AUD_4906,Spontaneous,96,2,46.94,119,,,,,,High
AUD_4907,Reading,105,4,45.64,96,,,,,,High
AUD_4908,Spontaneous,133,2,52.92,166,,,,,,High
AUD_4909,Reading,130,13,59.22,72,,,,,,Medium
AUD_4910,Reading,158,4,89.47,191,,,,,,Medium
AUD_4911,Reading,125,5,72.94,110,,,,,,Medium
AUD_4912,Reading,150,13,22.51,175,,,,,,Medium
AUD_4913,Reading,153,13,69.89,125,,,,,,Medium
AUD_4914,Spontaneous,148,6,77.7,114,,,,,,Medium
AUD_4915,Reading,144,5,82.69,145,,,,,,High
AUD_4916,Reading,163,5,49.68,155,,,,,,Medium
AUD_4917,Reading,149,10,41.95,178,,,,,,Medium
AUD_4918,Reading,165,10,78.75,88,,,,,,High
AUD_4919,Reading,147,10,74.43,93,,,,,,High
AUD_4920,Spontaneous,104,12,57.52,154,,,,,,Medium
AUD_4921,Spontaneous,118,6,28.25,143,,,,,,Medium
AUD_4922,Spontaneous,120,12,65.62,182,,,,,,High
AUD_4923,Reading,98,14,24.6,172,,,,,,Medium
AUD_4924,Reading,152,6,27.03,173,,,,,,Medium
AUD_4925,Spontaneous,144,3,43.18,158,,,,,,Medium
AUD_4926,Spontaneous,143,7,45.98,121,,,,,,Medium
AUD_4927,Spontaneous,133,3,52.34,114,,,,,,Medium
AUD_4928,Spontaneous,139,11,43.74,128,,,,,,Medium
AUD_4929,Reading,91,14,22.37,137,,,,,,Medium
AUD_4930,Spontaneous,99,6,31.02,192,,,,,,Medium
AUD_4931,Reading,152,12,28.06,55,,,,,,Medium
AUD_4932,Spontaneous,114,14,50.18,115,,,,,,Medium
AUD_4933,Reading,100,13,34.85,118,,,,,,Medium
AUD_4934,Reading,120,13,40.55,164,,,,,,Medium
AUD_4935,Reading,113,6,53.01,154,,,,,,Medium
AUD_4936,Spontaneous,93,5,36.49,147,,,,,,High
AUD_4937,Reading,127,6,37.22,145,,,,,,High
AUD_4938,Reading,92,8,78.32,95,,,,,,Medium
AUD_4939,Spontaneous,90,11,58.37,171,,,,,,Medium
AUD_4940,Spontaneous,161,14,79.97,80,,,,,,High
AUD_4941,Spontaneous,118,3,56.02,168,,,,,,Medium
AUD_4942,Spontaneous,141,2,83.65,175,,,,,,Medium
AUD_4943,Spontaneous,117,5,37.83,192,,,,,,High
AUD_4944,Spontaneous,174,8,63.17,197,,,,,,Medium
AUD_4945,Reading,156,2,55.23,181,,,,,,High
AUD_4946,Reading,123,5,84.31,176,,,,,,High
AUD_4947,Spontaneous,109,7,49.29,157,,,,,,High
AUD_4948,Spontaneous,102,7,79.84,187,,,,,,Medium
AUD_4949,Reading,159,2,59.47,90,,,,,,High
AUD_4950,Reading,131,8,69.6,102,,,,,,High
AUD_4951,Reading,111,6,82.08,136,,,,,,Medium
AUD_4952,Spontaneous,173,7,89.78,170,,,,,,Medium
AUD_4953,Reading,125,2,71.18,125,,,,,,Medium
AUD_4954,Reading,139,8,42.02,97,,,,,,High
AUD_4955,Spontaneous,167,5,40.93,192,,,,,,Medium
AUD_4956,Spontaneous,165,4,41.64,184,,,,,,High
AUD_4957,Spontaneous,147,13,26.85,121,,,,,,Medium
AUD_4958,Reading,170,12,23.75,53,,,,,,High
AUD_4959,Spontaneous,176,14,60.66,173,,,,,,Medium
AUD_4960,Reading,174,5,76.74,120,,,,,,High
AUD_4961,Reading,121,10,22.53,175,,,,,,Medium
AUD_4962,Spontaneous,126,6,59.66,108,,,,,,Medium
AUD_4963,Reading,112,13,46.02,158,,,,,,Medium
AUD_4964,Spontaneous,165,6,82.47,90,,,,,,High
AUD_4965,Spontaneous,101,9,30.18,79,,,,,,Medium
AUD_4966,Spontaneous,122,8,59.44,172,,,,,,High
AUD_4967,Spontaneous,91,4,87.96,195,,,,,,High
AUD_4968,Reading,144,14,44.15,79,,,,,,High
AUD_4969,Spontaneous,149,2,71.92,184,,,,,,High
AUD_4970,Reading,112,13,81.77,101,,,,,,High
AUD_4971,Reading,156,12,33.03,72,,,,,,Medium
AUD_4972,Spontaneous,124,14,89.48,173,,,,,,Medium
AUD_4973,Reading,118,3,76.66,120,,,,,,High
AUD_4974,Spontaneous,176,4,29.63,152,,,,,,Medium
AUD_4975,Spontaneous,143,12,41.76,102,,,,,,Medium
AUD_4976,Spontaneous,113,2,63.75,154,,,,,,High
AUD_4977,Reading,178,2,81.94,98,,,,,,High
AUD_4978,Spontaneous,125,9,33.64,160,,,,,,High
AUD_4979,Spontaneous,148,14,71.18,156,,,,,,High
AUD_4980,Reading,155,9,38.95,140,,,,,,Low
AUD_4981,Spontaneous,128,3,76.38,189,,,,,,High
AUD_4982,Spontaneous,138,9,67.84,66,,,,,,High
AUD_4983,Spontaneous,112,12,56.6,93,,,,,,High
AUD_4984,Spontaneous,132,14,65.49,120,,,,,,High
AUD_4985,Spontaneous,118,3,81.35,174,,,,,,Medium
AUD_4986,Spontaneous,139,14,47.05,142,,,,,,High
AUD_4987,Reading,150,12,73.85,109,,,,,,Medium
AUD_4988,Spontaneous,145,6,31.12,102,,,,,,Medium
AUD_4989,Spontaneous,160,2,69.08,123,,,,,,Medium
AUD_4990,Spontaneous,94,10,72.55,193,,,,,,Medium
AUD_4991,Spontaneous,97,5,51.01,156,,,,,,High
AUD_4992,Reading,108,11,75.55,147,,,,,,Medium
AUD_4993,Spontaneous,179,12,59.0,74,,,,,,High
AUD_4994,Reading,162,3,85.54,115,,,,,,High
AUD_4995,Spontaneous,173,2,27.87,99,,,,,,Medium
AUD_4996,Spontaneous,114,7,29.16,118,,,,,,High
AUD_4997,Reading,142,12,78.97,127,,,,,,Medium
AUD_4998,Reading,140,9,78.97,183,,,,,,Medium
AUD_4999,Spontaneous,141,5,52.99,113,,,,,,Medium
